Workbook

Sheet الحظور
A1: تاريخ | D1: 45839 | E1: 45840 | F1: 45841 | G1: 45842 | H1: 45843 | I1: 45844 | J1: 45845 | K1: 45846 | L1: 45847 | M1: 45848 | N1: 45849 | O1: 45850 | P1: 45851 | Q1: 45852 | R1: 45853 | S1: 45854 | T1: 45855 | U1: 45856 | V1: 45857 | W1: 45858 | X1: 45859 | Y1: 45860 | Z1: 45861 | AA1: 45862 | AB1: 45863 | AC1: 45864 | AD1: 45865 | AE1: 45866 | AF1: 45867 | AG1: 45868 | AH1: 45869 | AI1: 45839 | AJ1: 45840 | AK1: 45841 | AL1: 45842 | AM1: 45843 | AN1: 45844 | AO1: 45845 | AP1: 45846 | AQ1: 45847 | AR1: 45848 | AS1: 45849 | AT1: 45850 | AU1: 45851 | AV1: 45852 | AW1: 45853 | AX1: 45854 | AY1: 45855 | AZ1: 45856 | BA1: 45857 | BB1: 45858 | BC1: 45859 | BD1: 45860 | BE1: 45861 | BF1: 45862 | BG1: 45863 | BH1: 45864 | BI1: 45865 | BJ1: 45866 | BK1: 45867 | BL1: 45868 | BM1: 45869 | BN1: 45870 | BR1: 45871 | BV1: 45872 | BZ1: 45873 | CD1: 45874 | CH1: 45875 | CL1: 45876 | CP1: 45877 | CT1: 45878 | CX1: 45879 | DB1: 45880 | DF1: 45881 | DJ1: 45882 | DN1: 45883 | DR1: 45884 | DV1: 45885 | DZ1: 45886 | ED1: 45887 | EH1: 45888 | EL1: 45889 | EP1: 45890 | ET1: 45891 | EX1: 45892 | FB1: 45893 | FF1: 45894 | FJ1: 45895 | FN1: 45896 | FR1: 45897 | FV1: 45898 | FZ1: 45899 | GD1: 45900 | GR1: 45871 | GS1: 45872 | GT1: 45873 | GU1: 45874 | GV1: 45875 | GW1: 45876 | GX1: 45877 | GY1: 45878 | GZ1: 45879 | HA1: 45880 | HB1: 45881 | HC1: 45882 | HD1: 45883 | HE1: 45884 | HF1: 45885 | HG1: 45886 | HH1: 45887 | HI1: 45888 | HJ1: 45889 | HK1: 45890 | HL1: 45891 | HM1: 45892 | HN1: 45893 | HO1: 45894 | HP1: 45895 | HQ1: 45896 | HR1: 45897 | HS1: 45898 | HT1: 45899 | HU1: 45900 | HW1: 45870 | HX1: 45871 | HY1: 45872 | HZ1: 45873 | IA1: 45874 | IB1: 45875 | IC1: 45876 | ID1: 45877 | IE1: 45878 | IF1: 45879 | IG1: 45880 | IH1: 45881 | II1: 45882 | IJ1: 45883 | IK1: 45884 | IL1: 45885 | IM1: 45886 | IN1: 45887 | IO1: 45888 | IP1: 45889 | IQ1: 45890 | IR1: 45891 | IS1: 45892 | IT1: 45893 | IU1: 45894 | IV1: 45895 | IW1: 45896 | IX1: 45897 | IY1: 45898 | IZ1: 45899 | JA1: 45900
A2: اليوم | B2: الحضور | C2: الاضافي | D2: =D1 -> 45839 | E2: =E1 -> 45840 | F2: =F1 -> 45841 | G2: =G1 -> 45842 | H2: =H1 -> 45843 | I2: =I1 -> 45844 | J2: =J1 -> 45845 | K2: =K1 -> 45846 | ... BN2: =BN1 -> 45870 | BR2: =BR1 -> 45871 | BV2: =BV1 -> 45872 | BZ2: =BZ1 -> 45873 | CD2: =CD1 -> 45874 | CH2: =CH1 -> 45875 | CL2: =CL1 -> 45876 | CP2: =CP1 -> 45877 | CT2: =CT1 -> 45878 | CX2: =CX1 -> 45879 | DB2: =DB1 -> 45880 | DF2: =DF1 -> 45881 | DJ2: =DJ1 -> 45882 | DN2: =DN1 -> 45883 | DR2: =DR1 -> 45884 | DV2: =DV1 -> 45885 | DZ2: =DZ1 -> 45886 | ED2: =ED1 -> 45887 | EH2: =EH1 -> 45888 | EL2: =EL1 -> 45889 | EP2: =EP1 -> 45890 | ET2: =ET1 -> 45891 | EX2: =EX1 -> 45892 | FB2: =FB1 -> 45893 | FF2: =FF1 -> 45894 | FJ2: =FJ1 -> 45895 | FN2: =FN1 -> 45896 | FR2: =FR1 -> 45897 | FV2: =FV1 -> 45898 | FZ2: =FZ1 -> 45899 | GD2: =GD1 -> 45900 | GI2: الراتب بالساعات | GJ2: الراتب الاسمي | GK2: القطوعات و الغرامات | GL2: المكافئات و البدلات | GM2: الاجمالي | GN2: الكلي | GO2: المستلم | GR2: =GR1 -> 45871 | GS2: =GS1 -> 45872 | GT2: =GT1 -> 45873 | GU2: =GU1 -> 45874 | GV2: =GV1 -> 45875 | GW2: =GW1 -> 45876 | GX2: =GX1 -> 45877 | GY2: =GY1 -> 45878 | ... HU2: =HU1 -> 45900 | HW2: =HW1 -> 45870 | HX2: =HX1 -> 45871 | HY2: =HY1 -> 45872 | HZ2: =HZ1 -> 45873 | IA2: =IA1 -> 45874 | IB2: =IB1 -> 45875 | IC2: =IC1 -> 45876 | ID2: =ID1 -> 45877 | ... JA2: =JA1 -> 45900
BN3: حضور | BO3: اضافي | BP3: دخول | BQ3: خروج | BR3: حضور | BS3: اضافي | BT3: دخول | BU3: خروج | BV3: حضور | BW3: اضافي | BX3: دخول | BY3: خروج | BZ3: حضور | CA3: اضافي | CB3: دخول | CC3: خروج | CD3: حضور | CE3: اضافي | CF3: دخول | CG3: خروج | CH3: حضور | CI3: اضافي | CJ3: دخول | CK3: خروج | CL3: حضور | CM3: اضافي | CN3: دخول | CO3: خروج | CP3: حضور | CQ3: اضافي | CR3: دخول | CS3: خروج | CT3: حضور | CU3: اضافي | CV3: دخول | CW3: خروج | CX3: حضور | CY3: اضافي | CZ3: دخول | DA3: خروج | DB3: حضور | DC3: اضافي | DD3: دخول | DE3: خروج | DF3: حضور | DG3: اضافي | DH3: دخول | DI3: خروج | DJ3: حضور | DK3: اضافي | DL3: دخول | DM3: خروج | DN3: حضور | DO3: اضافي | DP3: دخول | DQ3: خروج | DR3: حضور | DS3: اضافي | DT3: دخول | DU3: خروج | DV3: حضور | DW3: اضافي | DX3: دخول | DY3: خروج | DZ3: حضور | EA3: اضافي | EB3: دخول | EC3: خروج | ED3: حضور | EE3: اضافي | EF3: دخول | EG3: خروج | EH3: حضور | EI3: اضافي | EJ3: دخول | EK3: خروج | EL3: حضور | EM3: اضافي | EN3: دخول | EO3: خروج | EP3: حضور | EQ3: اضافي | ER3: دخول | ES3: خروج | ET3: حضور | EU3: اضافي | EV3: دخول | EW3: خروج | EX3: حضور | EY3: اضافي | EZ3: دخول | FA3: خروج | FB3: حضور | FC3: اضافي | FD3: دخول | FE3: خروج | FF3: حضور | FG3: اضافي | FH3: دخول | FI3: خروج | FJ3: حضور | FK3: اضافي | FL3: دخول | FM3: خروج | FN3: حضور | FO3: اضافي | FP3: دخول | FQ3: خروج | FR3: حضور | FS3: اضافي | FT3: دخول | FU3: خروج | FV3: حضور | FW3: اضافي | FX3: دخول | FY3: خروج | FZ3: حضور | GA3: اضافي | GB3: دخول | GC3: خروج | GD3: حضور | GE3: اضافي | GF3: دخول | GG3: خروج
A4: الاسم | B4: الحضور | C4: الاضافي | BN4: =BN2 -> 45870 | BR4: =BR2 -> 45871 | BV4: =BV2 -> 45872 | BZ4: =BZ2 -> 45873 | CD4: =CD2 -> 45874 | CH4: =CH2 -> 45875 | CL4: =CL2 -> 45876 | CP4: =CP2 -> 45877 | CT4: =CT2 -> 45878 | CX4: =CX2 -> 45879 | DB4: =DB2 -> 45880 | DF4: =DF2 -> 45881 | DJ4: =DJ2 -> 45882 | DN4: =DN2 -> 45883 | DR4: =DR2 -> 45884 | DV4: =DV2 -> 45885 | DZ4: =DZ2 -> 45886 | ED4: =ED2 -> 45887 | EH4: =EH2 -> 45888 | EL4: =EL2 -> 45889 | EP4: =EP2 -> 45890 | ET4: =ET2 -> 45891 | EX4: =EX2 -> 45892 | FB4: =FB2 -> 45893 | FF4: =FF2 -> 45894 | FJ4: =FJ2 -> 45895 | FN4: =FN2 -> 45896 | FR4: =FR2 -> 45897 | FV4: =FV2 -> 45898 | FZ4: =FZ2 -> 45899 | GD4: =GD2 -> 45900
B5: الحضور | C5: الاضافي
A6: حيدر المحاسب | B6: =SUM(BR6,BV6,BZ6,CD6,CH6,CL6,CT6,CX6,DB6,DF6,DJ6,DN6,DV6,DZ6,ED6,EH6,EL6,EP6,EX6,FB6,FF6,FJ6,FN6,FR6,FZ6,GD6,BN6,BO6,CP6,CQ6,DR6,DS6,ET6,EU6,FV6,FW6,,BN6,BO6,CP6,CQ6,DR6,DS6,ET6,EU6,FV6,FW6)+C6 -> 198.5 | C6: =SUM(BS6,BW6,CA6,CE6,CI6,CM6,CU6,CY6,DC6,DG6,DK6,DO6,DW6,EA6,EE6,EI6,EM6,EQ6,EY6,FC6,FG6,FK6,FO6,FS6,GA6,GE6)*(1.5) -> 10.5 | D6: 9 | E6: 9 | F6: 9 | G6: 20 | H6: 9 | I6: x | J6: 9 | K6: 9 | L6: 8 | M6: 9 | N6: 18 | O6: 9 | P6: 9 | Q6: 8.2 | R6: 9 | S6: 9 | T6: 6 | U6: 18 | W6: 9 | X6: 9 | Y6: 9 | Z6: 9 | AA6: 9 | AB6: 20 | AC6: 9 | AD6: 9 | AF6: 7 | AG6: 9 | AH6: 9 | AJ6: 5 | AK6: 1.75 | AO6: 2 | AP6: 1 | AR6: 0.5 | AT6: 0.25 | AU6: 5.25 | BB6: 1 | BC6: 2 | BD6: 2 | BE6: 2 | BF6: 2 | BH6: 1 | BI6: 7 | BJ6: 10 | BL6: 1 | BM6: 2 | BN6: 10 | BO6: 2 | BR6: 9 | BV6: 9 | BZ6: 9 | CD6: 9 | CL6: 9 | CP6: 22 | CT6: 9 | CU6: 5 | CX6: 7 | DB6: 9 | DR6: 13 | DV6: 9 | DW6: 1 | DZ6: 8 | ED6: 7 | EE6: 1 | GI6: =GJ6/235 -> 2765.9574 | GJ6: 650000 | GK6: ='السلف و الغرامات'!C6 -> #REF! | GL6: 100000 | GM6: =SUM(B6:C6)*(GI6)+GL6-GK6-GO6 -> #REF! | GN6: =SUM(B6:C6)*(GI6)+GL6 -> 678085.11 | GQ6: X | GX6: X | HE6: X | HL6: X | HS6: X
A7: يوسف يعقوب | B7: =SUM(BR7,BV7,BZ7,CD7,CH7,CL7,CT7,CX7,DB7,DF7,DJ7,DN7,DV7,DZ7,ED7,EH7,EL7,EP7,EX7,FB7,FF7,FJ7,FN7,FR7,FZ7,GD7,BN7,BO7,CP7,CQ7,DR7,DS7,ET7,EU7,FV7,FW7,,BN7,BO7,CP7,CQ7,DR7,DS7,ET7,EU7,FV7,FW7)+C7 -> 8 | C7: =SUM(BS7,BW7,CA7,CE7,CI7,CM7,CU7,CY7,DC7,DG7,DK7,DO7,DW7,EA7,EE7,EI7,EM7,EQ7,EY7,FC7,FG7,FK7,FO7,FS7,GA7,GE7)*(1.5) -> 0 | D7: 9 | E7: 9 | F7: 9 | G7: 18 | I7: X | J7: 9 | K7: 8 | M7: 5 | N7: 18 | O7: 9 | Q7: 9 | T7: 8 | U7: X | V7: 9 | W7: 9 | X7: 9 | Y7: 9 | Z7: 9 | AA7: 9 | AB7: 18 | AC7: 9 | AD7: 9 | AE7: 9 | AF7: 9 | AH7: 9 | AJ7: 2 | AK7: 2 | AM7: 2 | AO7: 2 | AT7: 5 | AU7: 1 | AV7: 2 | AW7: 8 | AX7: 1 | AY7: 1 | BA7: 1 | BB7: 4 | BC7: 1 | BD7: 1 | BE7: 1 | BF7: 1 | BH7: 1 | BI7: 1 | BJ7: 1 | BK7: 1 | BM7: 1 | DZ7: 8 | GI7: =GJ7/235 -> 2978.7234 | GJ7: 700000 | GK7: ='السلف و الغرامات'!C7 -> #REF! | GL7: =#REF! -> #REF! | GM7: =SUM(B7:C7)*(GI7)+GL7-GK7-GO7 -> #REF! | GN7: =SUM(B7:C7)*(GI7)+GL7 -> #REF! | GQ7: X | GX7: X | HE7: X | HL7: X | HS7: X
A8: عبد الرضا عقيل | B8: =SUM(BR8,BV8,BZ8,CD8,CH8,CL8,CT8,CX8,DB8,DF8,DJ8,DN8,DV8,DZ8,ED8,EH8,EL8,EP8,EX8,FB8,FF8,FJ8,FN8,FR8,FZ8,GD8,BN8,BO8,CP8,CQ8,DR8,DS8,ET8,EU8,FV8,FW8,,BN8,BO8,CP8,CQ8,DR8,DS8,ET8,EU8,FV8,FW8)+C8 -> 70 | C8: =SUM(BS8,BW8,CA8,CE8,CI8,CM8,CU8,CY8,DC8,DG8,DK8,DO8,DW8,EA8,EE8,EI8,EM8,EQ8,EY8,FC8,FG8,FK8,FO8,FS8,GA8,GE8)*(1.5) -> 0 | E8: 9 | F8: 9 | H8: 9 | I8: X | J8: 9 | K8: 9 | L8: 9 | M8: 9 | N8: 18 | O8: 9 | Q8: 6 | R8: 7 | S8: 8 | T8: 7 | U8: X | V8: 9 | W8: 6 | X8: 9 | Y8: 9 | Z8: 9 | AA8: 9 | AB8: 18 | AC8: 9 | AD8: 9 | AF8: 8 | AG8: 9 | AH8: 9 | AJ8: 3 | AR8: 1 | AT8: 2 | BA8: 3 | BC8: 2 | BD8: 2 | BE8: 1 | BH8: 2 | BI8: 9 | BJ8: 11 | BK8: 1 | BR8: 9 | BV8: 9 | BZ8: 9 | CA8: 0.1 | CH8: 9 | CL8: 9 | CT8: 9 | CU8: 0.1 | CX8: 7 | DZ8: 9 | GI8: =GJ8/235 -> 2978.7234 | GJ8: 700000 | GK8: ='السلف و الغرامات'!C8 -> #REF! | GL8: =#REF! -> #REF! | GM8: =SUM(B8:C8)*(GI8)+GL8-GK8-GO8 -> #REF! | GN8: =SUM(B8:C8)*(GI8)+GL8 -> #REF! | GQ8: X | GX8: X | HE8: X | HL8: X | HS8: X
A9: حيدر يافوز | B9: =SUM(BR9,BV9,BZ9,CD9,CH9,CL9,CT9,CX9,DB9,DF9,DJ9,DN9,DV9,DZ9,ED9,EH9,EL9,EP9,EX9,FB9,FF9,FJ9,FN9,FR9,FZ9,GD9,BN9,BO9,CP9,CQ9,DR9,DS9,ET9,EU9,FV9,FW9,,BN9,BO9,CP9,CQ9,DR9,DS9,ET9,EU9,FV9,FW9)+C9 -> 99 | C9: =SUM(BS9,BW9,CA9,CE9,CI9,CM9,CU9,CY9,DC9,DG9,DK9,DO9,DW9,EA9,EE9,EI9,EM9,EQ9,EY9,FC9,FG9,FK9,FO9,FS9,GA9,GE9)*(1.5) -> 0 | D9: 6.25 | E9: 4 | F9: 8 | I9: X | J9: 8 | K9: 8 | L9: 8 | M9: 9 | N9: 18 | O9: 9 | P9: 8 | Q9: 9 | R9: 9 | S9: 9 | T9: 9 | V9: 9 | W9: 9 | X9: 9 | Y9: 9 | Z9: 9 | AA9: 9 | AB9: 22 | AC9: 9 | AH9: 9 | AR9: 2 | AT9: 3 | AV9: 2 | AW9: 3 | AX9: 1.75 | AY9: 3 | BA9: 2 | BC9: 1 | BD9: 3 | BE9: 2 | BF9: 5 | BH9: 1 | BM9: 1 | BR9: 9 | BV9: 9 | BZ9: 9 | CD9: 9 | CH9: 9 | CL9: 9 | CT9: 9 | CX9: 9 | DB9: 9 | DV9: 9 | DZ9: 9 | GI9: =GJ9/235 -> 1595.7447 | GJ9: 375000 | GK9: ='السلف و الغرامات'!C9 -> #REF! | GL9: =#REF! -> #REF! | GM9: =SUM(B9:C9)*(GI9)+GL9-GK9-GO9 -> #REF! | GN9: =SUM(B9:C9)*(GI9)+GL9 -> #REF! | GQ9: X | GX9: X | HE9: X | HL9: X | HS9: X
A10: أنوار كريم جواد | B10: =SUM(BR10,BV10,BZ10,CD10,CH10,CL10,CT10,CX10,DB10,DF10,DJ10,DN10,DV10,DZ10,ED10,EH10,EL10,EP10,EX10,FB10,FF10,FJ10,FN10,FR10,FZ10,GD10,BN10,BO10,CP10,CQ10,DR10,DS10,ET10,EU10,FV10,FW10,,BN10,BO10,CP10,CQ10,DR10,DS10,ET10,EU10,FV10,FW10)+C10 -> 72.5 | C10: =SUM(BS10,BW10,CA10,CE10,CI10,CM10,CU10,CY10,DC10,DG10,DK10,DO10,DW10,EA10,EE10,EI10,EM10,EQ10,EY10,FC10,FG10,FK10,FO10,FS10,GA10,GE10)*(1.5) -> 1.5 | I10: X | J10: 7.1 | K10: 7.1 | L10: 7.1 | M10: 7.5 | N10: 14 | O10: 7.6 | P10: 7.5 | Q10: 7.5 | R10: 7 | S10: 8 | T10: 9 | U10: 16 | V10: 7 | W10: 8 | X10: 7 | Y10: 8 | Z10: 7 | AA10: 9 | AB10: 18 | AD10: 8 | AE10: 7 | AF10: 8 | AY10: 1 | BN10: 9 | BR10: 7 | BV10: 7 | BZ10: 8 | CD10: 7 | CH10: 8 | CL10: 9 | CM10: 1 | CT10: 7 | GI10: =GJ10/235 -> 1276.5957 | GJ10: 300000 | GK10: ='السلف و الغرامات'!C10 -> #REF! | GL10: =#REF! -> #REF! | GM10: =SUM(B10:C10)*(GI10)+GL10-GK10-GO10 -> #REF! | GN10: =SUM(B10:C10)*(GI10)+GL10 -> #REF! | GQ10: X | GX10: X | HE10: X | HL10: X | HS10: X
A11: سراج عدنان | B11: =SUM(BR11,BV11,BZ11,CD11,CH11,CL11,CT11,CX11,DB11,DF11,DJ11,DN11,DV11,DZ11,ED11,EH11,EL11,EP11,EX11,FB11,FF11,FJ11,FN11,FR11,FZ11,GD11,BN11,BO11,CP11,CQ11,DR11,DS11,ET11,EU11,FV11,FW11,,BN11,BO11,CP11,CQ11,DR11,DS11,ET11,EU11,FV11,FW11)+C11 -> 92.5 | C11: =SUM(BS11,BW11,CA11,CE11,CI11,CM11,CU11,CY11,DC11,DG11,DK11,DO11,DW11,EA11,EE11,EI11,EM11,EQ11,EY11,FC11,FG11,FK11,FO11,FS11,GA11,GE11)*(1.5) -> 4.5 | I11: X | U11: X | AB11: X | BV11: 7 | BZ11: 9 | CA11: 1 | CD11: 9 | CH11: 9 | CL11: 9 | CM11: 2 | CT11: 9 | CX11: 9 | DB11: 9 | DV11: 9 | DZ11: 9 | GI11: =GJ11/235 -> 2553.1915 | GJ11: 600000 | GK11: ='السلف و الغرامات'!C11 -> #REF! | GL11: =#REF! -> #REF! | GM11: =SUM(B11:C11)*(GI11)+GL11-GK11-GO11 -> #REF! | GN11: =SUM(B11:C11)*(GI11)+GL11 -> #REF! | GQ11: X | GX11: X | HE11: X | HL11: X | HS11: X
A12: علي الكهربائي | B12: =SUM(BR12,BV12,BZ12,CD12,CH12,CL12,CT12,CX12,DB12,DF12,DJ12,DN12,DV12,DZ12,ED12,EH12,EL12,EP12,EX12,FB12,FF12,FJ12,FN12,FR12,FZ12,GD12,BN12,BO12,CP12,CQ12,DR12,DS12,ET12,EU12,FV12,FW12,,BN12,BO12,CP12,CQ12,DR12,DS12,ET12,EU12,FV12,FW12)+C12 -> 37 | C12: =SUM(BS12,BW12,CA12,CE12,CI12,CM12,CU12,CY12,DC12,DG12,DK12,DO12,DW12,EA12,EE12,EI12,EM12,EQ12,EY12,FC12,FG12,FK12,FO12,FS12,GA12,GE12)*(1.5) -> 0 | I12: X | J12: 9 | K12: 9 | L12: 8 | M12: 9 | N12: 18 | O12: 9 | P12: 9 | R12: 9 | S12: 9 | T12: 9 | V12: 9 | W12: 9 | X12: 9 | Y12: 7 | Z12: 9 | AA12: 9 | AB12: 18 | AC12: 9 | AD12: 9 | AE12: 7 | AO12: 0.6 | AP12: 0.25 | AU12: 1 | AX12: 2 | AY12: 4.75 | BA12: 0.5 | BB12: 2 | BC12: 2 | BF12: 2 | BH12: 2 | BI12: 8 | BR12: 5 | BV12: 8 | BZ12: 7 | DV12: 9 | DZ12: 8 | GI12: =GJ12/235 -> 1702.1277 | GJ12: 400000 | GK12: ='السلف و الغرامات'!C12 -> #REF! | GL12: =#REF! -> #REF! | GM12: =SUM(B12:C12)*(GI12)+GL12-GK12-GO12 -> #REF! | GN12: =SUM(B12:C12)*(GI12)+GL12 -> #REF! | GQ12: X | GX12: X | HE12: X | HL12: X | HS12: X
A13: وليد | B13: =SUM(BR13,BV13,BZ13,CD13,CH13,CL13,CT13,CX13,DB13,DF13,DJ13,DN13,DV13,DZ13,ED13,EH13,EL13,EP13,EX13,FB13,FF13,FJ13,FN13,FR13,FZ13,GD13,BN13,BO13,CP13,CQ13,DR13,DS13,ET13,EU13,FV13,FW13,,BN13,BO13,CP13,CQ13,DR13,DS13,ET13,EU13,FV13,FW13)+C13 -> 92 | C13: =SUM(BS13,BW13,CA13,CE13,CI13,CM13,CU13,CY13,DC13,DG13,DK13,DO13,DW13,EA13,EE13,EI13,EM13,EQ13,EY13,FC13,FG13,FK13,FO13,FS13,GA13,GE13)*(1.5) -> 0 | I13: X | J13: 9 | K13: 9 | L13: 8 | M13: 9 | N13: 18 | O13: 9 | P13: 9 | R13: 9 | S13: 9 | T13: 9 | V13: 9 | W13: 9 | X13: 9 | Y13: 7 | Z13: 9 | AA13: 9 | AB13: 18 | AC13: 9 | AD13: 9 | AE13: 7 | AO13: 0.6 | AP13: 0.25 | AU13: 1 | AX13: 2 | AY13: 4.76 | BA13: 0.6 | BB13: 2 | BC13: 2 | BF13: 2 | BH13: 2 | BI13: 8 | BR13: 6 | BV13: 9 | BZ13: 9 | CL13: 6 | CP13: 9 | CT13: 9 | CX13: 9 | DB13: 8 | DV13: 9 | DZ13: 9 | GI13: =GJ13/235 -> 2127.6596 | GJ13: 500000 | GK13: ='السلف و الغرامات'!C13 -> #REF! | GL13: =#REF! -> #REF! | GM13: =SUM(B13:C13)*(GI13)+GL13-GK13-GO13 -> #REF! | GN13: =SUM(B13:C13)*(GI13)+GL13 -> #REF!
