Workbook
Name S_ITEMS: Form!$B$7:$B$18
Name P_REMAIN: Form!$F$23
Name P_NOTES: Form!$F$24
Name S_NAME: Form!$B$5
Name P_ITEMS: Form!$F$7:$F$18
Name S_NO: Form!$B$3
Name S_DESC: Form!$A$7:$A$18
Name S_DISCOUNT: Form!$F$20
Name p_NAME: Form!$F$5
Name S_DATE: Form!$B$4
Name P_DESC: Form!$E$7:$E$18
Name P_TOTAL: Form!$H$7:$H$18
Name S_REMAIN: Form!$B$23
Name S_AFTER: Form!$B$21
Name P_DISCOUNT: Form!$F$20
Name P_AFTER: Form!$G$22
Name S_TOTAL: Form!$B$19
Name S_RECEIVED: Form!$B$23
Name P_PAID: Form!$F$22
Name P_NO: Form!$F$3
Name S_NOTES: Form!$B$24
Name P_DATE: Form!$F$4

Sheet نسخة من حضور الموضفين
A1: التاريخ | B1: اليوم | C1: اسم الموظف | D1: الراتب الاسمي | E1: وقت الدخول | F1: وقت الخروج | G1: سعر الساعة | H1: ساعات عادية | I1: ساعات إضافية 1.5x | J1: ساعات الجمعة 2x | K1: الراتب اليومي | L1: المكافآت | M1: السلف | N1: الغرامات | O1: الرقم النهائي | P1: الملاحظات
A2: 45901 | B2: =CHOOSE(WEEKDAY(A2,2),"الاثنين","الثلاثاء","الأربعاء","الخميس","الجمعة","السبت","الأحد") -> الاثنين | C2: حيدر مضر | D2: 650000 | E2: 0.44305556 | F2: 0.875 | G2: =D2/235 -> 2765.9574 | H2: =MIN(9,MAX(0,(MIN(F2,TIME(18,0,0))-MAX(E2,TIME(9,0,0)))*24)) -> 7.3666667 | I2: =MAX(0,(MOD(F2-E2,1)*24)-H2) -> 3 | J2: =IF(B2="الجمعة",MOD(F2-E2,1)*24,0) -> 0 | K2: =(H2*G2)+(I2*G2*1.5)+(J2*G2*2) -> 32822.695 | M2: 240000 | N2: =IF(B2="الجمعة",0,IF(E2>TIME(9,0,0),(E2-TIME(9,0,0))*24*60*(G2/60),0)) -> 4517.7305 | O2: =K2+L2-M2-N2 -> -211695.04
A3: 45902 | B3: =CHOOSE(WEEKDAY(A3,2),"الاثنين","الثلاثاء","الأربعاء","الخميس","الجمعة","السبت","الأحد") -> الثلاثاء | C3: حيدر مضر | D3: 650000 | E3: 0.29791667 | F3: 0.875 | G3: =D3/235 -> 2765.9574 | H3: =MIN(9,MAX(0,(MIN(F3,TIME(18,0,0))-MAX(E3,TIME(9,0,0)))*24)) -> 9 | I3: =MAX(0,(MOD(F3-E3,1)*24)-H3) -> 4.85 | J3: =IF(B3="الجمعة",MOD(F3-E3,1)*24,0) -> 0 | K3: =(H3*G3)+(I3*G3*1.5)+(J3*G3*2) -> 45015.957 | N3: =IF(B3="الجمعة",0,IF(E3>TIME(9,0,0),(E3-TIME(9,0,0))*24*60*(G3/60),0)) -> 0 | O3: =K3+L3-M3-N3 -> 45015.957
A4: 45903 | B4: =CHOOSE(WEEKDAY(A4,2),"الاثنين","الثلاثاء","الأربعاء","الخميس","الجمعة","السبت","الأحد") -> الأربعاء | C4: حيدر مضر | D4: 650000 | E4: 0.42638889 | F4: 0.85347222 | G4: =D4/235 -> 2765.9574 | H4: =MIN(9,MAX(0,(MIN(F4,TIME(18,0,0))-MAX(E4,TIME(9,0,0)))*24)) -> 7.7666667 | I4: =MAX(0,(MOD(F4-E4,1)*24)-H4) -> 2.4833333 | J4: =IF(B4="الجمعة",MOD(F4-E4,1)*24,0) -> 0 | K4: =(H4*G4)+(I4*G4*1.5)+(J4*G4*2) -> 31785.461 | N4: =IF(B4="الجمعة",0,IF(E4>TIME(9,0,0),(E4-TIME(9,0,0))*24*60*(G4/60),0)) -> 3411.3475 | O4: =K4+L4-M4-N4 -> 28374.113
A5: 45904 | B5: =CHOOSE(WEEKDAY(A5,2),"الاثنين","الثلاثاء","الأربعاء","الخميس","الجمعة","السبت","الأحد") -> الخميس | C5: حيدر مضر | D5: 650000 | E5: 0.375 | F5: 0.99930556 | G5: =D5/235 -> 2765.9574 | H5: =MIN(9,MAX(0,(MIN(F5,TIME(18,0,0))-MAX(E5,TIME(9,0,0)))*24)) -> 9 | I5: =MAX(0,(MOD(F5-E5,1)*24)-H5) -> 5.9833333 | J5: =IF(B5="الجمعة",MOD(F5-E5,1)*24,0) -> 0 | K5: =(H5*G5)+(I5*G5*1.5)+(J5*G5*2) -> 49718.085 | N5: =IF(B5="الجمعة",0,IF(E5>TIME(9,0,0),(E5-TIME(9,0,0))*24*60*(G5/60),0)) -> 0 | O5: =K5+L5-M5-N5 -> 49718.085
A6: 45905 | B6: =CHOOSE(WEEKDAY(A6,2),"الاثنين","الثلاثاء","الأربعاء","الخميس","الجمعة","السبت","الأحد") -> الجمعة | C6: حيدر مضر | D6: 650000 | E6: 0.41666667 | F6: 0.95833333 | G6: =D6/235 -> 2765.9574 | H6: =MIN(9,MAX(0,(MIN(F6,TIME(18,0,0))-MAX(E6,TIME(9,0,0)))*24)) -> 8 | I6: 0 | J6: =IF(B6="الجمعة",MOD(F6-E6,1)*24,0) -> 13 | K6: =(J6*G6*2) -> 71914.894 | N6: =IF(B6="الجمعة",0,IF(E6>TIME(9,0,0),(E6-TIME(9,0,0))*24*60*(G6/60),0)) -> 0 | O6: =K6+L6-M6-N6 -> 71914.894
A7: 45906 | B7: =CHOOSE(WEEKDAY(A7,2),"الاثنين","الثلاثاء","الأربعاء","الخميس","الجمعة","السبت","الأحد") -> السبت | C7: حيدر مضر | D7: 650000 | E7: 0.40208333 | F7: 0.89791667 | G7: =D7/235 -> 2765.9574 | H7: =MIN(9,MAX(0,(MIN(F7,TIME(18,0,0))-MAX(E7,TIME(9,0,0)))*24)) -> 8.35 | I7: =MAX(0,(MOD(F7-E7,1)*24)-H7) -> 3.55 | J7: =IF(B7="الجمعة",MOD(F7-E7,1)*24,0) -> 0 | K7: =(H7*G7)+(I7*G7*1.5)+(J7*G7*2) -> 37824.468 | N7: =IF(B7="الجمعة",0,IF(E7>TIME(9,0,0),(E7-TIME(9,0,0))*24*60*(G7/60),0)) -> 1797.8723 | O7: =K7+L7-M7-N7 -> 36026.596
A8: 45907 | B8: =CHOOSE(WEEKDAY(A8,2),"الاثنين","الثلاثاء","الأربعاء","الخميس","الجمعة","السبت","الأحد") -> الأحد | C8: حيدر مضر | D8: 650000 | E8: 0.375 | F8: 0.99930556 | G8: =D8/235 -> 2765.9574 | H8: =MIN(9,MAX(0,(MIN(F8,TIME(18,0,0))-MAX(E8,TIME(9,0,0)))*24)) -> 9 | I8: =MAX(0,(MOD(F8-E8,1)*24)-H8) -> 5.9833333 | J8: =IF(B8="الجمعة",MOD(F8-E8,1)*24,0) -> 0 | K8: =(H8*G8)+(I8*G8*1.5)+(J8*G8*2) -> 49718.085 | N8: =IF(B8="الجمعة",0,IF(E8>TIME(9,0,0),(E8-TIME(9,0,0))*24*60*(G8/60),0)) -> 0 | O8: =K8+L8-M8-N8 -> 49718.085
A9: 45908 | B9: =CHOOSE(WEEKDAY(A9,2),"الاثنين","الثلاثاء","الأربعاء","الخميس","الجمعة","السبت","الأحد") -> الاثنين | C9: حيدر مضر | D9: 650000 | E9: 0.375 | F9: 0.99930556 | G9: =D9/235 -> 2765.9574 | H9: =MIN(9,MAX(0,(MIN(F9,TIME(18,0,0))-MAX(E9,TIME(9,0,0)))*24)) -> 9 | I9: =MAX(0,(MOD(F9-E9,1)*24)-H9) -> 5.9833333 | J9: =IF(B9="الجمعة",MOD(F9-E9,1)*24,0) -> 0 | K9: =(H9*G9)+(I9*G9*1.5)+(J9*G9*2) -> 49718.085 | N9: =IF(B9="الجمعة",0,IF(E9>TIME(9,0,0),(E9-TIME(9,0,0))*24*60*(G9/60),0)) -> 0 | O9: =K9+L9-M9-N9 -> 49718.085
A10: 45909 | B10: =CHOOSE(WEEKDAY(A10,2),"الاثنين","الثلاثاء","الأربعاء","الخميس","الجمعة","السبت","الأحد") -> الثلاثاء | C10: حيدر مضر | D10: 650000 | E10: 0.375 | F10: 0.99930556 | G10: =D10/235 -> 2765.9574 | H10: =MIN(9,MAX(0,(MIN(F10,TIME(18,0,0))-MAX(E10,TIME(9,0,0)))*24)) -> 9 | I10: =MAX(0,(MOD(F10-E10,1)*24)-H10) -> 5.9833333 | J10: =IF(B10="الجمعة",MOD(F10-E10,1)*24,0) -> 0 | K10: =(H10*G10)+(I10*G10*1.5)+(J10*G10*2) -> 49718.085 | N10: =IF(B10="الجمعة",0,IF(E10>TIME(9,0,0),(E10-TIME(9,0,0))*24*60*(G10/60),0)) -> 0 | O10: =K10+L10-M10-N10 -> 49718.085
A11: 45910 | B11: =CHOOSE(WEEKDAY(A11,2),"الاثنين","الثلاثاء","الأربعاء","الخميس","الجمعة","السبت","الأحد") -> الأربعاء | C11: حيدر مضر | D11: 650000 | E11: 0.375 | F11: 0.99930556 | G11: =D11/235 -> 2765.9574 | H11: =MIN(9,MAX(0,(MIN(F11,TIME(18,0,0))-MAX(E11,TIME(9,0,0)))*24)) -> 9 | I11: =MAX(0,(MOD(F11-E11,1)*24)-H11) -> 5.9833333 | J11: =IF(B11="الجمعة",MOD(F11-E11,1)*24,0) -> 0 | K11: =(H11*G11)+(I11*G11*1.5)+(J11*G11*2) -> 49718.085 | N11: =IF(B11="الجمعة",0,IF(E11>TIME(9,0,0),(E11-TIME(9,0,0))*24*60*(G11/60),0)) -> 0 | O11: =K11+L11-M11-N11 -> 49718.085
A12: 45911 | B12: =CHOOSE(WEEKDAY(A12,2),"الاثنين","الثلاثاء","الأربعاء","الخميس","الجمعة","السبت","الأحد") -> الخميس | C12: حيدر مضر | D12: 650000 | E12: 0.375 | F12: 0.99930556 | G12: =D12/235 -> 2765.9574 | H12: =MIN(9,MAX(0,(MIN(F12,TIME(18,0,0))-MAX(E12,TIME(9,0,0)))*24)) -> 9 | I12: =MAX(0,(MOD(F12-E12,1)*24)-H12) -> 5.9833333 | J12: =IF(B12="الجمعة",MOD(F12-E12,1)*24,0) -> 0 | K12: =(H12*G12)+(I12*G12*1.5)+(J12*G12*2) -> 49718.085 | N12: =IF(B12="الجمعة",0,IF(E12>TIME(9,0,0),(E12-TIME(9,0,0))*24*60*(G12/60),0)) -> 0 | O12: =K12+L12-M12-N12 -> 49718.085
A13: 45912 | B13: =CHOOSE(WEEKDAY(A13,2),"الاثنين","الثلاثاء","الأربعاء","الخميس","الجمعة","السبت","الأحد") -> الجمعة | C13: حيدر مضر | D13: 650000 | E13: 0 | F13: 0.75 | G13: =D13/235 -> 2765.9574 | H13: =MIN(9,MAX(0,(MIN(F13,TIME(18,0,0))-MAX(E13,TIME(9,0,0)))*24)) -> 9 | I13: 0 | J13: =IF(B13="الجمعة",MOD(F13-E13,1)*24,0) -> 18 | K13: =(J13*G13*2) -> 99574.468 | N13: =IF(B13="الجمعة",0,IF(E13>TIME(9,0,0),(E13-TIME(9,0,0))*24*60*(G13/60),0)) -> 0 | O13: =K13+L13-M13-N13 -> 99574.468
A14: 45913 | B14: =CHOOSE(WEEKDAY(A14,2),"الاثنين","الثلاثاء","الأربعاء","الخميس","الجمعة","السبت","الأحد") -> السبت | C14: حيدر مضر | G14: =D14/235 -> 0 | H14: 0 | I14: =MAX(0,(MOD(F14-E14,1)*24)-H14) -> 0 | J14: =IF(B14="الجمعة",MOD(F14-E14,1)*24,0) -> 0 | K14: =(H14*G14)+(I14*G14*1.5)+(J14*G14*2) -> 0 | N14: =IF(B14="الجمعة",0,IF(E14>TIME(9,0,0),(E14-TIME(9,0,0))*24*60*(G14/60),0)) -> 0 | O14: =K14+L14-M14-N14 -> 0
A15: 45914 | B15: =CHOOSE(WEEKDAY(A15,2),"الاثنين","الثلاثاء","الأربعاء","الخميس","الجمعة","السبت","الأحد") -> الأحد | C15: حيدر مضر | D15: 650000 | E15: 0.39236111 | F15: 0.77430556 | G15: =D15/235 -> 2765.9574 | H15: =MIN(9,MAX(0,(MIN(F15,TIME(18,0,0))-MAX(E15,TIME(9,0,0)))*24)) -> 8.5833333 | I15: =MAX(0,(MOD(F15-E15,1)*24)-H15) -> 0.58333333 | J15: =IF(B15="الجمعة",MOD(F15-E15,1)*24,0) -> 0 | K15: =(H15*G15)+(I15*G15*1.5)+(J15*G15*2) -> 26161.348 | N15: =IF(B15="الجمعة",0,IF(E15>TIME(9,0,0),(E15-TIME(9,0,0))*24*60*(G15/60),0)) -> 1152.4823 | O15: =K15+L15-M15-N15 -> 25008.865
A16: 45915 | B16: =CHOOSE(WEEKDAY(A16,2),"الاثنين","الثلاثاء","الأربعاء","الخميس","الجمعة","السبت","الأحد") -> الاثنين | C16: حيدر مضر | D16: 650000 | E16: 0.46180556 | F16: 0.83125 | G16: =D16/235 -> 2765.9574 | H16: =MIN(9,MAX(0,(MIN(F16,TIME(18,0,0))-MAX(E16,TIME(9,0,0)))*24)) -> 6.9166667 | I16: =MAX(0,(MOD(F16-E16,1)*24)-H16) -> 1.95 | J16: =IF(B16="الجمعة",MOD(F16-E16,1)*24,0) -> 0 | K16: =(H16*G16)+(I16*G16*1.5)+(J16*G16*2) -> 27221.631 | N16: =IF(B16="الجمعة",0,IF(E16>TIME(9,0,0),(E16-TIME(9,0,0))*24*60*(G16/60),0)) -> 5762.4113 | O16: =K16+L16-M16-N16 -> 21459.22
A17: 45916 | B17: =CHOOSE(WEEKDAY(A17,2),"الاثنين","الثلاثاء","الأربعاء","الخميس","الجمعة","السبت","الأحد") -> الثلاثاء | C17: حيدر مضر | D17: 650000 | E17: 0.375 | F17: 0.875 | G17: =D17/235 -> 2765.9574 | H17: =MIN(9,MAX(0,(MIN(F17,TIME(18,0,0))-MAX(E17,TIME(9,0,0)))*24)) -> 9 | I17: =MAX(0,(MOD(F17-E17,1)*24)-H17) -> 3 | J17: =IF(B17="الجمعة",MOD(F17-E17,1)*24,0) -> 0 | K17: =(H17*G17)+(I17*G17*1.5)+(J17*G17*2) -> 37340.426 | N17: =IF(B17="الجمعة",0,IF(E17>TIME(9,0,0),(E17-TIME(9,0,0))*24*60*(G17/60),0)) -> 0 | O17: =K17+L17-M17-N17 -> 37340.426
A18: 45917 | B18: =CHOOSE(WEEKDAY(A18,2),"الاثنين","الثلاثاء","الأربعاء","الخميس","الجمعة","السبت","الأحد") -> الأربعاء | C18: حيدر مضر | D18: 650000 | E18: 0.37222222 | F18: 0.78541667 | G18: =D18/235 -> 2765.9574 | H18: =MIN(9,MAX(0,(MIN(F18,TIME(18,0,0))-MAX(E18,TIME(9,0,0)))*24)) -> 9 | I18: =MAX(0,(MOD(F18-E18,1)*24)-H18) -> 0.91666667 | J18: =IF(B18="الجمعة",MOD(F18-E18,1)*24,0) -> 0 | K18: =(H18*G18)+(I18*G18*1.5)+(J18*G18*2) -> 28696.809 | N18: =IF(B18="الجمعة",0,IF(E18>TIME(9,0,0),(E18-TIME(9,0,0))*24*60*(G18/60),0)) -> 0 | O18: =K18+L18-M18-N18 -> 28696.809
A19: 45918 | B19: =CHOOSE(WEEKDAY(A19,2),"الاثنين","الثلاثاء","الأربعاء","الخميس","الجمعة","السبت","الأحد") -> الخميس | C19: حيدر مضر | D19: 650000 | E19: 0.43541667 | F19: 0.99930556 | G19: =D19/235 -> 2765.9574 | H19: =MIN(9,MAX(0,(MIN(F19,TIME(18,0,0))-MAX(E19,TIME(9,0,0)))*24)) -> 7.55 | I19: =MAX(0,(MOD(F19-E19,1)*24)-H19) -> 5.9833333 | J19: =IF(B19="الجمعة",MOD(F19-E19,1)*24,0) -> 0 | K19: =(H19*G19)+(I19*G19*1.5)+(J19*G19*2) -> 45707.447 | N19: =IF(B19="الجمعة",0,IF(E19>TIME(9,0,0),(E19-TIME(9,0,0))*24*60*(G19/60),0)) -> 4010.6383 | O19: =K19+L19-M19-N19 -> 41696.809
A20: 45919 | B20: =CHOOSE(WEEKDAY(A20,2),"الاثنين","الثلاثاء","الأربعاء","الخميس","الجمعة","السبت","الأحد") -> الجمعة | C20: حيدر مضر | D20: 650000 | E20: 0.375 | F20: 0.5 | G20: =D20/235 -> 2765.9574 | H20: =MIN(9,MAX(0,(MIN(F20,TIME(18,0,0))-MAX(E20,TIME(9,0,0)))*24)) -> 3 | I20: 0 | J20: =IF(B20="الجمعة",MOD(F20-E20,1)*24,0) -> 3 | K20: =(J20*G20*2) -> 16595.745 | N20: =IF(B20="الجمعة",0,IF(E20>TIME(9,0,0),(E20-TIME(9,0,0))*24*60*(G20/60),0)) -> 0 | O20: =K20+L20-M20-N20 -> 16595.745
A21: 45920 | B21: =CHOOSE(WEEKDAY(A21,2),"الاثنين","الثلاثاء","الأربعاء","الخميس","الجمعة","السبت","الأحد") -> السبت | C21: حيدر مضر | D21: 650000 | E21: 0.375 | F21: 0.625 | G21: =D21/235 -> 2765.9574 | H21: =MIN(9,MAX(0,(MIN(F21,TIME(18,0,0))-MAX(E21,TIME(9,0,0)))*24)) -> 6 | I21: =MAX(0,(MOD(F21-E21,1)*24)-H21) -> 0 | J21: =IF(B21="الجمعة",MOD(F21-E21,1)*24,0) -> 0 | K21: =(H21*G21)+(I21*G21*1.5)+(J21*G21*2) -> 16595.745 | N21: =IF(B21="الجمعة",0,IF(E21>TIME(9,0,0),(E21-TIME(9,0,0))*24*60*(G21/60),0)) -> 0 | O21: =K21+L21-M21-N21 -> 16595.745
A22: 45921 | B22: =CHOOSE(WEEKDAY(A22,2),"الاثنين","الثلاثاء","الأربعاء","الخميس","الجمعة","السبت","الأحد") -> الأحد | C22: حيدر مضر | G22: =D22/235 -> 0 | H22: 0 | I22: =MAX(0,(MOD(F22-E22,1)*24)-H22) -> 0 | J22: =IF(B22="الجمعة",MOD(F22-E22,1)*24,0) -> 0 | K22: =(H22*G22)+(I22*G22*1.5)+(J22*G22*2) -> 0 | N22: =IF(B22="الجمعة",0,IF(E22>TIME(9,0,0),(E22-TIME(9,0,0))*24*60*(G22/60),0)) -> 0 | O22: =K22+L22-M22-N22 -> 0
A23: 45922 | B23: =CHOOSE(WEEKDAY(A23,2),"الاثنين","الثلاثاء","الأربعاء","الخميس","الجمعة","السبت","الأحد") -> الاثنين | C23: حيدر مضر | D23: 650000 | E23: 0.53194444 | F23: 0.83333333 | G23: =D23/235 -> 2765.9574 | H23: =MIN(9,MAX(0,(MIN(F23,TIME(18,0,0))-MAX(E23,TIME(9,0,0)))*24)) -> 5.2333333 | I23: =MAX(0,(MOD(F23-E23,1)*24)-H23) -> 2 | J23: =IF(B23="الجمعة",MOD(F23-E23,1)*24,0) -> 0 | K23: =(H23*G23)+(I23*G23*1.5)+(J23*G23*2) -> 22773.05 | N23: =IF(B23="الجمعة",0,IF(E23>TIME(9,0,0),(E23-TIME(9,0,0))*24*60*(G23/60),0)) -> 10418.44 | O23: =K23+L23-M23-N23 -> 12354.61
A24: 45923 | B24: =CHOOSE(WEEKDAY(A24,2),"الاثنين","الثلاثاء","الأربعاء","الخميس","الجمعة","السبت","الأحد") -> الثلاثاء | C24: حيدر مضر | D24: 650000 | E24: 0.375 | F24: 0.75 | G24: =D24/235 -> 2765.9574 | H24: =MIN(9,MAX(0,(MIN(F24,TIME(18,0,0))-MAX(E24,TIME(9,0,0)))*24)) -> 9 | I24: =MAX(0,(MOD(F24-E24,1)*24)-H24) -> 0 | J24: =IF(B24="الجمعة",MOD(F24-E24,1)*24,0) -> 0 | K24: =(H24*G24)+(I24*G24*1.5)+(J24*G24*2) -> 24893.617 | N24: =IF(B24="الجمعة",0,IF(E24>TIME(9,0,0),(E24-TIME(9,0,0))*24*60*(G24/60),0)) -> 0 | O24: =K24+L24-M24-N24 -> 24893.617
A25: 45924 | B25: =CHOOSE(WEEKDAY(A25,2),"الاثنين","الثلاثاء","الأربعاء","الخميس","الجمعة","السبت","الأحد") -> الأربعاء | C25: حيدر مضر | D25: 650000 | E25: 0.375 | F25: 0.75 | G25: =D25/235 -> 2765.9574 | H25: =MIN(9,MAX(0,(MIN(F25,TIME(18,0,0))-MAX(E25,TIME(9,0,0)))*24)) -> 9 | I25: =MAX(0,(MOD(F25-E25,1)*24)-H25) -> 0 | J25: =IF(B25="الجمعة",MOD(F25-E25,1)*24,0) -> 0 | K25: =(H25*G25)+(I25*G25*1.5)+(J25*G25*2) -> 24893.617 | N25: =IF(B25="الجمعة",0,IF(E25>TIME(9,0,0),(E25-TIME(9,0,0))*24*60*(G25/60),0)) -> 0 | O25: =K25+L25-M25-N25 -> 24893.617
A26: 45925 | B26: =CHOOSE(WEEKDAY(A26,2),"الاثنين","الثلاثاء","الأربعاء","الخميس","الجمعة","السبت","الأحد") -> الخميس | C26: حيدر مضر | D26: 650000 | E26: 0.41041667 | F26: 0.75 | G26: =D26/235 -> 2765.9574 | H26: =MIN(9,MAX(0,(MIN(F26,TIME(18,0,0))-MAX(E26,TIME(9,0,0)))*24)) -> 8.15 | I26: =MAX(0,(MOD(F26-E26,1)*24)-H26) -> 0 | J26: =IF(B26="الجمعة",MOD(F26-E26,1)*24,0) -> 0 | K26: =(H26*G26)+(I26*G26*1.5)+(J26*G26*2) -> 22542.553 | N26: =IF(B26="الجمعة",0,IF(E26>TIME(9,0,0),(E26-TIME(9,0,0))*24*60*(G26/60),0)) -> 2351.0638 | O26: =K26+L26-M26-N26 -> 20191.489
A27: 45926 | B27: =CHOOSE(WEEKDAY(A27,2),"الاثنين","الثلاثاء","الأربعاء","الخميس","الجمعة","السبت","الأحد") -> الجمعة | C27: حيدر مضر | G27: =D27/235 -> 0 | H27: 0 | I27: 0 | J27: =IF(B27="الجمعة",MOD(F27-E27,1)*24,0) -> 0 | K27: =(J27*G27*2) -> 0 | N27: =IF(B27="الجمعة",0,IF(E27>TIME(9,0,0),(E27-TIME(9,0,0))*24*60*(G27/60),0)) -> 0 | O27: =K27+L27-M27-N27 -> 0
A28: 45927 | B28: =CHOOSE(WEEKDAY(A28,2),"الاثنين","الثلاثاء","الأربعاء","الخميس","الجمعة","السبت","الأحد") -> السبت | C28: حيدر مضر | D28: 650000 | E28: 0.48333333 | F28: 0.79166667 | G28: =D28/235 -> 2765.9574 | H28: =MIN(9,MAX(0,(MIN(F28,TIME(18,0,0))-MAX(E28,TIME(9,0,0)))*24)) -> 6.4 | I28: 0 | J28: =IF(B28="الجمعة",MOD(F28-E28,1)*24,0) -> 0 | K28: =(H28*G28)+(I28*G28*1.5)+(J28*G28*2) -> 17702.128 | N28: =IF(B28="الجمعة",0,IF(E28>TIME(9,0,0),(E28-TIME(9,0,0))*24*60*(G28/60),0)) -> 7191.4894 | O28: =K28+L28-M28-N28 -> 10510.638
A29: 45928 | B29: =CHOOSE(WEEKDAY(A29,2),"الاثنين","الثلاثاء","الأربعاء","الخميس","الجمعة","السبت","الأحد") -> الأحد | C29: حيدر مضر | D29: 650000 | E29: 0.375 | F29: 0.041666667 | G29: =D29/235 -> 2765.9574 | H29: =MIN(9,MAX(0,(MIN(F29,TIME(18,0,0))-MAX(E29,TIME(9,0,0)))*24)) -> 0 | I29: =MAX(0,(MOD(F29-E29,1)*24)-H29) -> 16 | J29: =IF(B29="الجمعة",MOD(F29-E29,1)*24,0) -> 0 | K29: =(H29*G29)+(I29*G29*1.5)+(J29*G29*2) -> 66382.979 | N29: =IF(B29="الجمعة",0,IF(E29>TIME(9,0,0),(E29-TIME(9,0,0))*24*60*(G29/60),0)) -> 0 | O29: =K29+L29-M29-N29 -> 66382.979
A30: 45929 | B30: =CHOOSE(WEEKDAY(A30,2),"الاثنين","الثلاثاء","الأربعاء","الخميس","الجمعة","السبت","الأحد") -> الاثنين | C30: حيدر مضر | D30: 650000 | E30: 0.54166667 | F30: 0.83333333 | G30: =D30/235 -> 2765.9574 | H30: =MIN(9,MAX(0,(MIN(F30,TIME(18,0,0))-MAX(E30,TIME(9,0,0)))*24)) -> 5 | I30: =MAX(0,(MOD(F30-E30,1)*24)-H30) -> 2 | J30: =IF(B30="الجمعة",MOD(F30-E30,1)*24,0) -> 0 | K30: =(H30*G30)+(I30*G30*1.5)+(J30*G30*2) -> 22127.66 | N30: =IF(B30="الجمعة",0,IF(E30>TIME(9,0,0),(E30-TIME(9,0,0))*24*60*(G30/60),0)) -> 11063.83 | O30: =K30+L30-M30-N30 -> 11063.83
A31: 45930 | B31: =CHOOSE(WEEKDAY(A31,2),"الاثنين","الثلاثاء","الأربعاء","الخميس","الجمعة","السبت","الأحد") -> الثلاثاء | C31: حيدر مضر | D31: 650000 | E31: 0.375 | F31: 0.79166667 | G31: =D31/235 -> 2765.9574 | H31: =MIN(9,MAX(0,(MIN(F31,TIME(18,0,0))-MAX(E31,TIME(9,0,0)))*24)) -> 9 | I31: =MAX(0,(MOD(F31-E31,1)*24)-H31) -> 1 | J31: =IF(B31="الجمعة",MOD(F31-E31,1)*24,0) -> 0 | K31: =(H31*G31)+(I31*G31*1.5)+(J31*G31*2) -> 29042.553 | N31: =IF(B31="الجمعة",0,IF(E31>TIME(9,0,0),(E31-TIME(9,0,0))*24*60*(G31/60),0)) -> 0 | O31: =K31+L31-M31-N31 -> 29042.553
A32: 45901 | B32: =CHOOSE(WEEKDAY(A32,2),"الاثنين","الثلاثاء","الأربعاء","الخميس","الجمعة","السبت","الأحد") -> الاثنين | C32: عبدالرضا عقيل | D32: 700000 | E32: 0.39305556 | F32: 0.75 | G32: =D32/235 -> 2978.7234 | H32: =MIN(9,MAX(0,(MIN(F32,TIME(18,0,0))-MAX(E32,TIME(9,0,0)))*24)) -> 8.5666667 | I32: =MAX(0,(MOD(F32-E32,1)*24)-H32) -> 0 | J32: =IF(B32="الجمعة",MOD(F32-E32,1)*24,0) -> 0 | K32: =(H32*G32)+(I32*G32*1.5)+(J32*G32*2) -> 25517.731 | M32: 50000 | N32: =IF(B32="الجمعة",0,IF(E32>TIME(9,0,0),(E32-TIME(9,0,0))*24*60*(G32/60),0)) -> 1290.7801 | O32: =K32+L32-M32-N32 -> -25773.05 | P32: 285000 دين من الشهر السابق باقي 235000
A33: 45902 | B33: =CHOOSE(WEEKDAY(A33,2),"الاثنين","الثلاثاء","الأربعاء","الخميس","الجمعة","السبت","الأحد") -> الثلاثاء | C33: عبدالرضا عقيل | D33: 700000 | E33: 0.26041667 | F33: 0.57152778 | G33: =D33/235 -> 2978.7234 | H33: =MIN(9,MAX(0,(MIN(F33,TIME(18,0,0))-MAX(E33,TIME(9,0,0)))*24)) -> 4.7166667 | I33: =MAX(0,(MOD(F33-E33,1)*24)-H33) -> 2.75 | J33: =IF(B33="الجمعة",MOD(F33-E33,1)*24,0) -> 0 | K33: =(H33*G33)+(I33*G33*1.5)+(J33*G33*2) -> 26336.879 | N33: =IF(B33="الجمعة",0,IF(E33>TIME(9,0,0),(E33-TIME(9,0,0))*24*60*(G33/60),0)) -> 0 | O33: =K33+L33-M33-N33 -> 26336.879
A34: 45903 | B34: =CHOOSE(WEEKDAY(A34,2),"الاثنين","الثلاثاء","الأربعاء","الخميس","الجمعة","السبت","الأحد") -> الأربعاء | C34: عبدالرضا عقيل | D34: 700000 | E34: 0.36736111 | F34: 0.89861111 | G34: =D34/235 -> 2978.7234 | H34: =MIN(9,MAX(0,(MIN(F34,TIME(18,0,0))-MAX(E34,TIME(9,0,0)))*24)) -> 9 | I34: =MAX(0,(MOD(F34-E34,1)*24)-H34) -> 3.75 | J34: =IF(B34="الجمعة",MOD(F34-E34,1)*24,0) -> 0 | K34: =(H34*G34)+(I34*G34*1.5)+(J34*G34*2) -> 43563.83 | N34: =IF(B34="الجمعة",0,IF(E34>TIME(9,0,0),(E34-TIME(9,0,0))*24*60*(G34/60),0)) -> 0 | O34: =K34+L34-M34-N34 -> 43563.83
A35: 45904 | B35: =CHOOSE(WEEKDAY(A35,2),"الاثنين","الثلاثاء","الأربعاء","الخميس","الجمعة","السبت","الأحد") -> الخميس | C35: عبدالرضا عقيل | D35: 700000 | E35: 0.375 | F35: 0.89583333 | G35: =D35/235 -> 2978.7234 | H35: =MIN(9,MAX(0,(MIN(F35,TIME(18,0,0))-MAX(E35,TIME(9,0,0)))*24)) -> 9 | I35: =MAX(0,(MOD(F35-E35,1)*24)-H35) -> 3.5 | J35: =IF(B35="الجمعة",MOD(F35-E35,1)*24,0) -> 0 | K35: =(H35*G35)+(I35*G35*1.5)+(J35*G35*2) -> 42446.809 | N35: =IF(B35="الجمعة",0,IF(E35>TIME(9,0,0),(E35-TIME(9,0,0))*24*60*(G35/60),0)) -> 0 | O35: =K35+L35-M35-N35 -> 42446.809
A36: 45905 | B36: =CHOOSE(WEEKDAY(A36,2),"الاثنين","الثلاثاء","الأربعاء","الخميس","الجمعة","السبت","الأحد") -> الجمعة | C36: عبدالرضا عقيل | D36: 700000 | E36: 0.46666667 | F36: 0.97916667 | G36: =D36/235 -> 2978.7234 | H36: =MIN(9,MAX(0,(MIN(F36,TIME(18,0,0))-MAX(E36,TIME(9,0,0)))*24)) -> 6.8 | I36: 0 | J36: =IF(B36="الجمعة",MOD(F36-E36,1)*24,0) -> 12.3 | K36: =(J36*G36*2) -> 73276.596 | N36: =IF(B36="الجمعة",0,IF(E36>TIME(9,0,0),(E36-TIME(9,0,0))*24*60*(G36/60),0)) -> 0 | O36: =K36+L36-M36-N36 -> 73276.596
A37: 45906 | B37: =CHOOSE(WEEKDAY(A37,2),"الاثنين","الثلاثاء","الأربعاء","الخميس","الجمعة","السبت","الأحد") -> السبت | C37: عبدالرضا عقيل | D37: 700000 | E37: 0.40486111 | F37: 0.89583333 | G37: =D37/235 -> 2978.7234 | H37: =MIN(9,MAX(0,(MIN(F37,TIME(18,0,0))-MAX(E37,TIME(9,0,0)))*24)) -> 8.2833333 | I37: =MAX(0,(MOD(F37-E37,1)*24)-H37) -> 3.5 | J37: =IF(B37="الجمعة",MOD(F37-E37,1)*24,0) -> 0 | K37: =(H37*G37)+(I37*G37*1.5)+(J37*G37*2) -> 40312.057 | N37: =IF(B37="الجمعة",0,IF(E37>TIME(9,0,0),(E37-TIME(9,0,0))*24*60*(G37/60),0)) -> 2134.7518 | O37: =K37+L37-M37-N37 -> 38177.305
A38: 45907 | B38: =CHOOSE(WEEKDAY(A38,2),"الاثنين","الثلاثاء","الأربعاء","الخميس","الجمعة","السبت","الأحد") -> الأحد | C38: عبدالرضا عقيل | D38: 700000 | E38: 0.40347222 | F38: 0.91666667 | G38: =D38/235 -> 2978.7234 | H38: =MIN(9,MAX(0,(MIN(F38,TIME(18,0,0))-MAX(E38,TIME(9,0,0)))*24)) -> 8.3166667 | I38: =MAX(0,(MOD(F38-E38,1)*24)-H38) -> 4 | J38: =IF(B38="الجمعة",MOD(F38-E38,1)*24,0) -> 0 | K38: =(H38*G38)+(I38*G38*1.5)+(J38*G38*2) -> 42645.39 | N38: =IF(B38="الجمعة",0,IF(E38>TIME(9,0,0),(E38-TIME(9,0,0))*24*60*(G38/60),0)) -> 2035.461 | O38: =K38+L38-M38-N38 -> 40609.929
A39: 45908 | B39: =CHOOSE(WEEKDAY(A39,2),"الاثنين","الثلاثاء","الأربعاء","الخميس","الجمعة","السبت","الأحد") -> الاثنين | C39: عبدالرضا عقيل | D39: 700000 | E39: 0.39097222 | F39: 0.99930556 | G39: =D39/235 -> 2978.7234 | H39: =MIN(9,MAX(0,(MIN(F39,TIME(18,0,0))-MAX(E39,TIME(9,0,0)))*24)) -> 8.6166667 | I39: =MAX(0,(MOD(F39-E39,1)*24)-H39) -> 5.9833333 | J39: =IF(B39="الجمعة",MOD(F39-E39,1)*24,0) -> 0 | K39: =(H39*G39)+(I39*G39*1.5)+(J39*G39*2) -> 52400.709 | N39: =IF(B39="الجمعة",0,IF(E39>TIME(9,0,0),(E39-TIME(9,0,0))*24*60*(G39/60),0)) -> 1141.844 | O39: =K39+L39-M39-N39 -> 51258.865
A40: 45909 | B40: =CHOOSE(WEEKDAY(A40,2),"الاثنين","الثلاثاء","الأربعاء","الخميس","الجمعة","السبت","الأحد") -> الثلاثاء | C40: عبدالرضا عقيل | D40: 700000 | E40: 0.375 | F40: 0.77430556 | G40: =D40/235 -> 2978.7234 | H40: =MIN(9,MAX(0,(MIN(F40,TIME(18,0,0))-MAX(E40,TIME(9,0,0)))*24)) -> 9 | I40: =MAX(0,(MOD(F40-E40,1)*24)-H40) -> 0.58333333 | J40: =IF(B40="الجمعة",MOD(F40-E40,1)*24,0) -> 0 | K40: =(H40*G40)+(I40*G40*1.5)+(J40*G40*2) -> 29414.894 | N40: =IF(B40="الجمعة",0,IF(E40>TIME(9,0,0),(E40-TIME(9,0,0))*24*60*(G40/60),0)) -> 0 | O40: =K40+L40-M40-N40 -> 29414.894
A41: 45910 | B41: =CHOOSE(WEEKDAY(A41,2),"الاثنين","الثلاثاء","الأربعاء","الخميس","الجمعة","السبت","الأحد") -> الأربعاء | C41: عبدالرضا عقيل | D41: 700000 | E41: 0.375 | F41: 0.99930556 | G41: =D41/235 -> 2978.7234 | H41: =MIN(9,MAX(0,(MIN(F41,TIME(18,0,0))-MAX(E41,TIME(9,0,0)))*24)) -> 9 | I41: =MAX(0,(MOD(F41-E41,1)*24)-H41) -> 5.9833333 | J41: =IF(B41="الجمعة",MOD(F41-E41,1)*24,0) -> 0 | K41: =(H41*G41)+(I41*G41*1.5)+(J41*G41*2) -> 53542.553 | N41: =IF(B41="الجمعة",0,IF(E41>TIME(9,0,0),(E41-TIME(9,0,0))*24*60*(G41/60),0)) -> 0 | O41: =K41+L41-M41-N41 -> 53542.553
A42: 45911 | B42: =CHOOSE(WEEKDAY(A42,2),"الاثنين","الثلاثاء","الأربعاء","الخميس","الجمعة","السبت","الأحد") -> الخميس | C42: عبدالرضا عقيل | D42: 700000 | E42: 0.41875 | F42: 0.99930556 | G42: =D42/235 -> 2978.7234 | H42: =MIN(9,MAX(0,(MIN(F42,TIME(18,0,0))-MAX(E42,TIME(9,0,0)))*24)) -> 7.95 | I42: =MAX(0,(MOD(F42-E42,1)*24)-H42) -> 5.9833333 | J42: =IF(B42="الجمعة",MOD(F42-E42,1)*24,0) -> 0 | K42: =(H42*G42)+(I42*G42*1.5)+(J42*G42*2) -> 50414.894 | M42: 50000 | N42: =IF(B42="الجمعة",0,IF(E42>TIME(9,0,0),(E42-TIME(9,0,0))*24*60*(G42/60),0)) -> 3127.6596 | O42: =K42+L42-M42-N42 -> -2712.766
A43: 45912 | B43: =CHOOSE(WEEKDAY(A43,2),"الاثنين","الثلاثاء","الأربعاء","الخميس","الجمعة","السبت","الأحد") -> الجمعة | C43: عبدالرضا عقيل | D43: 700000 | E43: 0.375 | F43: 0.99930556 | G43: =D43/235 -> 2978.7234 | H43: =MIN(9,MAX(0,(MIN(F43,TIME(18,0,0))-MAX(E43,TIME(9,0,0)))*24)) -> 9 | I43: 0 | J43: =IF(B43="الجمعة",MOD(F43-E43,1)*24,0) -> 14.983333 | K43: =(J43*G43*2) -> 89262.411 | N43: =IF(B43="الجمعة",0,IF(E43>TIME(9,0,0),(E43-TIME(9,0,0))*24*60*(G43/60),0)) -> 0 | O43: =K43+L43-M43-N43 -> 89262.411
A44: 45913 | B44: =CHOOSE(WEEKDAY(A44,2),"الاثنين","الثلاثاء","الأربعاء","الخميس","الجمعة","السبت","الأحد") -> السبت | C44: عبدالرضا عقيل | D44: 700000 | G44: =D44/235 -> 2978.7234 | H44: 0 | I44: =MAX(0,(MOD(F44-E44,1)*24)-H44) -> 0 | J44: =IF(B44="الجمعة",MOD(F44-E44,1)*24,0) -> 0 | K44: =(H44*G44)+(I44*G44*1.5)+(J44*G44*2) -> 0 | N44: =IF(B44="الجمعة",0,IF(E44>TIME(9,0,0),(E44-TIME(9,0,0))*24*60*(G44/60),0)) -> 0 | O44: =K44+L44-M44-N44 -> 0
A45: 45914 | B45: =CHOOSE(WEEKDAY(A45,2),"الاثنين","الثلاثاء","الأربعاء","الخميس","الجمعة","السبت","الأحد") -> الأحد | C45: عبدالرضا عقيل | D45: 700000 | E45: 0.34305556 | F45: 0.75 | G45: =D45/235 -> 2978.7234 | H45: =MIN(9,MAX(0,(MIN(F45,TIME(18,0,0))-MAX(E45,TIME(9,0,0)))*24)) -> 9 | I45: =MAX(0,(MOD(F45-E45,1)*24)-H45) -> 0.76666667 | J45: =IF(B45="الجمعة",MOD(F45-E45,1)*24,0) -> 0 | K45: =(H45*G45)+(I45*G45*1.5)+(J45*G45*2) -> 30234.043 | M45: 75000 | N45: =IF(B45="الجمعة",0,IF(E45>TIME(9,0,0),(E45-TIME(9,0,0))*24*60*(G45/60),0)) -> 0 | O45: =K45+L45-M45-N45 -> -44765.957
A46: 45915 | B46: =CHOOSE(WEEKDAY(A46,2),"الاثنين","الثلاثاء","الأربعاء","الخميس","الجمعة","السبت","الأحد") -> الاثنين | C46: عبدالرضا عقيل | D46: 700000 | E46: 0.39375 | F46: 0.75 | G46: =D46/235 -> 2978.7234 | H46: =MIN(9,MAX(0,(MIN(F46,TIME(18,0,0))-MAX(E46,TIME(9,0,0)))*24)) -> 8.55 | I46: =MAX(0,(MOD(F46-E46,1)*24)-H46) -> 0 | J46: =IF(B46="الجمعة",MOD(F46-E46,1)*24,0) -> 0 | K46: =(H46*G46)+(I46*G46*1.5)+(J46*G46*2) -> 25468.085 | N46: =IF(B46="الجمعة",0,IF(E46>TIME(9,0,0),(E46-TIME(9,0,0))*24*60*(G46/60),0)) -> 1340.4255 | O46: =K46+L46-M46-N46 -> 24127.66
A47: 45916 | B47: =CHOOSE(WEEKDAY(A47,2),"الاثنين","الثلاثاء","الأربعاء","الخميس","الجمعة","السبت","الأحد") -> الثلاثاء | C47: عبدالرضا عقيل | D47: 700000 | E47: 0.34791667 | F47: 0.77291667 | G47: =D47/235 -> 2978.7234 | H47: =MIN(9,MAX(0,(MIN(F47,TIME(18,0,0))-MAX(E47,TIME(9,0,0)))*24)) -> 9 | I47: =MAX(0,(MOD(F47-E47,1)*24)-H47) -> 1.2 | J47: =IF(B47="الجمعة",MOD(F47-E47,1)*24,0) -> 0 | K47: =(H47*G47)+(I47*G47*1.5)+(J47*G47*2) -> 32170.213 | N47: =IF(B47="الجمعة",0,IF(E47>TIME(9,0,0),(E47-TIME(9,0,0))*24*60*(G47/60),0)) -> 0 | O47: =K47+L47-M47-N47 -> 32170.213
A48: 45917 | B48: =CHOOSE(WEEKDAY(A48,2),"الاثنين","الثلاثاء","الأربعاء","الخميس","الجمعة","السبت","الأحد") -> الأربعاء | C48: عبدالرضا عقيل | D48: 700000 | E48: 0.375 | F48: 0.89375 | G48: =D48/235 -> 2978.7234 | H48: =MIN(9,MAX(0,(MIN(F48,TIME(18,0,0))-MAX(E48,TIME(9,0,0)))*24)) -> 9 | I48: =MAX(0,(MOD(F48-E48,1)*24)-H48) -> 3.45 | J48: =IF(B48="الجمعة",MOD(F48-E48,1)*24,0) -> 0 | K48: =(H48*G48)+(I48*G48*1.5)+(J48*G48*2) -> 42223.404 | N48: =IF(B48="الجمعة",0,IF(E48>TIME(9,0,0),(E48-TIME(9,0,0))*24*60*(G48/60),0)) -> 0 | O48: =K48+L48-M48-N48 -> 42223.404
A49: 45918 | B49: =CHOOSE(WEEKDAY(A49,2),"الاثنين","الثلاثاء","الأربعاء","الخميس","الجمعة","السبت","الأحد") -> الخميس | C49: عبدالرضا عقيل | D49: 700000 | E49: 0.39513889 | F49: 0.99930556 | G49: =D49/235 -> 2978.7234 | H49: =MIN(9,MAX(0,(MIN(F49,TIME(18,0,0))-MAX(E49,TIME(9,0,0)))*24)) -> 8.5166667 | I49: =MAX(0,(MOD(F49-E49,1)*24)-H49) -> 5.9833333 | J49: =IF(B49="الجمعة",MOD(F49-E49,1)*24,0) -> 0 | K49: =(H49*G49)+(I49*G49*1.5)+(J49*G49*2) -> 52102.837 | M49: 5000 | N49: =IF(B49="الجمعة",0,IF(E49>TIME(9,0,0),(E49-TIME(9,0,0))*24*60*(G49/60),0)) -> 1439.7163 | O49: =K49+L49-M49-N49 -> 45663.121
A50: 45919 | B50: =CHOOSE(WEEKDAY(A50,2),"الاثنين","الثلاثاء","الأربعاء","الخميس","الجمعة","السبت","الأحد") -> الجمعة | C50: عبدالرضا عقيل | D50: 700000 | E50: 0 | F50: 0.125 | G50: =D50/235 -> 2978.7234 | H50: =MIN(9,MAX(0,(MIN(F50,TIME(18,0,0))-MAX(E50,TIME(9,0,0)))*24)) -> 0 | I50: 0 | J50: =IF(B50="الجمعة",MOD(F50-E50,1)*24,0) -> 3 | K50: =(J50*G50*2) -> 17872.34 | N50: =IF(B50="الجمعة",0,IF(E50>TIME(9,0,0),(E50-TIME(9,0,0))*24*60*(G50/60),0)) -> 0 | O50: =K50+L50-M50-N50 -> 17872.34
A51: 45920 | B51: =CHOOSE(WEEKDAY(A51,2),"الاثنين","الثلاثاء","الأربعاء","الخميس","الجمعة","السبت","الأحد") -> السبت | C51: عبدالرضا عقيل | D51: 700000 | E51: 0.39236111 | F51: 0.68402778 | G51: =D51/235 -> 2978.7234 | H51: =MIN(9,MAX(0,(MIN(F51,TIME(18,0,0))-MAX(E51,TIME(9,0,0)))*24)) -> 7 | I51: =MAX(0,(MOD(F51-E51,1)*24)-H51) -> 0 | J51: =IF(B51="الجمعة",MOD(F51-E51,1)*24,0) -> 0 | K51: =(H51*G51)+(I51*G51*1.5)+(J51*G51*2) -> 20851.064 | N51: =IF(B51="الجمعة",0,IF(E51>TIME(9,0,0),(E51-TIME(9,0,0))*24*60*(G51/60),0)) -> 1241.1348 | O51: =K51+L51-M51-N51 -> 19609.929
A52: 45921 | B52: =CHOOSE(WEEKDAY(A52,2),"الاثنين","الثلاثاء","الأربعاء","الخميس","الجمعة","السبت","الأحد") -> الأحد | C52: عبدالرضا عقيل | D52: 700000 | G52: =D52/235 -> 2978.7234 | H52: 0 | I52: =MAX(0,(MOD(F52-E52,1)*24)-H52) -> 0 | J52: =IF(B52="الجمعة",MOD(F52-E52,1)*24,0) -> 0 | K52: =(H52*G52)+(I52*G52*1.5)+(J52*G52*2) -> 0 | M52: 50000 | N52: =IF(B52="الجمعة",0,IF(E52>TIME(9,0,0),(E52-TIME(9,0,0))*24*60*(G52/60),0)) -> 0 | O52: =K52+L52-M52-N52 -> -50000 | P52: السلفة اجور طعام مصروفة الى علي الكهربائي
A53: 45922 | B53: =CHOOSE(WEEKDAY(A53,2),"الاثنين","الثلاثاء","الأربعاء","الخميس","الجمعة","السبت","الأحد") -> الاثنين | C53: عبدالرضا عقيل | D53: 700000 | G53: =D53/235 -> 2978.7234 | H53: 0 | I53: =MAX(0,(MOD(F53-E53,1)*24)-H53) -> 0 | J53: =IF(B53="الجمعة",MOD(F53-E53,1)*24,0) -> 0 | K53: =(H53*G53)+(I53*G53*1.5)+(J53*G53*2) -> 0 | N53: =IF(B53="الجمعة",0,IF(E53>TIME(9,0,0),(E53-TIME(9,0,0))*24*60*(G53/60),0)) -> 0 | O53: =K53+L53-M53-N53 -> 0
A54: 45923 | B54: =CHOOSE(WEEKDAY(A54,2),"الاثنين","الثلاثاء","الأربعاء","الخميس","الجمعة","السبت","الأحد") -> الثلاثاء | C54: عبدالرضا عقيل | D54: 700000 | E54: 0.39166667 | F54: 0.66944444 | G54: =D54/235 -> 2978.7234 | H54: =MIN(9,MAX(0,(MIN(F54,TIME(18,0,0))-MAX(E54,TIME(9,0,0)))*24)) -> 6.6666667 | I54: =MAX(0,(MOD(F54-E54,1)*24)-H54) -> 0 | J54: =IF(B54="الجمعة",MOD(F54-E54,1)*24,0) -> 0 | K54: =(H54*G54)+(I54*G54*1.5)+(J54*G54*2) -> 19858.156 | M54: 100000 | N54: =IF(B54="الجمعة",0,IF(E54>TIME(9,0,0),(E54-TIME(9,0,0))*24*60*(G54/60),0)) -> 1191.4894 | O54: =K54+L54-M54-N54 -> -81333.333
A55: 45924 | B55: =CHOOSE(WEEKDAY(A55,2),"الاثنين","الثلاثاء","الأربعاء","الخميس","الجمعة","السبت","الأحد") -> الأربعاء | C55: عبدالرضا عقيل | D55: 700000 | E55: 0.42638889 | F55: 0.69513889 | G55: =D55/235 -> 2978.7234 | H55: =MIN(9,MAX(0,(MIN(F55,TIME(18,0,0))-MAX(E55,TIME(9,0,0)))*24)) -> 6.45 | I55: =MAX(0,(MOD(F55-E55,1)*24)-H55) -> 0 | J55: =IF(B55="الجمعة",MOD(F55-E55,1)*24,0) -> 0 | K55: =(H55*G55)+(I55*G55*1.5)+(J55*G55*2) -> 19212.766 | N55: =IF(B55="الجمعة",0,IF(E55>TIME(9,0,0),(E55-TIME(9,0,0))*24*60*(G55/60),0)) -> 3673.7589 | O55: =K55+L55-M55-N55 -> 15539.007
A56: 45925 | B56: =CHOOSE(WEEKDAY(A56,2),"الاثنين","الثلاثاء","الأربعاء","الخميس","الجمعة","السبت","الأحد") -> الخميس | C56: عبدالرضا عقيل | D56: 700000 | G56: =D56/235 -> 2978.7234 | H56: =MIN(9,MAX(0,(MIN(F56,TIME(18,0,0))-MAX(E56,TIME(9,0,0)))*24)) -> 9 | I56: =MAX(0,(MOD(F56-E56,1)*24)-H56) -> 0 | J56: =IF(B56="الجمعة",MOD(F56-E56,1)*24,0) -> 0 | K56: =(H56*G56)+(I56*G56*1.5)+(J56*G56*2) -> 26808.511 | N56: =IF(B56="الجمعة",0,IF(E56>TIME(9,0,0),(E56-TIME(9,0,0))*24*60*(G56/60),0)) -> 0 | O56: =K56+L56-M56-N56 -> 26808.511
A57: 45926 | B57: =CHOOSE(WEEKDAY(A57,2),"الاثنين","الثلاثاء","الأربعاء","الخميس","الجمعة","السبت","الأحد") -> الجمعة | C57: عبدالرضا عقيل | D57: 700000 | G57: =D57/235 -> 2978.7234 | H57: =MIN(9,MAX(0,(MIN(F57,TIME(18,0,0))-MAX(E57,TIME(9,0,0)))*24)) -> 9 | I57: 0 | J57: =IF(B57="الجمعة",MOD(F57-E57,1)*24,0) -> 0 | K57: =(J57*G57*2) -> 0 | N57: =IF(B57="الجمعة",0,IF(E57>TIME(9,0,0),(E57-TIME(9,0,0))*24*60*(G57/60),0)) -> 0 | O57: =K57+L57-M57-N57 -> 0
A58: 45927 | B58: =CHOOSE(WEEKDAY(A58,2),"الاثنين","الثلاثاء","الأربعاء","الخميس","الجمعة","السبت","الأحد") -> السبت | C58: عبدالرضا عقيل | D58: 700000 | E58: 0.40486111 | F58: 0.75694444 | G58: =D58/235 -> 2978.7234 | H58: =MIN(9,MAX(0,(MIN(F58,TIME(18,0,0))-MAX(E58,TIME(9,0,0)))*24)) -> 8.2833333 | I58: 0 | J58: =IF(B58="الجمعة",MOD(F58-E58,1)*24,0) -> 0 | K58: =(H58*G58)+(I58*G58*1.5)+(J58*G58*2) -> 24673.759 | N58: =IF(B58="الجمعة",0,IF(E58>TIME(9,0,0),(E58-TIME(9,0,0))*24*60*(G58/60),0)) -> 2134.7518 | O58: =K58+L58-M58-N58 -> 22539.007
A59: 45928 | B59: =CHOOSE(WEEKDAY(A59,2),"الاثنين","الثلاثاء","الأربعاء","الخميس","الجمعة","السبت","الأحد") -> الأحد | C59: عبدالرضا عقيل | D59: 700000 | E59: 0.42638889 | F59: 0.75277778 | G59: =D59/235 -> 2978.7234 | H59: =MIN(9,MAX(0,(MIN(F59,TIME(18,0,0))-MAX(E59,TIME(9,0,0)))*24)) -> 7.7666667 | I59: =MAX(0,(MOD(F59-E59,1)*24)-H59) -> 0.066666667 | J59: =IF(B59="الجمعة",MOD(F59-E59,1)*24,0) -> 0 | K59: =(H59*G59)+(I59*G59*1.5)+(J59*G59*2) -> 23432.624 | N59: =IF(B59="الجمعة",0,IF(E59>TIME(9,0,0),(E59-TIME(9,0,0))*24*60*(G59/60),0)) -> 3673.7589 | O59: =K59+L59-M59-N59 -> 19758.865
A60: 45929 | B60: =CHOOSE(WEEKDAY(A60,2),"الاثنين","الثلاثاء","الأربعاء","الخميس","الجمعة","السبت","الأحد") -> الاثنين | C60: عبدالرضا عقيل | D60: 700000 | E60: 0.42291667 | F60: 0.82361111 | G60: =D60/235 -> 2978.7234 | H60: =MIN(9,MAX(0,(MIN(F60,TIME(18,0,0))-MAX(E60,TIME(9,0,0)))*24)) -> 7.85 | I60: =MAX(0,(MOD(F60-E60,1)*24)-H60) -> 1.7666667 | J60: =IF(B60="الجمعة",MOD(F60-E60,1)*24,0) -> 0 | K60: =(H60*G60)+(I60*G60*1.5)+(J60*G60*2) -> 31276.596 | N60: =IF(B60="الجمعة",0,IF(E60>TIME(9,0,0),(E60-TIME(9,0,0))*24*60*(G60/60),0)) -> 3425.5319 | O60: =K60+L60-M60-N60 -> 27851.064
A61: 45930 | B61: =CHOOSE(WEEKDAY(A61,2),"الاثنين","الثلاثاء","الأربعاء","الخميس","الجمعة","السبت","الأحد") -> الثلاثاء | C61: عبدالرضا عقيل | D61: 700000 | E61: 0.39930556 | F61: 0.78541667 | G61: =D61/235 -> 2978.7234 | H61: =MIN(9,MAX(0,(MIN(F61,TIME(18,0,0))-MAX(E61,TIME(9,0,0)))*24)) -> 8.4166667 | I61: =MAX(0,(MOD(F61-E61,1)*24)-H61) -> 0.85 | J61: =IF(B61="الجمعة",MOD(F61-E61,1)*24,0) -> 0 | K61: =(H61*G61)+(I61*G61*1.5)+(J61*G61*2) -> 28868.794 | M61: 500000 | N61: =IF(B61="الجمعة",0,IF(E61>TIME(9,0,0),(E61-TIME(9,0,0))*24*60*(G61/60),0)) -> 1737.5887 | O61: =K61+L61-M61-N61 -> -472868.79
A62: 45901 | B62: =CHOOSE(WEEKDAY(A62,2),"الاثنين","الثلاثاء","الأربعاء","الخميس","الجمعة","السبت","الأحد") -> الاثنين | C62: حيدر يافوز | D62: 400000 | E62: 0.43680556 | F62: 0.75 | G62: =D62/235 -> 1702.1277 | H62: =MIN(9,MAX(0,(MIN(F62,TIME(18,0,0))-MAX(E62,TIME(9,0,0)))*24)) -> 7.5166667 | I62: =MAX(0,(MOD(F62-E62,1)*24)-H62) -> 0 | J62: =IF(B62="الجمعة",MOD(F62-E62,1)*24,0) -> 0 | K62: =(H62*G62)+(I62*G62*1.5)+(J62*G62*2) -> 12794.326 | N62: =IF(B62="الجمعة",0,IF(E62>TIME(9,0,0),(E62-TIME(9,0,0))*24*60*(G62/60),0)) -> 2524.8227 | O62: =K62+L62-M62-N62 -> 10269.504
A63: 45902 | B63: =CHOOSE(WEEKDAY(A63,2),"الاثنين","الثلاثاء","الأربعاء","الخميس","الجمعة","السبت","الأحد") -> الثلاثاء | C63: حيدر يافوز | D63: 400000 | E63: 0.35208333 | F63: 0.75 | G63: =D63/235 -> 1702.1277 | H63: =MIN(9,MAX(0,(MIN(F63,TIME(18,0,0))-MAX(E63,TIME(9,0,0)))*24)) -> 9 | I63: =MAX(0,(MOD(F63-E63,1)*24)-H63) -> 0.55 | J63: =IF(B63="الجمعة",MOD(F63-E63,1)*24,0) -> 0 | K63: =(H63*G63)+(I63*G63*1.5)+(J63*G63*2) -> 16723.404 | N63: =IF(B63="الجمعة",0,IF(E63>TIME(9,0,0),(E63-TIME(9,0,0))*24*60*(G63/60),0)) -> 0 | O63: =K63+L63-M63-N63 -> 16723.404
A64: 45903 | B64: =CHOOSE(WEEKDAY(A64,2),"الاثنين","الثلاثاء","الأربعاء","الخميس","الجمعة","السبت","الأحد") -> الأربعاء | C64: حيدر يافوز | D64: 400000 | E64: 0.27916667 | F64: 0.75 | G64: =D64/235 -> 1702.1277 | H64: =MIN(9,MAX(0,(MIN(F64,TIME(18,0,0))-MAX(E64,TIME(9,0,0)))*24)) -> 9 | I64: =MAX(0,(MOD(F64-E64,1)*24)-H64) -> 2.3 | J64: =IF(B64="الجمعة",MOD(F64-E64,1)*24,0) -> 0 | K64: =(H64*G64)+(I64*G64*1.5)+(J64*G64*2) -> 21191.489 | N64: =IF(B64="الجمعة",0,IF(E64>TIME(9,0,0),(E64-TIME(9,0,0))*24*60*(G64/60),0)) -> 0 | O64: =K64+L64-M64-N64 -> 21191.489
A65: 45904 | B65: =CHOOSE(WEEKDAY(A65,2),"الاثنين","الثلاثاء","الأربعاء","الخميس","الجمعة","السبت","الأحد") -> الخميس | C65: حيدر يافوز | D65: 400000 | E65: 0.375 | F65: 0.46805556 | G65: =D65/235 -> 1702.1277 | H65: =MIN(9,MAX(0,(MIN(F65,TIME(18,0,0))-MAX(E65,TIME(9,0,0)))*24)) -> 2.2333333 | I65: =MAX(0,(MOD(F65-E65,1)*24)-H65) -> 0 | J65: =IF(B65="الجمعة",MOD(F65-E65,1)*24,0) -> 0 | K65: =(H65*G65)+(I65*G65*1.5)+(J65*G65*2) -> 3801.4184 | M65: 50000 | N65: =IF(B65="الجمعة",0,IF(E65>TIME(9,0,0),(E65-TIME(9,0,0))*24*60*(G65/60),0)) -> 0 | O65: =K65+L65-M65-N65 -> -46198.582
A66: 45905 | B66: =CHOOSE(WEEKDAY(A66,2),"الاثنين","الثلاثاء","الأربعاء","الخميس","الجمعة","السبت","الأحد") -> الجمعة | C66: حيدر يافوز | D66: 400000 | E66: 0.75 | F66: 0.99930556 | G66: =D66/235 -> 1702.1277 | H66: =MIN(9,MAX(0,(MIN(F66,TIME(18,0,0))-MAX(E66,TIME(9,0,0)))*24)) -> 0 | I66: 0 | J66: =IF(B66="الجمعة",MOD(F66-E66,1)*24,0) -> 5.9833333 | K66: =(J66*G66*2) -> 20368.794 | N66: =IF(B66="الجمعة",0,IF(E66>TIME(9,0,0),(E66-TIME(9,0,0))*24*60*(G66/60),0)) -> 0 | O66: =K66+L66-M66-N66 -> 20368.794
A67: 45906 | B67: =CHOOSE(WEEKDAY(A67,2),"الاثنين","الثلاثاء","الأربعاء","الخميس","الجمعة","السبت","الأحد") -> السبت | C67: حيدر يافوز | D67: 400000 | E67: 0.40416667 | F67: 0.78333333 | G67: =D67/235 -> 1702.1277 | H67: =MIN(9,MAX(0,(MIN(F67,TIME(18,0,0))-MAX(E67,TIME(9,0,0)))*24)) -> 8.3 | I67: =MAX(0,(MOD(F67-E67,1)*24)-H67) -> 0.8 | J67: =IF(B67="الجمعة",MOD(F67-E67,1)*24,0) -> 0 | K67: =(H67*G67)+(I67*G67*1.5)+(J67*G67*2) -> 16170.213 | N67: =IF(B67="الجمعة",0,IF(E67>TIME(9,0,0),(E67-TIME(9,0,0))*24*60*(G67/60),0)) -> 1191.4894 | O67: =K67+L67-M67-N67 -> 14978.723
A68: 45907 | B68: =CHOOSE(WEEKDAY(A68,2),"الاثنين","الثلاثاء","الأربعاء","الخميس","الجمعة","السبت","الأحد") -> الأحد | C68: حيدر يافوز | D68: 400000 | E68: 0.38680556 | F68: 0.99930556 | G68: =D68/235 -> 1702.1277 | H68: =MIN(9,MAX(0,(MIN(F68,TIME(18,0,0))-MAX(E68,TIME(9,0,0)))*24)) -> 8.7166667 | I68: =MAX(0,(MOD(F68-E68,1)*24)-H68) -> 5.9833333 | J68: =IF(B68="الجمعة",MOD(F68-E68,1)*24,0) -> 0 | K68: =(H68*G68)+(I68*G68*1.5)+(J68*G68*2) -> 30113.475 | N68: =IF(B68="الجمعة",0,IF(E68>TIME(9,0,0),(E68-TIME(9,0,0))*24*60*(G68/60),0)) -> 482.2695 | O68: =K68+L68-M68-N68 -> 29631.206
A69: 45908 | B69: =CHOOSE(WEEKDAY(A69,2),"الاثنين","الثلاثاء","الأربعاء","الخميس","الجمعة","السبت","الأحد") -> الاثنين | C69: حيدر يافوز | D69: 400000 | E69: 0 | F69: 0.77638889 | G69: =D69/235 -> 1702.1277 | H69: =MIN(9,MAX(0,(MIN(F69,TIME(18,0,0))-MAX(E69,TIME(9,0,0)))*24)) -> 9 | I69: =MAX(0,(MOD(F69-E69,1)*24)-H69) -> 9.6333333 | J69: =IF(B69="الجمعة",MOD(F69-E69,1)*24,0) -> 0 | K69: =(H69*G69)+(I69*G69*1.5)+(J69*G69*2) -> 39914.894 | N69: =IF(B69="الجمعة",0,IF(E69>TIME(9,0,0),(E69-TIME(9,0,0))*24*60*(G69/60),0)) -> 0 | O69: =K69+L69-M69-N69 -> 39914.894
A70: 45909 | B70: =CHOOSE(WEEKDAY(A70,2),"الاثنين","الثلاثاء","الأربعاء","الخميس","الجمعة","السبت","الأحد") -> الثلاثاء | C70: حيدر يافوز | D70: 400000 | E70: 0.40902778 | F70: 0.75 | G70: =D70/235 -> 1702.1277 | H70: =MIN(9,MAX(0,(MIN(F70,TIME(18,0,0))-MAX(E70,TIME(9,0,0)))*24)) -> 8.1833333 | I70: =MAX(0,(MOD(F70-E70,1)*24)-H70) -> 0 | J70: =IF(B70="الجمعة",MOD(F70-E70,1)*24,0) -> 0 | K70: =(H70*G70)+(I70*G70*1.5)+(J70*G70*2) -> 13929.078 | N70: =IF(B70="الجمعة",0,IF(E70>TIME(9,0,0),(E70-TIME(9,0,0))*24*60*(G70/60),0)) -> 1390.0709 | O70: =K70+L70-M70-N70 -> 12539.007
A71: 45910 | B71: =CHOOSE(WEEKDAY(A71,2),"الاثنين","الثلاثاء","الأربعاء","الخميس","الجمعة","السبت","الأحد") -> الأربعاء | C71: حيدر يافوز | D71: 400000 | E71: 0.41666667 | F71: 0.95833333 | G71: =D71/235 -> 1702.1277 | H71: =MIN(9,MAX(0,(MIN(F71,TIME(18,0,0))-MAX(E71,TIME(9,0,0)))*24)) -> 8 | I71: =MAX(0,(MOD(F71-E71,1)*24)-H71) -> 5 | J71: =IF(B71="الجمعة",MOD(F71-E71,1)*24,0) -> 0 | K71: =(H71*G71)+(I71*G71*1.5)+(J71*G71*2) -> 26382.979 | N71: =IF(B71="الجمعة",0,IF(E71>TIME(9,0,0),(E71-TIME(9,0,0))*24*60*(G71/60),0)) -> 1702.1277 | O71: =K71+L71-M71-N71 -> 24680.851
A72: 45911 | B72: =CHOOSE(WEEKDAY(A72,2),"الاثنين","الثلاثاء","الأربعاء","الخميس","الجمعة","السبت","الأحد") -> الخميس | C72: حيدر يافوز | D72: 400000 | E72: 0.47222222 | F72: 0.99930556 | G72: =D72/235 -> 1702.1277 | H72: =MIN(9,MAX(0,(MIN(F72,TIME(18,0,0))-MAX(E72,TIME(9,0,0)))*24)) -> 6.6666667 | I72: =MAX(0,(MOD(F72-E72,1)*24)-H72) -> 5.9833333 | J72: =IF(B72="الجمعة",MOD(F72-E72,1)*24,0) -> 0 | K72: =(H72*G72)+(I72*G72*1.5)+(J72*G72*2) -> 26624.113 | M72: 50000 | N72: =IF(B72="الجمعة",0,IF(E72>TIME(9,0,0),(E72-TIME(9,0,0))*24*60*(G72/60),0)) -> 3971.6312 | O72: =K72+L72-M72-N72 -> -27347.518 | P72: السلفة اجور طعام مصروفة الى علي الكهربائي
A73: 45912 | B73: =CHOOSE(WEEKDAY(A73,2),"الاثنين","الثلاثاء","الأربعاء","الخميس","الجمعة","السبت","الأحد") -> الجمعة | C73: حيدر يافوز | D73: 400000 | E73: 0 | F73: 0.75 | G73: =D73/235 -> 1702.1277 | H73: =MIN(9,MAX(0,(MIN(F73,TIME(18,0,0))-MAX(E73,TIME(9,0,0)))*24)) -> 9 | I73: 0 | J73: =IF(B73="الجمعة",MOD(F73-E73,1)*24,0) -> 18 | K73: =(J73*G73*2) -> 61276.596 | N73: =IF(B73="الجمعة",0,IF(E73>TIME(9,0,0),(E73-TIME(9,0,0))*24*60*(G73/60),0)) -> 0 | O73: =K73+L73-M73-N73 -> 61276.596
A74: 45913 | B74: =CHOOSE(WEEKDAY(A74,2),"الاثنين","الثلاثاء","الأربعاء","الخميس","الجمعة","السبت","الأحد") -> السبت | C74: حيدر يافوز | D74: 400000 | G74: =D74/235 -> 1702.1277 | H74: 0 | I74: =MAX(0,(MOD(F74-E74,1)*24)-H74) -> 0 | J74: =IF(B74="الجمعة",MOD(F74-E74,1)*24,0) -> 0 | K74: =(H74*G74)+(I74*G74*1.5)+(J74*G74*2) -> 0 | N74: =IF(B74="الجمعة",0,IF(E74>TIME(9,0,0),(E74-TIME(9,0,0))*24*60*(G74/60),0)) -> 0 | O74: =K74+L74-M74-N74 -> 0
A75: 45914 | B75: =CHOOSE(WEEKDAY(A75,2),"الاثنين","الثلاثاء","الأربعاء","الخميس","الجمعة","السبت","الأحد") -> الأحد | C75: حيدر يافوز | D75: 400000 | E75: 0.375 | F75: 0.76388889 | G75: =D75/235 -> 1702.1277 | H75: =MIN(9,MAX(0,(MIN(F75,TIME(18,0,0))-MAX(E75,TIME(9,0,0)))*24)) -> 9 | I75: =MAX(0,(MOD(F75-E75,1)*24)-H75) -> 0.33333333 | J75: =IF(B75="الجمعة",MOD(F75-E75,1)*24,0) -> 0 | K75: =(H75*G75)+(I75*G75*1.5)+(J75*G75*2) -> 16170.213 | M75: 130000 | N75: =IF(B75="الجمعة",0,IF(E75>TIME(9,0,0),(E75-TIME(9,0,0))*24*60*(G75/60),0)) -> 0 | O75: =K75+L75-M75-N75 -> -113829.79
A76: 45915 | B76: =CHOOSE(WEEKDAY(A76,2),"الاثنين","الثلاثاء","الأربعاء","الخميس","الجمعة","السبت","الأحد") -> الاثنين | C76: حيدر يافوز | D76: 400000 | E76: 0.375 | F76: 0.76180556 | G76: =D76/235 -> 1702.1277 | H76: =MIN(9,MAX(0,(MIN(F76,TIME(18,0,0))-MAX(E76,TIME(9,0,0)))*24)) -> 9 | I76: =MAX(0,(MOD(F76-E76,1)*24)-H76) -> 0.28333333 | J76: =IF(B76="الجمعة",MOD(F76-E76,1)*24,0) -> 0 | K76: =(H76*G76)+(I76*G76*1.5)+(J76*G76*2) -> 16042.553 | N76: =IF(B76="الجمعة",0,IF(E76>TIME(9,0,0),(E76-TIME(9,0,0))*24*60*(G76/60),0)) -> 0 | O76: =K76+L76-M76-N76 -> 16042.553
A77: 45916 | B77: =CHOOSE(WEEKDAY(A77,2),"الاثنين","الثلاثاء","الأربعاء","الخميس","الجمعة","السبت","الأحد") -> الثلاثاء | C77: حيدر يافوز | D77: 400000 | E77: 0.37777778 | F77: 0.76666667 | G77: =D77/235 -> 1702.1277 | H77: =MIN(9,MAX(0,(MIN(F77,TIME(18,0,0))-MAX(E77,TIME(9,0,0)))*24)) -> 8.9333333 | I77: =MAX(0,(MOD(F77-E77,1)*24)-H77) -> 0.4 | J77: =IF(B77="الجمعة",MOD(F77-E77,1)*24,0) -> 0 | K77: =(H77*G77)+(I77*G77*1.5)+(J77*G77*2) -> 16226.95 | N77: =IF(B77="الجمعة",0,IF(E77>TIME(9,0,0),(E77-TIME(9,0,0))*24*60*(G77/60),0)) -> 113.47518 | O77: =K77+L77-M77-N77 -> 16113.475
A78: 45917 | B78: =CHOOSE(WEEKDAY(A78,2),"الاثنين","الثلاثاء","الأربعاء","الخميس","الجمعة","السبت","الأحد") -> الأربعاء | C78: حيدر يافوز | D78: 400000 | E78: 0.375 | F78: 0.75 | G78: =D78/235 -> 1702.1277 | H78: =MIN(9,MAX(0,(MIN(F78,TIME(18,0,0))-MAX(E78,TIME(9,0,0)))*24)) -> 9 | I78: =MAX(0,(MOD(F78-E78,1)*24)-H78) -> 0 | J78: =IF(B78="الجمعة",MOD(F78-E78,1)*24,0) -> 0 | K78: =(H78*G78)+(I78*G78*1.5)+(J78*G78*2) -> 15319.149 | N78: =IF(B78="الجمعة",0,IF(E78>TIME(9,0,0),(E78-TIME(9,0,0))*24*60*(G78/60),0)) -> 0 | O78: =K78+L78-M78-N78 -> 15319.149
A79: 45918 | B79: =CHOOSE(WEEKDAY(A79,2),"الاثنين","الثلاثاء","الأربعاء","الخميس","الجمعة","السبت","الأحد") -> الخميس | C79: حيدر يافوز | D79: 400000 | E79: 0.375 | F79: 0.50138889 | G79: =D79/235 -> 1702.1277 | H79: =MIN(9,MAX(0,(MIN(F79,TIME(18,0,0))-MAX(E79,TIME(9,0,0)))*24)) -> 3.0333333 | I79: =MAX(0,(MOD(F79-E79,1)*24)-H79) -> 0 | J79: =IF(B79="الجمعة",MOD(F79-E79,1)*24,0) -> 0 | K79: =(H79*G79)+(I79*G79*1.5)+(J79*G79*2) -> 5163.1206 | M79: 25000 | N79: =IF(B79="الجمعة",0,IF(E79>TIME(9,0,0),(E79-TIME(9,0,0))*24*60*(G79/60),0)) -> 0 | O79: =K79+L79-M79-N79 -> -19836.879
A80: 45919 | B80: =CHOOSE(WEEKDAY(A80,2),"الاثنين","الثلاثاء","الأربعاء","الخميس","الجمعة","السبت","الأحد") -> الجمعة | C80: حيدر يافوز | D80: 400000 | E80: 0.57291667 | F80: 0.77638889 | G80: =D80/235 -> 1702.1277 | H80: =MIN(9,MAX(0,(MIN(F80,TIME(18,0,0))-MAX(E80,TIME(9,0,0)))*24)) -> 4.25 | I80: 0 | J80: =IF(B80="الجمعة",MOD(F80-E80,1)*24,0) -> 4.8833333 | K80: =(J80*G80*2) -> 16624.113 | N80: =IF(B80="الجمعة",0,IF(E80>TIME(9,0,0),(E80-TIME(9,0,0))*24*60*(G80/60),0)) -> 0 | O80: =K80+L80-M80-N80 -> 16624.113
A81: 45920 | B81: =CHOOSE(WEEKDAY(A81,2),"الاثنين","الثلاثاء","الأربعاء","الخميس","الجمعة","السبت","الأحد") -> السبت | C81: حيدر يافوز | D81: 400000 | E81: 0.38680556 | F81: 0.79027778 | G81: =D81/235 -> 1702.1277 | H81: =MIN(9,MAX(0,(MIN(F81,TIME(18,0,0))-MAX(E81,TIME(9,0,0)))*24)) -> 8.7166667 | I81: =MAX(0,(MOD(F81-E81,1)*24)-H81) -> 0.96666667 | J81: =IF(B81="الجمعة",MOD(F81-E81,1)*24,0) -> 0 | K81: =(H81*G81)+(I81*G81*1.5)+(J81*G81*2) -> 17304.965 | N81: =IF(B81="الجمعة",0,IF(E81>TIME(9,0,0),(E81-TIME(9,0,0))*24*60*(G81/60),0)) -> 482.2695 | O81: =K81+L81-M81-N81 -> 16822.695
A82: 45921 | B82: =CHOOSE(WEEKDAY(A82,2),"الاثنين","الثلاثاء","الأربعاء","الخميس","الجمعة","السبت","الأحد") -> الأحد | C82: حيدر يافوز | D82: 400000 | E82: 0.35833333 | F82: 0.75 | G82: =D82/235 -> 1702.1277 | H82: =MIN(9,MAX(0,(MIN(F82,TIME(18,0,0))-MAX(E82,TIME(9,0,0)))*24)) -> 9 | I82: =MAX(0,(MOD(F82-E82,1)*24)-H82) -> 0.4 | J82: =IF(B82="الجمعة",MOD(F82-E82,1)*24,0) -> 0 | K82: =(H82*G82)+(I82*G82*1.5)+(J82*G82*2) -> 16340.426 | N82: =IF(B82="الجمعة",0,IF(E82>TIME(9,0,0),(E82-TIME(9,0,0))*24*60*(G82/60),0)) -> 0 | O82: =K82+L82-M82-N82 -> 16340.426
A83: 45922 | B83: =CHOOSE(WEEKDAY(A83,2),"الاثنين","الثلاثاء","الأربعاء","الخميس","الجمعة","السبت","الأحد") -> الاثنين | C83: حيدر يافوز | D83: 400000 | E83: 0.39166667 | F83: 0.75 | G83: =D83/235 -> 1702.1277 | H83: =MIN(9,MAX(0,(MIN(F83,TIME(18,0,0))-MAX(E83,TIME(9,0,0)))*24)) -> 8.6 | I83: =MAX(0,(MOD(F83-E83,1)*24)-H83) -> 0 | J83: =IF(B83="الجمعة",MOD(F83-E83,1)*24,0) -> 0 | K83: =(H83*G83)+(I83*G83*1.5)+(J83*G83*2) -> 14638.298 | N83: =IF(B83="الجمعة",0,IF(E83>TIME(9,0,0),(E83-TIME(9,0,0))*24*60*(G83/60),0)) -> 680.85106 | O83: =K83+L83-M83-N83 -> 13957.447
A84: 45923 | B84: =CHOOSE(WEEKDAY(A84,2),"الاثنين","الثلاثاء","الأربعاء","الخميس","الجمعة","السبت","الأحد") -> الثلاثاء | C84: حيدر يافوز | D84: 400000 | E84: 0.38611111 | F84: 0.75 | G84: =D84/235 -> 1702.1277 | H84: =MIN(9,MAX(0,(MIN(F84,TIME(18,0,0))-MAX(E84,TIME(9,0,0)))*24)) -> 8.7333333 | I84: =MAX(0,(MOD(F84-E84,1)*24)-H84) -> 0 | J84: =IF(B84="الجمعة",MOD(F84-E84,1)*24,0) -> 0 | K84: =(H84*G84)+(I84*G84*1.5)+(J84*G84*2) -> 14865.248 | N84: =IF(B84="الجمعة",0,IF(E84>TIME(9,0,0),(E84-TIME(9,0,0))*24*60*(G84/60),0)) -> 453.90071 | O84: =K84+L84-M84-N84 -> 14411.348
A85: 45924 | B85: =CHOOSE(WEEKDAY(A85,2),"الاثنين","الثلاثاء","الأربعاء","الخميس","الجمعة","السبت","الأحد") -> الأربعاء | C85: حيدر يافوز | D85: 400000 | E85: 0.38819444 | F85: 0.75 | G85: =D85/235 -> 1702.1277 | H85: =MIN(9,MAX(0,(MIN(F85,TIME(18,0,0))-MAX(E85,TIME(9,0,0)))*24)) -> 8.6833333 | I85: =MAX(0,(MOD(F85-E85,1)*24)-H85) -> 0 | J85: =IF(B85="الجمعة",MOD(F85-E85,1)*24,0) -> 0 | K85: =(H85*G85)+(I85*G85*1.5)+(J85*G85*2) -> 14780.142 | N85: =IF(B85="الجمعة",0,IF(E85>TIME(9,0,0),(E85-TIME(9,0,0))*24*60*(G85/60),0)) -> 539.00709 | O85: =K85+L85-M85-N85 -> 14241.135
A86: 45925 | B86: =CHOOSE(WEEKDAY(A86,2),"الاثنين","الثلاثاء","الأربعاء","الخميس","الجمعة","السبت","الأحد") -> الخميس | C86: حيدر يافوز | D86: 400000 | E86: 0.37777778 | F86: 0.75 | G86: =D86/235 -> 1702.1277 | H86: =MIN(9,MAX(0,(MIN(F86,TIME(18,0,0))-MAX(E86,TIME(9,0,0)))*24)) -> 8.9333333 | I86: =MAX(0,(MOD(F86-E86,1)*24)-H86) -> 0 | J86: =IF(B86="الجمعة",MOD(F86-E86,1)*24,0) -> 0 | K86: =(H86*G86)+(I86*G86*1.5)+(J86*G86*2) -> 15205.674 | N86: =IF(B86="الجمعة",0,IF(E86>TIME(9,0,0),(E86-TIME(9,0,0))*24*60*(G86/60),0)) -> 113.47518 | O86: =K86+L86-M86-N86 -> 15092.199
A87: 45926 | B87: =CHOOSE(WEEKDAY(A87,2),"الاثنين","الثلاثاء","الأربعاء","الخميس","الجمعة","السبت","الأحد") -> الجمعة | C87: حيدر يافوز | D87: 400000 | G87: =D87/235 -> 1702.1277 | H87: 0 | I87: 0 | J87: =IF(B87="الجمعة",MOD(F87-E87,1)*24,0) -> 0 | K87: =(J87*G87*2) -> 0 | N87: =IF(B87="الجمعة",0,IF(E87>TIME(9,0,0),(E87-TIME(9,0,0))*24*60*(G87/60),0)) -> 0 | O87: =K87+L87-M87-N87 -> 0
A88: 45927 | B88: =CHOOSE(WEEKDAY(A88,2),"الاثنين","الثلاثاء","الأربعاء","الخميس","الجمعة","السبت","الأحد") -> السبت | C88: حيدر يافوز | D88: 400000 | E88: 0.39583333 | F88: 0.75 | G88: =D88/235 -> 1702.1277 | H88: =MIN(9,MAX(0,(MIN(F88,TIME(18,0,0))-MAX(E88,TIME(9,0,0)))*24)) -> 8.5 | I88: =MAX(0,(MOD(F88-E88,1)*24)-H88) -> 0 | J88: =IF(B88="الجمعة",MOD(F88-E88,1)*24,0) -> 0 | K88: =(H88*G88)+(I88*G88*1.5)+(J88*G88*2) -> 14468.085 | N88: =IF(B88="الجمعة",0,IF(E88>TIME(9,0,0),(E88-TIME(9,0,0))*24*60*(G88/60),0)) -> 851.06383 | O88: =K88+L88-M88-N88 -> 13617.021
A89: 45928 | B89: =CHOOSE(WEEKDAY(A89,2),"الاثنين","الثلاثاء","الأربعاء","الخميس","الجمعة","السبت","الأحد") -> الأحد | C89: حيدر يافوز | D89: 400000 | E89: 0.39583333 | F89: 0.93125 | G89: =D89/235 -> 1702.1277 | H89: =MIN(9,MAX(0,(MIN(F89,TIME(18,0,0))-MAX(E89,TIME(9,0,0)))*24)) -> 8.5 | I89: =MAX(0,(MOD(F89-E89,1)*24)-H89) -> 4.35 | J89: =IF(B89="الجمعة",MOD(F89-E89,1)*24,0) -> 0 | K89: =(H89*G89)+(I89*G89*1.5)+(J89*G89*2) -> 25574.468 | M89: 30000 | N89: =IF(B89="الجمعة",0,IF(E89>TIME(9,0,0),(E89-TIME(9,0,0))*24*60*(G89/60),0)) -> 851.06383 | O89: =K89+L89-M89-N89 -> -5276.5957
A90: 45929 | B90: =CHOOSE(WEEKDAY(A90,2),"الاثنين","الثلاثاء","الأربعاء","الخميس","الجمعة","السبت","الأحد") -> الاثنين | C90: حيدر يافوز | D90: 400000 | E90: 0.39513889 | F90: 0.75 | G90: =D90/235 -> 1702.1277 | H90: =MIN(9,MAX(0,(MIN(F90,TIME(18,0,0))-MAX(E90,TIME(9,0,0)))*24)) -> 8.5166667 | I90: =MAX(0,(MOD(F90-E90,1)*24)-H90) -> 0 | J90: =IF(B90="الجمعة",MOD(F90-E90,1)*24,0) -> 0 | K90: =(H90*G90)+(I90*G90*1.5)+(J90*G90*2) -> 14496.454 | N90: =IF(B90="الجمعة",0,IF(E90>TIME(9,0,0),(E90-TIME(9,0,0))*24*60*(G90/60),0)) -> 822.69504 | O90: =K90+L90-M90-N90 -> 13673.759
A91: 45930 | B91: =CHOOSE(WEEKDAY(A91,2),"الاثنين","الثلاثاء","الأربعاء","الخميس","الجمعة","السبت","الأحد") -> الثلاثاء | C91: حيدر يافوز | D91: 400000 | E91: 0.37777778 | F91: 0.75 | G91: =D91/235 -> 1702.1277 | H91: =MIN(9,MAX(0,(MIN(F91,TIME(18,0,0))-MAX(E91,TIME(9,0,0)))*24)) -> 8.9333333 | I91: =MAX(0,(MOD(F91-E91,1)*24)-H91) -> 0 | J91: =IF(B91="الجمعة",MOD(F91-E91,1)*24,0) -> 0 | K91: =(H91*G91)+(I91*G91*1.5)+(J91*G91*2) -> 15205.674 | N91: =IF(B91="الجمعة",0,IF(E91>TIME(9,0,0),(E91-TIME(9,0,0))*24*60*(G91/60),0)) -> 113.47518 | O91: =K91+L91-M91-N91 -> 15092.199
A92: 45901 | B92: =CHOOSE(WEEKDAY(A92,2),"الاثنين","الثلاثاء","الأربعاء","الخميس","الجمعة","السبت","الأحد") -> الاثنين | C92: سراج نزار | D92: 600000 | E92: 0.38819444 | F92: 0.77777778 | G92: =D92/235 -> 2553.1915 | H92: =MIN(9,MAX(0,(MIN(F92,TIME(18,0,0))-MAX(E92,TIME(9,0,0)))*24)) -> 8.6833333 | I92: =MAX(0,(MOD(F92-E92,1)*24)-H92) -> 0.66666667 | J92: =IF(B92="الجمعة",MOD(F92-E92,1)*24,0) -> 0 | K92: =(H92*G92)+(I92*G92*1.5)+(J92*G92*2) -> 24723.404 | N92: =IF(B92="الجمعة",0,IF(E92>TIME(9,0,0),(E92-TIME(9,0,0))*24*60*(G92/60),0)) -> 808.51064 | O92: =K92+L92-M92-N92 -> 23914.894
A93: 45902 | B93: =CHOOSE(WEEKDAY(A93,2),"الاثنين","الثلاثاء","الأربعاء","الخميس","الجمعة","السبت","الأحد") -> الثلاثاء | C93: سراج نزار | D93: 600000 | E93: 0.4375 | F93: 0.77013889 | G93: =D93/235 -> 2553.1915 | H93: =MIN(9,MAX(0,(MIN(F93,TIME(18,0,0))-MAX(E93,TIME(9,0,0)))*24)) -> 7.5 | I93: =MAX(0,(MOD(F93-E93,1)*24)-H93) -> 0.48333333 | J93: =IF(B93="الجمعة",MOD(F93-E93,1)*24,0) -> 0 | K93: =(H93*G93)+(I93*G93*1.5)+(J93*G93*2) -> 21000 | L93: 2553 | N93: =IF(B93="الجمعة",0,IF(E93>TIME(9,0,0),(E93-TIME(9,0,0))*24*60*(G93/60),0)) -> 3829.7872 | O93: =K93+L93-M93-N93 -> 19723.213 | P93: 2 ساعة خارجي
A94: 45903 | B94: =CHOOSE(WEEKDAY(A94,2),"الاثنين","الثلاثاء","الأربعاء","الخميس","الجمعة","السبت","الأحد") -> الأربعاء | C94: سراج نزار | D94: 600000 | E94: 0.41041667 | F94: 0.75 | G94: =D94/235 -> 2553.1915 | H94: =MIN(9,MAX(0,(MIN(F94,TIME(18,0,0))-MAX(E94,TIME(9,0,0)))*24)) -> 8.15 | I94: =MAX(0,(MOD(F94-E94,1)*24)-H94) -> 0 | J94: =IF(B94="الجمعة",MOD(F94-E94,1)*24,0) -> 0 | K94: =(H94*G94)+(I94*G94*1.5)+(J94*G94*2) -> 20808.511 | L94: 22053 | N94: =IF(B94="الجمعة",0,IF(E94>TIME(9,0,0),(E94-TIME(9,0,0))*24*60*(G94/60),0)) -> 2170.2128 | O94: =K94+L94-M94-N94 -> 40691.298 | P94: 2 ساعة خارجي + نسبة اعلان لاب 300.000
A95: 45904 | B95: =CHOOSE(WEEKDAY(A95,2),"الاثنين","الثلاثاء","الأربعاء","الخميس","الجمعة","السبت","الأحد") -> الخميس | C95: سراج نزار | D95: 600000 | E95: 0.41666667 | F95: 0.75 | G95: =D95/235 -> 2553.1915 | H95: =MIN(9,MAX(0,(MIN(F95,TIME(18,0,0))-MAX(E95,TIME(9,0,0)))*24)) -> 8 | I95: =MAX(0,(MOD(F95-E95,1)*24)-H95) -> 0 | J95: =IF(B95="الجمعة",MOD(F95-E95,1)*24,0) -> 0 | K95: =(H95*G95)+(I95*G95*1.5)+(J95*G95*2) -> 20425.532 | L95: 2553 | N95: =IF(B95="الجمعة",0,IF(E95>TIME(9,0,0),(E95-TIME(9,0,0))*24*60*(G95/60),0)) -> 2553.1915 | O95: =K95+L95-M95-N95 -> 20425.34 | P95: 2 ساعة خارجي
A96: 45905 | B96: =CHOOSE(WEEKDAY(A96,2),"الاثنين","الثلاثاء","الأربعاء","الخميس","الجمعة","السبت","الأحد") -> الجمعة | C96: سراج نزار | D96: 600000 | E96: 0.375 | F96: 0.79791667 | G96: =D96/235 -> 2553.1915 | H96: =MIN(9,MAX(0,(MIN(F96,TIME(18,0,0))-MAX(E96,TIME(9,0,0)))*24)) -> 9 | I96: 0 | J96: =IF(B96="الجمعة",MOD(F96-E96,1)*24,0) -> 10.15 | K96: =(J96*G96*2) -> 51829.787 | N96: =IF(B96="الجمعة",0,IF(E96>TIME(9,0,0),(E96-TIME(9,0,0))*24*60*(G96/60),0)) -> 0 | O96: =K96+L96-M96-N96 -> 51829.787
A97: 45906 | B97: =CHOOSE(WEEKDAY(A97,2),"الاثنين","الثلاثاء","الأربعاء","الخميس","الجمعة","السبت","الأحد") -> السبت | C97: سراج نزار | D97: 600000 | E97: 0.38680556 | F97: 0.75347222 | G97: =D97/235 -> 2553.1915 | H97: =MIN(9,MAX(0,(MIN(F97,TIME(18,0,0))-MAX(E97,TIME(9,0,0)))*24)) -> 8.7166667 | I97: =MAX(0,(MOD(F97-E97,1)*24)-H97) -> 0.083333333 | J97: =IF(B97="الجمعة",MOD(F97-E97,1)*24,0) -> 0 | K97: =(H97*G97)+(I97*G97*1.5)+(J97*G97*2) -> 22574.468 | N97: =IF(B97="الجمعة",0,IF(E97>TIME(9,0,0),(E97-TIME(9,0,0))*24*60*(G97/60),0)) -> 723.40426 | O97: =K97+L97-M97-N97 -> 21851.064
A98: 45907 | B98: =CHOOSE(WEEKDAY(A98,2),"الاثنين","الثلاثاء","الأربعاء","الخميس","الجمعة","السبت","الأحد") -> الأحد | C98: سراج نزار | D98: 600000 | E98: 0.39166667 | F98: 0.96041667 | G98: =D98/235 -> 2553.1915 | H98: =MIN(9,MAX(0,(MIN(F98,TIME(18,0,0))-MAX(E98,TIME(9,0,0)))*24)) -> 8.6 | I98: =MAX(0,(MOD(F98-E98,1)*24)-H98) -> 5.05 | J98: =IF(B98="الجمعة",MOD(F98-E98,1)*24,0) -> 0 | K98: =(H98*G98)+(I98*G98*1.5)+(J98*G98*2) -> 41297.872 | N98: =IF(B98="الجمعة",0,IF(E98>TIME(9,0,0),(E98-TIME(9,0,0))*24*60*(G98/60),0)) -> 1021.2766 | O98: =K98+L98-M98-N98 -> 40276.596
A99: 45908 | B99: =CHOOSE(WEEKDAY(A99,2),"الاثنين","الثلاثاء","الأربعاء","الخميس","الجمعة","السبت","الأحد") -> الاثنين | C99: سراج نزار | D99: 600000 | E99: 0.42638889 | F99: 0.76875 | G99: =D99/235 -> 2553.1915 | H99: =MIN(9,MAX(0,(MIN(F99,TIME(18,0,0))-MAX(E99,TIME(9,0,0)))*24)) -> 7.7666667 | I99: =MAX(0,(MOD(F99-E99,1)*24)-H99) -> 0.45 | J99: =IF(B99="الجمعة",MOD(F99-E99,1)*24,0) -> 0 | K99: =(H99*G99)+(I99*G99*1.5)+(J99*G99*2) -> 21553.191 | N99: =IF(B99="الجمعة",0,IF(E99>TIME(9,0,0),(E99-TIME(9,0,0))*24*60*(G99/60),0)) -> 3148.9362 | O99: =K99+L99-M99-N99 -> 18404.255
A100: 45909 | B100: =CHOOSE(WEEKDAY(A100,2),"الاثنين","الثلاثاء","الأربعاء","الخميس","الجمعة","السبت","الأحد") -> الثلاثاء | C100: سراج نزار | D100: 600000 | E100: 0.41041667 | F100: 0.82291667 | G100: =D100/235 -> 2553.1915 | H100: =MIN(9,MAX(0,(MIN(F100,TIME(18,0,0))-MAX(E100,TIME(9,0,0)))*24)) -> 8.15 | I100: =MAX(0,(MOD(F100-E100,1)*24)-H100) -> 1.75 | J100: =IF(B100="الجمعة",MOD(F100-E100,1)*24,0) -> 0 | K100: =(H100*G100)+(I100*G100*1.5)+(J100*G100*2) -> 27510.638 | N100: =IF(B100="الجمعة",0,IF(E100>TIME(9,0,0),(E100-TIME(9,0,0))*24*60*(G100/60),0)) -> 2170.2128 | O100: =K100+L100-M100-N100 -> 25340.426
...

Sheet Income
C1: =COUNTIF(C3:C908,"=نقد") -> 833 | E1: =COUNTIF(E3:E908,"=الابرار") -> 0 | G1: =SUM(G3:G908) -> 341716500 | H1: =SUM(H3:H908) -> 1872250 | I1: =G1-H1 -> 339844250 | J1: =SUM(J3:J908) -> 333447500 | K1: =SUM(K3:K908) -> 6396750
A2: رقم الوصل | B2: التاريخ | C2: النوع | D2: الاسم | E2: الوصف / البند | F2: الكمية | G2: المجموع | H2: الخصم | I2: الاجمالي | J2: المستلم | K2: المتبقي | L2: الملاحظات | M2: Column 13
A3: wx1 | B3: 45658 | C3: نقد | D3: حسين | E3: بوكس حلقات | F3: 1 | G3: 120000 | H3: 0 | I3: =G3-H3 -> 120000 | J3: 120000 | K3: =IFERROR(G3-H3-J3,0) -> 0
A4: wx2 | B4: 45658 | C4: نقد | D4: حسين | E4: بورد بصمات | F4: 1 | G4: 35000 | H4: 0 | I4: =G4-H4 -> 35000 | J4: 35000 | K4: =IFERROR(G4-H4-J4,0) -> 0
A5: wx3 | B5: 45658 | C5: نقد | D5: حسين | E5: لوح فوم | F5: 1 | G5: 62000 | H5: 0 | I5: =G5-H5 -> 62000 | J5: 62000 | K5: =IFERROR(G5-H5-J5,0) -> 0
A6: 000/42 | B6: 45658 | C6: نقد | D6: حسين | E6: بوكس فوم عدد2 | F6: 1 | G6: 45000 | H6: 0 | I6: =G6-H6 -> 45000 | J6: 45000 | K6: =IFERROR(G6-H6-J6,0) -> 0 | L6: 19798000
A7: wx4 | B7: 45658 | C7: نقد | D7: حسين | E7: شريط مسكة | F7: 1 | G7: 5000 | H7: 0 | I7: =G7-H7 -> 5000 | J7: 5000 | K7: =IFERROR(G7-H7-J7,0) -> 0 | L7: =L8-L6 -> 2866000
A8: wx6 | B8: 45659 | C8: نقد | D8: الورشة | E8: كتابة اكريلك ذهبي | F8: 1 | G8: 15000 | H8: 0 | I8: =G8-H8 -> 15000 | J8: 15000 | K8: =IFERROR(G8-H8-J8,0) -> 0 | L8: 22664000
A9: wx7 | B9: 45659 | C9: نقد | D9: حسين | E9: كوشة منتظر | F9: 1 | G9: 550000 | H9: 0 | I9: =G9-H9 -> 550000 | J9: 550000 | K9: =IFERROR(G9-H9-J9,0) -> 0
A10: 954716 | B10: 45659 | C10: نقد | D10: حسين | E10: بوكس حلقات مع قاعدة | F10: 1 | G10: 160000 | H10: 0 | I10: =G10-H10 -> 160000 | J10: 160000 | K10: =IFERROR(G10-H10-J10,0) -> 0
A11: 939288 | B11: 45660 | C11: نقد | D11: حسين | E11: تعاليق | F11: 1 | G11: 30000 | H11: 0 | I11: =G11-H11 -> 30000 | J11: 30000 | K11: =IFERROR(G11-H11-J11,0) -> 0
A12: wx8 | B12: 45661 | C12: نقد | D12: الورشة | E12: وائل خطاط | F12: 1 | G12: 7000 | H12: 0 | I12: =G12-H12 -> 7000 | J12: 7000 | K12: =IFERROR(G12-H12-J12,0) -> 0
A13: wx9 | B13: 45661 | C13: نقد | D13: الورشة | E13: استلام دين عن اعلان | F13: 1 | G13: 1535000 | H13: 0 | I13: =G13-H13 -> 1535000 | J13: 1535000 | K13: =IFERROR(G13-H13-J13,0) -> 0
A14: 984645 | B14: 45662 | C14: نقد | D14: حسين | E14: بوكس ذهب | F14: 1 | G14: 145000 | H14: 0 | I14: =G14-H14 -> 145000 | J14: 145000 | K14: =IFERROR(G14-H14-J14,0) -> 0
A15: 000/63 | B15: 45662 | C15: نقد | D15: حسين | E15: مبخرة | F15: 1 | G15: 35000 | H15: 0 | I15: =G15-H15 -> 35000 | J15: 35000 | K15: =IFERROR(G15-H15-J15,0) -> 0
A16: 000/84 | B16: 45662 | C16: نقد | D16: الورشة | E16: لوحة مكتبية | F16: 1 | G16: 25000 | H16: 0 | I16: =G16-H16 -> 25000 | J16: 25000 | K16: =IFERROR(G16-H16-J16,0) -> 0
A17: wx10 | B17: 45663 | C17: نقد | D17: المالك | E17: 23 قطعة اكرلك | F17: 1 | G17: 380000 | H17: 0 | I17: =G17-H17 -> 380000 | J17: 380000 | K17: =IFERROR(G17-H17-J17,0) -> 0
A18: 000/63 | B18: 45663 | C18: نقد | D18: حسين | E18: مبخرة | F18: 1 | G18: 60000 | H18: 0 | I18: =G18-H18 -> 60000 | J18: 60000 | K18: =IFERROR(G18-H18-J18,0) -> 0
A19: 000/75 | B19: 45663 | C19: نقد | D19: حسين | E19: بورد بصمات | F19: 1 | G19: 30000 | H19: 0 | I19: =G19-H19 -> 30000 | J19: 30000 | K19: =IFERROR(G19-H19-J19,0) -> 0
A20: 000/64 | B20: 45663 | C20: نقد | D20: حسين | E20: مكتبيه | F20: 1 | G20: 75000 | H20: 0 | I20: =G20-H20 -> 75000 | J20: 75000 | K20: =IFERROR(G20-H20-J20,0) -> 0
A21: 000/82 | B21: 45663 | C21: نقد | D21: الورشة | E21: علامات دلالة | F21: 1 | G21: 200000 | H21: 0 | I21: =G21-H21 -> 200000 | J21: 200000 | K21: =IFERROR(G21-H21-J21,0) -> 0
A22: 000/83 | B22: 45663 | C22: نقد | D22: حسين | E22: لوغو كوزمتك | F22: 1 | G22: 60000 | H22: 0 | I22: =G22-H22 -> 60000 | J22: 60000 | K22: =IFERROR(G22-H22-J22,0) -> 0
A23: wx11 | B23: 45664 | C23: ديون | D23: حسين | E23: شريط ورد | F23: 1 | G23: 5000 | H23: 0 | I23: =G23-H23 -> 5000 | J23: 0 | K23: =IFERROR(G23-H23-J23,0) -> 5000
A24: 784646 | B24: 45664 | C24: نقد | D24: حسين | E24: بوكس ذهب | F24: 1 | G24: 70000 | H24: 0 | I24: =G24-H24 -> 70000 | J24: 70000 | K24: =IFERROR(G24-H24-J24,0) -> 0
A25: 784644 | B25: 45664 | C25: نقد | D25: حسين | E25: بوكس حلقات | F25: 1 | G25: 60000 | H25: 0 | I25: =G25-H25 -> 60000 | J25: 60000 | K25: =IFERROR(G25-H25-J25,0) -> 0
A26: 784644 | B26: 45664 | C26: نقد | D26: حسين | E26: بورد بصمات | F26: 1 | G26: 30000 | H26: 0 | I26: =G26-H26 -> 30000 | J26: 30000 | K26: =IFERROR(G26-H26-J26,0) -> 0
A27: wx12 | B27: 45664 | C27: نقد | D27: حسين | E27: حلقات اكريليك ذهبي | F27: 1 | G27: 7000 | H27: 0 | I27: =G27-H27 -> 7000 | J27: 7000 | K27: =IFERROR(G27-H27-J27,0) -> 0
A28: 000/66 | B28: 45664 | C28: نقد | D28: حسين | E28: مبخرة مع علبة بخور | F28: 1 | G28: 75000 | H28: 0 | I28: =G28-H28 -> 75000 | J28: 75000 | K28: =IFERROR(G28-H28-J28,0) -> 0
A29: 000/65 | B29: 45664 | C29: نقد | D29: حسين | E29: فوم جداري | F29: 1 | G29: 50000 | H29: 0 | I29: =G29-H29 -> 50000 | J29: 50000 | K29: =IFERROR(G29-H29-J29,0) -> 0
A30: 000/69 | B30: 45664 | C30: نقد | D30: حسين | E30: بوكس مهر | F30: 1 | G30: 300000 | H30: 0 | I30: =G30-H30 -> 300000 | J30: 300000 | K30: =IFERROR(G30-H30-J30,0) -> 0
A31: wx13 | B31: 45664 | C31: نقد | D31: الورشة | E31: اعلان | F31: 1 | G31: 550000 | H31: 0 | I31: =G31-H31 -> 550000 | J31: 550000 | K31: =IFERROR(G31-H31-J31,0) -> 0
A32: 784642 | B32: 45664 | C32: نقد | D32: حسين | E32: بوكس حلقات | F32: 1 | G32: 50000 | H32: 0 | I32: =G32-H32 -> 50000 | J32: 50000 | K32: =IFERROR(G32-H32-J32,0) -> 0
A33: 784644 | B33: 45664 | C33: نقد | D33: حسين | E33: بورد بصمات | F33: 1 | G33: 35000 | H33: 0 | I33: =G33-H33 -> 35000 | J33: 35000 | K33: =IFERROR(G33-H33-J33,0) -> 0
A34: 000/68 | B34: 45665 | C34: جزئي | D34: حسين | E34: احرف علب بخور | F34: 1 | G34: 25000 | H34: 0 | I34: =G34-H34 -> 25000 | J34: 15000 | K34: =IFERROR(G34-H34-J34,0) -> 10000
A35: 000/76 | B35: 45665 | C35: نقد | D35: حسين | E35: بوكس فلوس | F35: 1 | G35: 65000 | H35: 0 | I35: =G35-H35 -> 65000 | J35: 65000 | K35: =IFERROR(G35-H35-J35,0) -> 0
A36: 000/68 | B36: 45665 | C36: نقد | D36: حسين | E36: اسماء كوشه | F36: 1 | G36: 25000 | H36: 0 | I36: =G36-H36 -> 25000 | J36: 25000 | K36: =IFERROR(G36-H36-J36,0) -> 0
A37: 000/72 | B37: 45665 | C37: نقد | D37: الورشة | E37: 4 بوكسات | F37: 1 | G37: 60000 | H37: 0 | I37: =G37-H37 -> 60000 | J37: 60000 | K37: =IFERROR(G37-H37-J37,0) -> 0
A38: 000/71 | B38: 45665 | C38: نقد | D38: حسين | E38: بوكس فارغ | F38: 1 | G38: 20000 | H38: 0 | I38: =G38-H38 -> 20000 | J38: 20000 | K38: =IFERROR(G38-H38-J38,0) -> 0
A39: 000/59 | B39: 45665 | C39: نقد | D39: الورشة | E39: اعلان cnc | F39: 1 | G39: 1425000 | H39: 0 | I39: =G39-H39 -> 1425000 | J39: 1425000 | K39: =IFERROR(G39-H39-J39,0) -> 0
A40: 000/60 | B40: 45665 | C40: نقد | D40: الورشة | E40: كوبون cnc | F40: 1 | G40: 10000 | H40: 0 | I40: =G40-H40 -> 10000 | J40: 10000 | K40: =IFERROR(G40-H40-J40,0) -> 0
A41: wx14 | B41: 45666 | C41: ديون | D41: حسين | E41: حسن ورباب اكريليك مع بورد اسماء | F41: 1 | G41: 40000 | H41: 0 | I41: =G41-H41 -> 40000 | J41: 0 | K41: =IFERROR(G41-H41-J41,0) -> 40000
A42: 784650 | B42: 45666 | C42: نقد | D42: حسين | E42: بوكس قران | F42: 1 | G42: 245000 | H42: 0 | I42: =G42-H42 -> 245000 | J42: 245000 | K42: =IFERROR(G42-H42-J42,0) -> 0
A43: 954739 | B43: 45666 | C43: نقد | D43: حسين | E43: مبخرة + علبة بخور | F43: 1 | G43: 70000 | H43: 0 | I43: =G43-H43 -> 70000 | J43: 70000 | K43: =IFERROR(G43-H43-J43,0) -> 0
A44: 954739 | B44: 45666 | C44: نقد | D44: حسين | E44: بورد بصمات | F44: 1 | G44: 40000 | H44: 0 | I44: =G44-H44 -> 40000 | J44: 40000 | K44: =IFERROR(G44-H44-J44,0) -> 0
A45: 000/74 | B45: 45666 | C45: نقد | D45: حسين | E45: بورد بصمات | F45: 1 | G45: 40000 | H45: 0 | I45: =G45-H45 -> 40000 | J45: 40000 | K45: =IFERROR(G45-H45-J45,0) -> 0
A46: 000/74 | B46: 45666 | C46: نقد | D46: حسين | E46: عبارة اكريلك | F46: 1 | G46: 20000 | H46: 0 | I46: =G46-H46 -> 20000 | J46: 20000 | K46: =IFERROR(G46-H46-J46,0) -> 0
A47: 000/77 | B47: 45666 | C47: نقد | D47: حسين | E47: بورد تغليف قذيفة مع اسماء عدد 3 | F47: 1 | G47: 60000 | H47: 0 | I47: =G47-H47 -> 60000 | J47: 60000 | K47: =IFERROR(G47-H47-J47,0) -> 0
A48: 000/78 | B48: 45667 | C48: نقد | D48: حسين | E48: كتابة اكرلك | F48: 1 | G48: 15000 | H48: 0 | I48: =G48-H48 -> 15000 | J48: 15000 | K48: =IFERROR(G48-H48-J48,0) -> 0
A49: 954719 | B49: 45667 | C49: نقد | D49: حسين | E49: بورد بصمات | F49: 1 | G49: 10000 | H49: 0 | I49: =G49-H49 -> 10000 | J49: 10000 | K49: =IFERROR(G49-H49-J49,0) -> 0
A50: 954725 | B50: 45667 | C50: نقد | D50: حسين | E50: بوكس ذهب | F50: 1 | G50: 150000 | H50: 0 | I50: =G50-H50 -> 150000 | J50: 150000 | K50: =IFERROR(G50-H50-J50,0) -> 0
A51: 954725 | B51: 45667 | C51: نقد | D51: حسين | E51: بوكس حلقات | F51: 1 | G51: 60000 | H51: 0 | I51: =G51-H51 -> 60000 | J51: 60000 | K51: =IFERROR(G51-H51-J51,0) -> 0
A52: 954725 | B52: 45667 | C52: نقد | D52: حسين | E52: مبخرة علبة بخور قاعدة | F52: 1 | G52: 85000 | H52: 0 | I52: =G52-H52 -> 85000 | J52: 85000 | K52: =IFERROR(G52-H52-J52,0) -> 0
A53: 954725 | B53: 45667 | C53: نقد | D53: حسين | E53: علبة مسكه | F53: 1 | G53: 40000 | H53: 0 | I53: =G53-H53 -> 40000 | J53: 40000 | K53: =IFERROR(G53-H53-J53,0) -> 0
A54: 954725 | B54: 45667 | C54: نقد | D54: حسين | E54: بورد بصمات | F54: 1 | G54: 40000 | H54: 0 | I54: =G54-H54 -> 40000 | J54: 40000 | K54: =IFERROR(G54-H54-J54,0) -> 0
A55: 784649 | B55: 45668 | C55: نقد | D55: حسين | E55: مبخره | F55: 1 | G55: 30000 | H55: 0 | I55: =G55-H55 -> 30000 | J55: 30000 | K55: =IFERROR(G55-H55-J55,0) -> 0
A56: wx15 | B56: 45668 | C56: نقد | D56: حسين | E56: طبع قماش | F56: 1 | G56: 25000 | H56: 0 | I56: =G56-H56 -> 25000 | J56: 25000 | K56: =IFERROR(G56-H56-J56,0) -> 0
A57: 000/80 | B57: 45668 | C57: نقد | D57: حسين | E57: دفتر تخرج | F57: 1 | G57: 50000 | H57: 0 | I57: =G57-H57 -> 50000 | J57: 50000 | K57: =IFERROR(G57-H57-J57,0) -> 0
A58: 954718 | B58: 45668 | C58: نقد | D58: حسين | E58: بوكس ذهب | F58: 1 | G58: 170000 | H58: 0 | I58: =G58-H58 -> 170000 | J58: 170000 | K58: =IFERROR(G58-H58-J58,0) -> 0
A59: 000/73 | B59: 45668 | C59: نقد | D59: حسين | E59: مقدمة حلويات | F59: 1 | G59: 45000 | H59: 0 | I59: =G59-H59 -> 45000 | J59: 45000 | K59: =IFERROR(G59-H59-J59,0) -> 0
A60: 000/72 | B60: 45668 | C60: نقد | D60: حسين | E60: قماش طبع | F60: 1 | G60: 20000 | H60: 0 | I60: =G60-H60 -> 20000 | J60: 20000 | K60: =IFERROR(G60-H60-J60,0) -> 0
A61: 000/61 | B61: 45668 | C61: نقد | D61: حسين | E61: بوكس حلقات | F61: 1 | G61: 40000 | H61: 0 | I61: =G61-H61 -> 40000 | J61: 40000 | K61: =IFERROR(G61-H61-J61,0) -> 0
A62: 000/1 | B62: 45669 | C62: نقد | D62: حسين | E62: اسماء مكتبية عدد 2 | F62: 1 | G62: 35000 | H62: 0 | I62: =G62-H62 -> 35000 | J62: 35000 | K62: =IFERROR(G62-H62-J62,0) -> 0
A63: 000/3 | B63: 45670 | C63: نقد | D63: حسين | E63: ديكور MDF | F63: 1 | G63: 350000 | H63: 0 | I63: =G63-H63 -> 350000 | J63: 350000 | K63: =IFERROR(G63-H63-J63,0) -> 0
A64: 000/65 | B64: 45670 | C64: نقد | D64: الورشة | E64: عقارات مريومة | F64: 1 | G64: 400000 | H64: 0 | I64: =G64-H64 -> 400000 | J64: 400000 | K64: =IFERROR(G64-H64-J64,0) -> 0
A65: 00/1 | B65: 45671 | C65: ديون | D65: الورشة | E65: زخرفة عجواني | F65: 1 | G65: 30000 | H65: 0 | I65: =G65-H65 -> 30000 | J65: 0 | K65: =IFERROR(G65-H65-J65,0) -> 30000
A66: 954717 | B66: 45671 | C66: نقد | D66: حسين | E66: بوكس حلقات | F66: 1 | G66: 55000 | H66: 0 | I66: =G66-H66 -> 55000 | J66: 55000 | K66: =IFERROR(G66-H66-J66,0) -> 0
A67: 000/66-67 | B67: 45672 | C67: نقد | D67: حسين | E67: خلفية جبس عربي | F67: 1 | G67: 650000 | H67: 0 | I67: =G67-H67 -> 650000 | J67: 650000 | K67: =IFERROR(G67-H67-J67,0) -> 0
A68: 000/70 | B68: 45672 | C68: نقد | D68: الورشة | E68: وائل الخطاط | F68: 1 | G68: 50000 | H68: 0 | I68: =G68-H68 -> 50000 | J68: 50000 | K68: =IFERROR(G68-H68-J68,0) -> 0
A69: 000/58 | B69: 45672 | C69: نقد | D69: الورشة | E69: درع حسب الطلب | F69: 1 | G69: 100000 | H69: 0 | I69: =G69-H69 -> 100000 | J69: 100000 | K69: =IFERROR(G69-H69-J69,0) -> 0
A70: 000/69 | B70: 45672 | C70: نقد | D70: الورشة | E70: فلكس طبع | F70: 1 | G70: 16000 | H70: 0 | I70: =G70-H70 -> 16000 | J70: 16000 | K70: =IFERROR(G70-H70-J70,0) -> 0
A71: wx16 | B71: 45672 | C71: نقد | D71: الورشة | E71: استلام دين عن اعلان | F71: 1 | G71: 150000 | H71: 0 | I71: =G71-H71 -> 150000 | J71: 150000 | K71: =IFERROR(G71-H71-J71,0) -> 0
A72: 000/87 | B72: 45673 | C72: نقد | D72: حسين | E72: مبخرة+علبة بخور | F72: 1 | G72: 70000 | H72: 0 | I72: =G72-H72 -> 70000 | J72: 70000 | K72: =IFERROR(G72-H72-J72,0) -> 0
A73: 00/85 | B73: 45673 | C73: نقد | D73: الورشة | E73: ظروف حجم A3 | F73: 1 | G73: 200000 | H73: 0 | I73: =G73-H73 -> 200000 | J73: 200000 | K73: =IFERROR(G73-H73-J73,0) -> 0
A74: wx17 | B74: 45675 | C74: نقد | D74: حسين | E74: دفتر تخرج | F74: 1 | G74: 50000 | H74: 0 | I74: =G74-H74 -> 50000 | J74: 50000 | K74: =IFERROR(G74-H74-J74,0) -> 0
A75: 000/83 | B75: 45675 | C75: نقد | D75: حسين | E75: بورد بصمات + تعلاقات كلاصات | F75: 1 | G75: 15000 | H75: 0 | I75: =G75-H75 -> 15000 | J75: 15000 | K75: =IFERROR(G75-H75-J75,0) -> 0
A76: 954721 | B76: 45675 | C76: نقد | D76: حسين | E76: مبخرة | F76: 1 | G76: 45000 | H76: 0 | I76: =G76-H76 -> 45000 | J76: 45000 | K76: =IFERROR(G76-H76-J76,0) -> 0
A77: 000/81 | B77: 45675 | C77: نقد | D77: حسين | E77: اسم فوم | F77: 1 | G77: 15000 | H77: 0 | I77: =G77-H77 -> 15000 | J77: 15000 | K77: =IFERROR(G77-H77-J77,0) -> 0
A78: wx18 | B78: 45675 | C78: نقد | D78: حسين | E78: بوكس مهر | F78: 1 | G78: 125000 | H78: 0 | I78: =G78-H78 -> 125000 | J78: 125000 | K78: =IFERROR(G78-H78-J78,0) -> 0
A79: 98 | B79: 45675 | C79: نقد | D79: حسين | E79: بورد ايباد | F79: 1 | G79: 100000 | H79: 0 | I79: =G79-H79 -> 100000 | J79: 100000 | K79: =IFERROR(G79-H79-J79,0) -> 0
A80: 98 | B80: 45675 | C80: نقد | D80: حسين | E80: بوكس مهر | F80: 1 | G80: 100000 | H80: 0 | I80: =G80-H80 -> 100000 | J80: 100000 | K80: =IFERROR(G80-H80-J80,0) -> 0
A81: 000/82 | B81: 45675 | C81: نقد | D81: حسين | E81: بورد حفر | F81: 1 | G81: 15000 | H81: 0 | I81: =G81-H81 -> 15000 | J81: 15000 | K81: =IFERROR(G81-H81-J81,0) -> 0
A82: 954724 | B82: 45675 | C82: نقد | D82: حسين | E82: بورد بصمات | F82: 1 | G82: 45000 | H82: 0 | I82: =G82-H82 -> 45000 | J82: 45000 | K82: =IFERROR(G82-H82-J82,0) -> 0
A83: 000/88 | B83: 45675 | C83: نقد | D83: حسين | E83: مبخرة | F83: 1 | G83: 35000 | H83: 0 | I83: =G83-H83 -> 35000 | J83: 35000 | K83: =IFERROR(G83-H83-J83,0) -> 0
A84: wx19 | B84: 45675 | C84: نقد | D84: الورشة | E84: اكريليك فضي | F84: 1 | G84: 10000 | H84: 0 | I84: =G84-H84 -> 10000 | J84: 10000 | K84: =IFERROR(G84-H84-J84,0) -> 0
A85: 000/89 | B85: 45675 | C85: نقد | D85: رشيد | E85: مسكة اكريليك | F85: 1 | G85: 10000 | H85: 0 | I85: =G85-H85 -> 10000 | J85: 10000 | K85: =IFERROR(G85-H85-J85,0) -> 0
A86: 000/90 | B86: 45675 | C86: نقد | D86: رشيد | E86: حروف اكريليك | F86: 1 | G86: 10000 | H86: 0 | I86: =G86-H86 -> 10000 | J86: 10000 | K86: =IFERROR(G86-H86-J86,0) -> 0
A87: 954741 | B87: 45675 | C87: نقد | D87: حسين | E87: بوكس حلقات | F87: 1 | G87: 50000 | H87: 0 | I87: =G87-H87 -> 50000 | J87: 50000 | K87: =IFERROR(G87-H87-J87,0) -> 0
A88: 954741 | B88: 45675 | C88: نقد | D88: حسين | E88: علبة بخور+ قاعدة | F88: 1 | G88: 75000 | H88: 0 | I88: =G88-H88 -> 75000 | J88: 75000 | K88: =IFERROR(G88-H88-J88,0) -> 0
A89: 954741 | B89: 45675 | C89: نقد | D89: حسين | E89: بورد اكرلك | F89: 1 | G89: 45000 | H89: 0 | I89: =G89-H89 -> 45000 | J89: 45000 | K89: =IFERROR(G89-H89-J89,0) -> 0
A90: 954741 | B90: 45675 | C90: نقد | D90: حسين | E90: بوكس مهر | F90: 1 | G90: 125000 | H90: 0 | I90: =G90-H90 -> 125000 | J90: 125000 | K90: =IFERROR(G90-H90-J90,0) -> 0
A91: 954741 | B91: 45675 | C91: نقد | D91: حسين | E91: رسالة العمر | F91: 1 | G91: 35000 | H91: 0 | I91: =G91-H91 -> 35000 | J91: 35000 | K91: =IFERROR(G91-H91-J91,0) -> 0
A92: 954741 | B92: 45675 | C92: نقد | D92: حسين | E92: بوكس حلقات | F92: 1 | G92: 50000 | H92: 0 | I92: =G92-H92 -> 50000 | J92: 50000 | K92: =IFERROR(G92-H92-J92,0) -> 0
A93: 000/74 | B93: 45675 | C93: نقد | D93: الورشة | E93: اعلان داخلي | F93: 1 | G93: 200000 | H93: 0 | I93: =G93-H93 -> 200000 | J93: 200000 | K93: =IFERROR(G93-H93-J93,0) -> 0
A94: 954741 | B94: 45676 | C94: نقد | D94: حسين | E94: بورد توقيع | F94: 1 | G94: 45000 | H94: 0 | I94: =G94-H94 -> 45000 | J94: 45000 | K94: =IFERROR(G94-H94-J94,0) -> 0
A95: 954741 | B95: 45676 | C95: نقد | D95: حسين | E95: اسماء منضدي | F95: 1 | G95: 50000 | H95: 0 | I95: =G95-H95 -> 50000 | J95: 50000 | K95: =IFERROR(G95-H95-J95,0) -> 0
A96: 954724 | B96: 45676 | C96: نقد | D96: حسين | E96: مبخرة علبة بخور قاعدة | F96: 1 | G96: 75000 | H96: 0 | I96: =G96-H96 -> 75000 | J96: 75000 | K96: =IFERROR(G96-H96-J96,0) -> 0
A97: 954724 | B97: 45676 | C97: نقد | D97: حسين | E97: قران | F97: 1 | G97: 20000 | H97: 0 | I97: =G97-H97 -> 20000 | J97: 20000 | K97: =IFERROR(G97-H97-J97,0) -> 0
A98: 000/91 | B98: 45676 | C98: نقد | D98: حسين | E98: مبخرة | F98: 1 | G98: 35000 | H98: 0 | I98: =G98-H98 -> 35000 | J98: 35000 | K98: =IFERROR(G98-H98-J98,0) -> 0
A99: wx20 | B99: 45676 | C99: نقد | D99: حسين | E99: تعلاقة | F99: 1 | G99: 10000 | H99: 0 | I99: =G99-H99 -> 10000 | J99: 10000 | K99: =IFERROR(G99-H99-J99,0) -> 0
A100: wx21 | B100: 45676 | C100: نقد | D100: حسين | E100: تعلاقة مسكات | F100: 1 | G100: 10000 | H100: 0 | I100: =G100-H100 -> 10000 | J100: 10000 | K100: =IFERROR(G100-H100-J100,0) -> 0
...

Sheet Archive
A1: رقم الوصل | B1: التاريخ | C1: النوع | D1: الاسم | E1: الوصف / البند | F1: الكمية | G1: المجموع | H1: الخصم | I1: الاجمالي | J1: المستلم / المدفوع | K1: المتبقي | L1: الملاحظات
A2: 5001 | B2: 45973 | C2: شراء | D2: محل جينكو | E2: جينكو | F2: 7 || 1 | G2: 176000 | H2: 1000 | I2: 175000 | J2: 175000 | K2: 0
A3: 5002 | B3: 45973 | C3: شراء | D3: حسين سعد | E3: جرخ كوسرة | F3: 6 || 2 | G3: 14000 | H3: 0 | I3: 14000 | J3: 14000 | K3: 0
A4: 37349 | B4: 45966 | C4: شراء | D4: الخوره | E4: كلوروفوم | F4: 1 || 3 || 1 | G4: 50000 | H4: 0 | I4: 50000 | J4: 50000 | K4: 0
A5: 5003 | B5: 45973 | C5: شراء | D5: سيف عدنان | E5: لفة دبل | F5: 1 || 1 | G5: 3000 | H5: 0 | I5: 3500 | J5: 3500 | K5: 0
A6: 5004 | B6: 45973 | C6: شراء | D6: سرالج | E6: سلكون صوصج | F6: 1 | G6: 50000 | H6: 0 | I6: 50000 | J6: 50000 | K6: 0
A7: 1001 | B7: 45970 | C7: بيع | D7: يوسف يعقوب | E7: احرف لدائن | F7: 36 | G7: 36000 | H7: 0 | I7: 36000 | J7: 0 | K7: 0
A8: 1002 | B8: 45976 | C8: بيع | D8: سراج | E8: عارضة عطور فوم علاى شكل مدرج | F8: 6 | G8: 100500 | H8: 0 | I8: 90000 | J8: 0 | K8: 0
A9: 2933 | B9: 45965 | C9: شراء | D9: معرض الابرار | E9: بلاستك برتقالي بلاستك بنفسجي لد شمسي | F9: 1 || 1 || 8 | G9: 178000 | H9: 0 | I9: 178000 | J9: 0 | K9: 178000
A10: 2938 | B10: 45965 | C10: شراء | D10: معرض الابرار | E10: لد شريط 8 ملم ابيض | F10: 8 | G10: 88000 | H10: 0 | I10: 88000 | J10: 0 | K10: 88000
A11: 2866 | B11: 45966 | C11: شراء | D11: معرض الابرار | E11: بلاستك + اجر ة | F11: 1 || 1 || 1 | G11: 120000 | H11: 0 | I11: 120000 | J11: 0 | K11: 120000
C12: شراء

Sheet Form
A1: البيع | E1: الشراء
I2: العمل الاسطوري الذي اممامك هو خارج قدرات العقل البشري فلا تحاول صنع شئ مشابه لانك و بكل بساطة لاتستطيع
A3: رقم الوصل | C3: الورشة للطباعة و لكافة انواع الاعلانات الضوئية و اعمال الديكور الداخلي و الخارجي | E3: رقم الوصل | G3: الورشة للطباعة و لكافة انواع الاعلانات الضوئية و اعمال الديكور الداخلي و الخارجي
A4: التأريخ | E4: التأريخ
A5: الاسم | E5: الاسم
I6: بيع | J6: شراء
C7: 10000 | D7: =B7*C7 -> 0 | G7: 23000 | I7: =B7*D7 -> 0 | J7: =F7*G7 -> 0
D8: =B8*C8 -> 0 | G8: 14000 | I8: =B8*D8 -> 0 | J8: =F8*G8 -> 0
D9: =B9*C9 -> 0 | I9: =B9*D9 -> 0 | J9: =F9*G9 -> 0
D10: =B10*C10 -> 0 | I10: =B10*D10 -> 0 | J10: =F10*G10 -> 0
D11: =B11*C11 -> 0 | I11: =B11*D11 -> 0 | J11: =F11*G11 -> 0
D12: =B12*C12 -> 0 | I12: =B12*D12 -> 0 | J12: =F12*G12 -> 0
D13: =B13*C13 -> 0 | I13: =B13*D13 -> 0 | J13: =F13*G13 -> 0
D14: =B14*C14 -> 0 | I14: =B14*D14 -> 0 | J14: =F14*G14 -> 0
D15: =B15*C15 -> 0 | I15: =B15*D15 -> 0 | J15: =F15*G15 -> 0
D16: =B16*C16 -> 0 | I16: =B16*D16 -> 0 | J16: =F16*G16 -> 0
D17: =B17*C17 -> 0 | I17: =B17*D17 -> 0 | J17: =F17*G17 -> 0
D18: =B18*C18 -> 0 | I18: =B18*D18 -> 0 | J18: =F18*G18 -> 0
A19: المجموع | C19: =sum(D7:D18) -> 0 | E19: المجموع | F19: 175000 | G19: =sum(J7:J18) -> 0 | I19: بعد كتابة تفاصيل الوصل تأخذ المجاميع من الخانات المقابلة لها يتم نسخها ووضعها في مكانها
A20: الخصم | B20: 500 | E20: الخصم | G20: 0
A21: الاجمالي | C21: =C19-B20 -> -500 | E21: الاجمالي | F21: =G19-F20 -> 0 | G21: =F19-F20 -> 175000 | I21: بعد اضغط على الدالة البرمجية للبيع او للشراء تذهب المعلومات تلقائيا الى الارشيف والايرادات اذا كان بيع و المصروفات اذا كان شراء
A22: المستلم | B22: 17000 | E22: المدفوع
A23: المتبقي | C23: =C21-B22 -> -17500 | E23: المتبقي | G23: =G21-F22 -> 175000 | I23: تحتاج الدالة الموافقة من داخل الحساب المربوط بالجدول لكي تعمل بشكل صحيح
A24: الملاحظات | E24: الملاحظات

Sheet Expense
E1: =#REF! -> #REF! | G1: =SUM(جدول_6[المجموع]) -> 206850085 | H1: =sum(H4:H1430) -> 0 | I1: =SUM(I4:I1430) -> 206849085 | J1: =SUM(J4:J1430) -> 204777085 | K1: =sum(K4:K1430) -> 2073000
A2: رقم الوصل | B2: التاريخ | C2: النوع | D2: الاسم | E2: الوصف / البند | F2: الكية | G2: المجموع | H2: الخصم | I2: الاجمالي | J2: المدفوع | K2: المتبقي | L2: الملاحظات | M2: Column 13 | N2: Column 14
A4: 644 | B4: 45659 | C4: تكاليف تطوير | D4: المكتب | E4: صحيات | G4: 84000 | H4: 0 | I4: 84000 | J4: 84000 | K4: =IFERROR(G4-H4-J4,0) -> 0
B5: 45659 | C5: استهلاكيات ورشة | D5: الورشة | E5: شراء كفوف وكمامات | G5: 20000 | H5: 0 | I5: 20000 | J5: 20000 | K5: =IFERROR(G5-H5-J5,0) -> 0
B6: 45659 | C6: استهلاكيات ورشة | D6: الورشة | E6: كهربائيات | G6: 20000 | H6: 0 | I6: 20000 | J6: 20000 | K6: =IFERROR(G6-H6-J6,0) -> 0
B7: 45659 | C7: رصيد | D7: الورشة | E7: طرقات ورصيد | G7: 15000 | H7: 0 | I7: 15000 | J7: 15000 | K7: =IFERROR(G7-H7-J7,0) -> 0
B8: 45661 | C8: المواد الخام | D8: الورشة | E8: شراء اقمشة | G8: 50000 | H8: 0 | I8: 50000 | J8: 50000 | K8: =IFERROR(G8-H8-J8,0) -> 0
A9: 12٬224 | B9: 45661 | C9: عدة يدوية | D9: الورشة | E9: مكص قماش ومستلزمات تعليب | G9: 26000 | H9: 0 | I9: 26000 | J9: 26000 | K9: =IFERROR(G9-H9-J9,0) -> 0
B10: 45662 | C10: استهلاكيات ورشة | D10: الورشة | E10: شراء كهربائيات | G10: 30000 | H10: 0 | I10: 30000 | J10: 30000 | K10: =IFERROR(G10-H10-J10,0) -> 0
A11: 32327 وصل قبض الورشة | B11: 45663 | C11: خشب MDF | D11: الورشة | E11: تسديد حساب قديم ( صفاء ) | G11: 765000 | H11: 0 | I11: 765000 | J11: 765000 | K11: =IFERROR(G11-H11-J11,0) -> 0
B12: 45663 | C12: خدمات | D12: الورشة | E12: شراء معدات ولواصق | G12: 45000 | H12: 0 | I12: 45000 | J12: 45000 | K12: =IFERROR(G12-H12-J12,0) -> 0
B13: 45663 | C13: المواد الخام | D13: الورشة | E13: شراء عدد يدوية + مواد للصحيات | G13: 40000 | H13: 0 | I13: 40000 | J13: 40000 | K13: =IFERROR(G13-H13-J13,0) -> 0
B14: 45663 | C14: عدة يدوية | D14: الورشة | E14: عدة حدادة يوسف | G14: 40000 | H14: 0 | I14: 40000 | J14: 40000 | K14: =IFERROR(G14-H14-J14,0) -> 0
B15: 45663 | C15: خدمات | D15: الورشة | E15: نقليات (تكسي توصيل طلبيات) | G15: 11000 | H15: 0 | I15: 11000 | J15: 11000 | K15: =IFERROR(G15-H15-J15,0) -> 0
A16: 3٬562 | B16: 45664 | C16: المواد الخام | D16: الورشة | E16: الابرار | G16: 192000 | H16: 0 | I16: 192000 | J16: 192000 | K16: =IFERROR(G16-H16-J16,0) -> 0
B17: 45664 | C17: استهلاكيات ورشة | D17: الورشة | E17: صرفيات يوسف نثرية ( مواد تنظيف - عدة - بخاخات -....) | G17: 40000 | H17: 0 | I17: 40000 | J17: 40000 | K17: =IFERROR(G17-H17-J17,0) -> 0
A18: 31٬089 | B18: 45666 | C18: المواد الخام | D18: الورشة | E18: عمود تل | G18: 180000 | H18: 0 | I18: 180000 | J18: 180000 | K18: =IFERROR(G18-H18-J18,0) -> 0
A19: 943 | B19: 45666 | C19: لواصق | D19: الورشة | E19: علي عبد الواحد حمود | G19: 77500 | H19: 0 | I19: 77500 | J19: 77500 | K19: =IFERROR(G19-H19-J19,0) -> 0
A20: 30٬053 | B20: 45666 | C20: المواد الخام | D20: الورشة | E20: شركة الضيف | G20: 55000 | I20: 55000 | J20: 55000 | K20: =IFERROR(G20-H20-J20,0) -> 0
A21: 1٬474 | B21: 45666 | C21: استهلاكيات ورشة | D21: الورشة | E21: درة الخليج | G21: 43750 | H21: 0 | I21: 43750 | J21: 43750 | K21: =IFERROR(G21-H21-J21,0) -> 0
A22: 244 | B22: 45666 | C22: استهلاكيات ورشة | D22: محل الاخوين | E22: انشائيات | G22: 43000 | H22: 0 | I22: 43000 | J22: 43000 | K22: =IFERROR(G22-H22-J22,0) -> 0
A23: 121 | B23: 45666 | C23: نثرية | D23: وليد | E23: نثرية | G23: 25000 | H23: 0 | I23: 25000 | J23: 25000 | K23: =IFERROR(G23-H23-J23,0) -> 0
B24: 45666 | C24: خدمات | D24: نقليات | E24: نقليات | G24: 20000 | H24: 0 | I24: 20000 | J24: 20000 | K24: =IFERROR(G24-H24-J24,0) -> 0
B25: 45666 | C25: استهلاكيات ورشة | D25: الورشة | E25: شراء كفوف وكمامات | G25: 10000 | H25: 0 | I25: 10000 | J25: 10000 | K25: =IFERROR(G25-H25-J25,0) -> 0
B26: 45666 | C26: تكاليف تطوير | D26: الورشة | E26: شراء كاكات | G26: 10000 | I26: 10000 | J26: 10000 | K26: =IFERROR(G26-H26-J26,0) -> 0
B27: 45666 | C27: رصيد | D27: الورشة | E27: شراء رصيد | G27: 10000 | H27: 0 | I27: 10000 | J27: 10000 | K27: =IFERROR(G27-H27-J27,0) -> 0
A28: 121 | B28: 45666 | C28: لواصق | D28: الورشة | E28: علي عبد الواحد حمود | G28: 8000 | H28: 0 | I28: 8000 | J28: 8000 | K28: =IFERROR(G28-H28-J28,0) -> 0
B29: 45666 | C29: استهلاكيات ورشة | D29: الورشة | E29: نفاضة | G29: 5000 | H29: 0 | I29: 5000 | J29: 5000 | K29: =IFERROR(G29-H29-J29,0) -> 0
B30: 45667 | C30: خدمات | D30: الورشة | E30: وليد طرقات | G30: 26000 | H30: 0 | I30: 26000 | J30: 26000 | K30: =IFERROR(G30-H30-J30,0) -> 0
B31: 45667 | C31: خدمات | D31: الورشة | E31: طرقات اشرف | G31: 15000 | H31: 0 | I31: 15000 | J31: 15000 | K31: =IFERROR(G31-H31-J31,0) -> 0
B32: 45667 | C32: رصيد | D32: الورشة | E32: رصيد | G32: 10000 | H32: 0 | I32: 10000 | J32: 10000 | K32: =IFERROR(G32-H32-J32,0) -> 0
B33: 45667 | C33: خدمات | D33: الورشة | E33: نقليات | G33: 5000 | H33: 0 | I33: 5000 | J33: 5000 | K33: =IFERROR(G33-H33-J33,0) -> 0
A34: 3٬615 | B34: 45668 | C34: المواد الخام | D34: الابرار | E34: الابرار | G34: 1097000 | H34: 0 | I34: 1097000 | J34: 1097000 | K34: =IFERROR(G34-H34-J34,0) -> 0
A35: 31٬771 | B35: 45668 | C35: المواد الخام | D35: الخورة | E35: الخورة | G35: 260000 | H35: 0 | I35: 260000 | J35: 260000 | K35: =IFERROR(G35-H35-J35,0) -> 0
B36: 45669 | C36: خدمات | D36: الورشة | E36: نقليات عبدالرضا | G36: 25000 | H36: 0 | I36: 25000 | J36: 25000 | K36: =IFERROR(G36-H36-J36,0) -> 0
B37: 45670 | C37: استهلاكيات ورشة | D37: الورشة | E37: مشتريات( مسامير + كهربائيات + نثرية) | G37: 250000 | H37: 0 | I37: 250000 | J37: 250000 | K37: =IFERROR(G37-H37-J37,0) -> 0
A38: 3٬662 | B38: 45670 | C38: المواد الخام | D38: الورشة | E38: الابرار | G38: 85000 | H38: 0 | I38: 85000 | J38: 85000 | K38: =IFERROR(G38-H38-J38,0) -> 0
B39: 45670 | C39: المواد الخام | D39: الورشة | E39: شراء اقمشة ومواد خام | G39: 75000 | H39: 0 | I39: 75000 | J39: 75000 | K39: =IFERROR(G39-H39-J39,0) -> 0
B40: 45670 | C40: خدمات | D40: الورشة | E40: نقل حسين للمدينة | G40: 40000 | H40: 0 | I40: 40000 | J40: 40000 | K40: =IFERROR(G40-H40-J40,0) -> 0
A41: 60٬186 | B41: 45670 | C41: المواد الخام | D41: الورشة | E41: الضيف | G41: 31500 | H41: 0 | I41: 31500 | J41: 31500 | K41: =IFERROR(G41-H41-J41,0) -> 0
A42: 3٬532 | B42: 45671 | C42: المواد الخام | D42: الورشة | E42: الابرار | G42: 57000 | H42: 0 | I42: 57000 | J42: 57000 | K42: =IFERROR(G42-H42-J42,0) -> 0
B43: 45671 | C43: رصيد | D43: الورشة | E43: شراء رصيد لهاتف الورشة + هاتف اشرف | G43: 30000 | H43: 0 | I43: 30000 | J43: 30000 | K43: =IFERROR(G43-H43-J43,0) -> 0
B44: 45671 | C44: نثرية | D44: الورشة | E44: نقليات + شراء مواد خام | G44: 25000 | H44: 0 | I44: 25000 | J44: 25000 | K44: =IFERROR(G44-H44-J44,0) -> 0
A45: 18٬637 | B45: 45671 | C45: المواد الخام | D45: الورشة | E45: ابو حسن الفائق | G45: 15000 | H45: 0 | I45: 15000 | J45: 15000 | K45: =IFERROR(G45-H45-J45,0) -> 0
A46: 1٬610 | B46: 45672 | C46: خشب MDF | D46: الورشة | E46: اخشاب الماجد | G46: 155000 | H46: 0 | I46: 155000 | J46: 155000 | K46: =IFERROR(G46-H46-J46,0) -> 0
B47: 45672 | C47: خدمات | D47: الورشة | E47: اشتراك نت | G47: 65000 | H47: 0 | I47: 65000 | J47: 65000 | K47: =IFERROR(G47-H47-J47,0) -> 0
A48: 31٬870 | B48: 45672 | C48: عدة يدوية | D48: الخورة | E48: خشب فايبر صاج | G48: 35000 | H48: 0 | I48: 35000 | J48: 35000 | K48: =IFERROR(G48-H48-J48,0) -> 0
B49: 45673 | C49: المواد الخام | D49: الورشة | E49: اقمشة وعدة حسين | G49: 75000 | H49: 0 | I49: 75000 | J49: 75000 | K49: =IFERROR(G49-H49-J49,0) -> 0
B50: 45673 | C50: خدمات | D50: الورشة | E50: بنكو | G50: 15000 | H50: 0 | I50: 15000 | J50: 15000 | K50: =IFERROR(G50-H50-J50,0) -> 0
A51: 31٬894 | B51: 45674 | C51: عدة يدوية | D51: الورشة | E51: الخورة | G51: 255000 | H51: 0 | I51: 255000 | J51: 255000 | K51: =IFERROR(G51-H51-J51,0) -> 0
A52: ؟؟؟؟ | B52: 45674 | C52: نثرية | D52: صرفيات يوسف | E52: نثرية | G52: 110000 | H52: 0 | I52: 110000 | J52: 110000 | K52: =IFERROR(G52-H52-J52,0) -> 0
B53: 45675 | C53: نثرية | D53: الورشة | E53: مصاريف | G53: 5000 | H53: 0 | I53: 5000 | J53: 5000 | K53: =IFERROR(G53-H53-J53,0) -> 0
A54: 000-76 | B54: 45676 | C54: خدمات | D54: عبد الرضا عقيل | E54: صرفيات ورشة 000-76 | G54: 270000 | H54: 0 | I54: 270000 | J54: 270000 | K54: =IFERROR(G54-H54-J54,0) -> 0
A55: 30٬196 | B55: 45676 | C55: عدة يدوية | D55: الورشة | E55: الضيف | G55: 102000 | H55: 0 | I55: 102000 | J55: 102000 | K55: =IFERROR(G55-H55-J55,0) -> 0
A56: 30٬196 | B56: 45676 | C56: خدمات | D56: الورشة | E56: بنكو و باسكت | G56: 75000 | H56: 0 | I56: 75000 | J56: 75000 | K56: =IFERROR(G56-H56-J56,0) -> 0
A57: 118٬547 | B57: 45676 | C57: المواد الخام | D57: الورشة | E57: واير | G57: 50000 | H57: 0 | I57: 50000 | J57: 50000 | K57: =IFERROR(G57-H57-J57,0) -> 0
B58: 45676 | C58: الوان و دهانات | D58: الورشة | E58: طرقات -عدة - صبغ | G58: 34000 | H58: 0 | I58: 34000 | J58: 34000 | K58: =IFERROR(G58-H58-J58,0) -> 0
A59: 3٬401 | B59: 45676 | C59: المواد الخام | D59: الورشة | E59: علي البديري | G59: 15000 | H59: 0 | I59: 15000 | J59: 15000 | K59: =IFERROR(G59-H59-J59,0) -> 0
A60: I-06212 | B60: 45677 | C60: الوان و دهانات | D60: سيغما | E60: اصباغ احمر ازرق ابيض | G60: 134000 | H60: 0 | I60: 134000 | J60: 134000 | K60: =IFERROR(G60-H60-J60,0) -> 0
A61: 000-80 | B61: 45677 | C61: تسويق | D61: الورشة | E61: مطعم الموناليزا صرفيات | G61: 120000 | H61: 0 | I61: 120000 | J61: 120000 | K61: =IFERROR(G61-H61-J61,0) -> 0
B62: 45677 | C62: تسويق | D62: الورشة | E62: مطعم المتحف صرفيات | G62: 110000 | H62: 0 | I62: 110000 | J62: 110000 | K62: =IFERROR(G62-H62-J62,0) -> 0
A63: 31٬971 | B63: 45677 | C63: عدة يدوية | D63: الخورة | E63: الخورة | G63: 90000 | H63: 0 | I63: 90000 | J63: 90000 | K63: =IFERROR(G63-H63-J63,0) -> 0
A64: i-06172 | B64: 45677 | C64: الوان و دهانات | D64: الورشة | E64: سيغما | G64: 82000 | H64: 0 | I64: 82000 | J64: 82000 | K64: =IFERROR(G64-H64-J64,0) -> 0
B65: 45677 | C65: خدمات | D65: الورشة | E65: طريق الى المدينة | G65: 75000 | H65: 0 | I65: 75000 | J65: 75000 | K65: =IFERROR(G65-H65-J65,0) -> 0
A66: 100-1 | B66: 45677 | C66: تكاليف تطوير | D66: الورشة | E66: النبع للحسابات الالكترونية | G66: 25000 | H66: 0 | I66: 25000 | J66: 25000 | K66: =IFERROR(G66-H66-J66,0) -> 0
A67: 3٬812 | B67: 45678 | C67: المواد الخام | D67: الورشة | E67: الابرار | G67: 76000 | H67: 0 | I67: 76000 | J67: 76000 | K67: =IFERROR(G67-H67-J67,0) -> 0
A68: 30٬249 | B68: 45679 | C68: عدة يدوية | D68: الضيف | E68: ماسحة ومفرعة | G68: 51000 | H68: 0 | I68: 51000 | J68: 51000 | K68: =IFERROR(G68-H68-J68,0) -> 0
A69: 30٬247 | B69: 45679 | C69: استهلاكيات ورشة | D69: الضيف | E69: فشر سليكون | G69: 16000 | H69: 0 | I69: 16000 | J69: 16000 | K69: =IFERROR(G69-H69-J69,0) -> 0
A70: 000-81 | B70: 45680 | C70: اجور مشروع | D70: الورشة | E70: صرف وصل رقم 000/81 | G70: 297000 | H70: 0 | I70: 297000 | J70: 297000 | K70: =IFERROR(G70-H70-J70,0) -> 0
A71: 1٬722 | B71: 45680 | C71: خشب MDF | D71: الورشة | E71: الماجد للأخشاب | G71: 181000 | H71: 0 | I71: 181000 | J71: 181000 | K71: =IFERROR(G71-H71-J71,0) -> 0
A72: 3٬858 | B72: 45680 | C72: المواد الخام | D72: الورشة | E72: الابرار | G72: 97000 | H72: 0 | I72: 97000 | J72: 97000 | K72: =IFERROR(G72-H72-J72,0) -> 0
B73: 45680 | C73: المواد الخام | D73: الورشة | E73: شراء اقمشة | G73: 25000 | H73: 0 | I73: 25000 | J73: 25000 | K73: =IFERROR(G73-H73-J73,0) -> 0
A74: 3٬866 | B74: 45681 | C74: المواد الخام | D74: الورشة | E74: الابرار | G74: 140000 | H74: 0 | I74: 140000 | J74: 140000 | K74: =IFERROR(G74-H74-J74,0) -> 0
A75: 60٬212 | B75: 45681 | C75: الوان و دهانات | D75: الورشة | E75: سيغما اصباغ | G75: 124000 | H75: 0 | I75: 124000 | J75: 124000 | K75: =IFERROR(G75-H75-J75,0) -> 0
B76: 45681 | C76: نثرية | D76: الورشة | E76: تم تسليم وليد | G76: 50000 | H76: 0 | I76: 50000 | J76: 50000 | K76: =IFERROR(G76-H76-J76,0) -> 0
A77: 220٬840 | B77: 45681 | C77: استهلاكيات ورشة | D77: الورشة | E77: مكتب ايمن | G77: 38750 | H77: 0 | I77: 38750 | J77: 38750 | K77: =IFERROR(G77-H77-J77,0) -> 0
A78: 187٬322 | B78: 45681 | C78: نثرية | D78: اور للخدمات التكنلوجية | E78: احبار | G78: 35000 | H78: 0 | I78: 35000 | J78: 35000 | K78: =IFERROR(G78-H78-J78,0) -> 0
B79: 45681 | C79: المواد الخام | D79: الورشة | E79: جلود | G79: 25000 | H79: 0 | I79: 25000 | J79: 25000 | K79: =IFERROR(G79-H79-J79,0) -> 0
B80: 45681 | C80: تكاليف تطوير | D80: الورشة | E80: صوندة سنك + مكانس عدد 2 | G80: 25000 | H80: 0 | I80: 25000 | J80: 25000 | K80: =IFERROR(G80-H80-J80,0) -> 0
B81: 45681 | C81: خدمات | D81: الورشة | E81: طلرقات وليد مع نثرية | G81: 20000 | H81: 0 | I81: 20000 | J81: 20000 | K81: =IFERROR(G81-H81-J81,0) -> 0
B82: 45681 | C82: تكاليف تطوير | D82: بوكس فايل | E82: بوكس فايل | G82: 15000 | H82: 0 | I82: 15000 | J82: 15000 | K82: =IFERROR(G82-H82-J82,0) -> 0
B83: 45681 | C83: خدمات | D83: الورشة | E83: كروة حيدر الصباغ | G83: 10000 | H83: 0 | I83: 10000 | J83: 10000 | K83: =IFERROR(G83-H83-J83,0) -> 0
A84: 221٬927 | B84: 45681 | C84: نثرية | D84: الورشة | E84: فرشة | G84: 10000 | H84: 0 | I84: 10000 | J84: 10000 | K84: =IFERROR(G84-H84-J84,0) -> 0
A85: 659 | B85: 45682 | C85: خشب MDF | D85: الورشة | E85: اخشاب الماجد | G85: 250000 | H85: 0 | I85: 250000 | J85: 250000 | K85: =IFERROR(G85-H85-J85,0) -> 0
B86: 45682 | C86: تكاليف تطوير | D86: الورشة | E86: خرامة كتر + سبايرول + نقل | G86: 120000 | H86: 0 | I86: 120000 | J86: 120000 | K86: =IFERROR(G86-H86-J86,0) -> 0
A87: 251 | B87: 45682 | C87: خدمات | D87: الورشة | E87: شراء باسكت مع ايجار دريل | G87: 19000 | H87: 0 | I87: 19000 | J87: 19000 | K87: =IFERROR(G87-H87-J87,0) -> 0
A88: 251 | B88: 45682 | C88: الوان و دهانات | D88: الورشة | E88: صبغ اكرليك \ | G88: 15000 | H88: 0 | I88: 15000 | J88: 15000 | K88: =IFERROR(G88-H88-J88,0) -> 0
B89: 45685 | C89: خدمات | D89: حنان | E89: دين حنان ايجار كوشة | G89: 200000 | H89: 0 | I89: 200000 | J89: 200000 | K89: =IFERROR(G89-H89-J89,0) -> 0
A90: 685 | B90: 45685 | C90: خشب MDF | D90: الورشة | E90: اخشاب الماجد | G90: 155000 | H90: 0 | I90: 155000 | J90: 155000 | K90: =IFERROR(G90-H90-J90,0) -> 0
B91: 45685 | C91: خدمات | D91: الورشة | E91: بلدية | G91: 5000 | H91: 0 | I91: 5000 | J91: 5000 | K91: =IFERROR(G91-H91-J91,0) -> 0
A92: 3٬969 | B92: 45686 | C92: المواد الخام | D92: الورشة | E92: الابرار | G92: 318000 | H92: 0 | I92: 318000 | J92: 318000 | K92: =IFERROR(G92-H92-J92,0) -> 0
B93: 45686 | C93: ارجاع | D93: الورشة | E93: ارجاع طلبية مراية ياسر | G93: 150000 | H93: 0 | I93: 150000 | J93: 150000 | K93: =IFERROR(G93-H93-J93,0) -> 0
A94: b1-21734 | B94: 45686 | C94: المواد الخام | D94: الورشة | E94: السلام للالمنيوم | G94: 95000 | H94: 0 | I94: 95000 | J94: 95000 | K94: =IFERROR(G94-H94-J94,0) -> 0
B95: 45686 | C95: المواد الخام | D95: الورشة | E95: شراء قماش | G95: 60000 | H95: 0 | I95: 60000 | J95: 60000 | K95: =IFERROR(G95-H95-J95,0) -> 0
B96: 45686 | C96: المواد الخام | D96: الورشة | E96: ملكانات | G96: 55000 | H96: 0 | I96: 55000 | J96: 55000 | K96: =IFERROR(G96-H96-J96,0) -> 0
B97: 45686 | C97: خدمات | D97: الورشة | E97: صحن وطرقات | G97: 25000 | H97: 0 | I97: 25000 | J97: 25000 | K97: =IFERROR(G97-H97-J97,0) -> 0
B98: 45686 | C98: خدمات | D98: الورشة | E98: طرقات | G98: 10000 | H98: 0 | I98: 10000 | J98: 10000 | K98: =IFERROR(G98-H98-J98,0) -> 0
B99: 45686 | C99: خدمات | D99: الورشة | E99: طرقات | G99: 10000 | H99: 0 | I99: 10000 | J99: 10000 | K99: =IFERROR(G99-H99-J99,0) -> 0
A100: 1٬265 | B100: 45687 | C100: خشب MDF | D100: الورشة | E100: اخشاب الماجد | G100: 424000 | H100: 0 | I100: 424000 | J100: 424000 | K100: =IFERROR(G100-H100-J100,0) -> 0
B101: 45687 | C101: تكاليف تطوير | D101: الورشة | E101: شراء واير | G101: 32000 | H101: 0 | I101: 32000 | J101: 32000 | K101: =IFERROR(G101-H101-J101,0) -> 0
...

Sheet الرواتب
A1: الاسم | B1: الحضور | C1: جمعة | D1: *1 | E1: *1.5 | F1: *2 | G1: الساعات | H1: نقل + طعام | I1: الراتب الكلي | J1: المكافآت | K1: السلف | L1: الغرامات | M1: الإجمالي النهائي | N1: المستلم | O1: العمود 15 | P1: الملاحظات
H2: =100000*B2/26 -> 0 | I2: 0 | O2: 45658 | P2: يناير
A3: معتصم | H3: =100000*B3/26 -> 0 | I3: 857000 | M3: =I3+J3-K3-L3-N3 -> 0 | N3: 857000 | O3: 45658
A4: حيدر الصباغ | H4: =100000*B4/26 -> 0 | I4: 595000 | M4: =I4+J4-K4-L4-N4 -> 0 | N4: 595000 | O4: 45658
A5: صديق يونس | H5: =100000*B5/26 -> 0 | I5: 266000 | M5: =I5+J5-K5-L5-N5 -> 0 | N5: 266000 | O5: 45658
A6: فرقان | H6: =100000*B6/26 -> 0 | I6: 285000 | M6: =I6+J6-K6-L6-N6 -> 0 | N6: 285000 | O6: 45658
A7: عامل يوسف | H7: =100000*B7/26 -> 0 | I7: 20000 | M7: =I7+J7-K7-L7-N7 -> 0 | N7: 20000 | O7: 45658
A8: علي الكهربائي | H8: =100000*B8/26 -> 0 | I8: 785000 | M8: =I8+J8-K8-L8-N8 -> 0 | N8: 785000 | O8: 45658
A9: اشرف | H9: =100000*B9/26 -> 0 | I9: 705000 | M9: =I9+J9-K9-L9-N9 -> 0 | N9: 705000 | O9: 45658
A10: وليد | H10: =100000*B10/26 -> 0 | I10: 893000 | M10: =I10+J10-K10-L10-N10 -> 0 | N10: 893000 | O10: 45658
A11: حيدر يافوز | H11: =100000*B11/26 -> 0 | I11: 779000 | M11: =I11+J11-K11-L11-N11 -> 0 | N11: 779000 | O11: 45658
A12: عبدالرضا عقيل | H12: =100000*B12/26 -> 0 | I12: 1122000 | M12: =I12+J12-K12-L12-N12 -> 0 | N12: 1122000 | O12: 45658
A13: عبدالله الصباغ | H13: =100000*B13/26 -> 0 | I13: 411000 | M13: =I13+J13-K13-L13-N13 -> 0 | N13: 411000 | O13: 45658
A14: علي عمار | H14: =100000*B14/26 -> 0 | I14: 640000 | M14: =I14+J14-K14-L14-N14 -> 0 | N14: 640000 | O14: 45658
... A86: حيدر يافوز | H86: =100000*B86/26 -> 0 | I86: 600000 | M86: =I86+J86-K86-L86-N86 -> 0 | N86: 600000 | O86: 45818
A87: يوسف يعقوب | H87: =100000*B87/26 -> 0 | I87: 287000 | J87: 0 | M87: =I87+J87-K87-L87-N87 -> 0 | N87: 287000 | O87: 45819
A88: عبدالرضا عقيل | H88: =100000*B88/26 -> 0 | I88: 400000 | M88: =I88+J88-K88-L88-N88 -> 0 | N88: 400000 | O88: 45820
A89: عبدالله الصباغ | H89: =100000*B89/26 -> 0 | I89: 302000 | M89: =I89+J89-K89-L89-N89 -> 0 | N89: 302000 | O89: 45821
A90: علي الكهربائي | H90: =100000*B90/26 -> 0 | I90: 675000 | M90: =I90+J90-K90-L90-N90 -> 0 | N90: 675000 | O90: 45822
A91: كرار رمضان | H91: =100000*B91/26 -> 0 | I91: 226000 | M91: =I91+J91-K91-L91-N91 -> 0 | N91: 226000 | O91: 45823
A92: محمد السوري | H92: =100000*B92/26 -> 0 | I92: 679000 | M92: =I92+J92-K92-L92-N92 -> 0 | N92: 679000 | O92: 45824
A94: حيدر الصباغ | H94: =100000*B94/26 -> 0 | I94: 590000 | M94: =I94+J94-K94-L94-N94 -> 0 | N94: 590000 | O94: 45839
A95: ابو علي | H95: =100000*B95/26 -> 0 | I95: 278000 | M95: =I95+J95-K95-L95-N95 -> 0 | N95: 278000 | O95: 45840
A96: منتظر فلاح | H96: =100000*B96/26 -> 0 | I96: 220000 | M96: =I96+J96-K96-L96-N96 -> 0 | N96: 220000 | O96: 45841
A97: حيدر الصباغ | H97: =100000*B97/26 -> 0 | I97: 451000 | M97: =I97+J97-K97-L97-N97 -> 0 | N97: 451000 | O97: 45842
A98: انوار كريم | H98: =100000*B98/26 -> 0 | I98: 360000 | M98: =I98+J98-K98-L98-N98 -> 0 | N98: 360000 | O98: 45843
A99: اخو عبد الرضا | H99: =100000*B99/26 -> 0 | I99: 16000 | M99: =I99+J99-K99-L99-N99 -> 0 | N99: 16000 | O99: 45844
A100: حسين معماري | H100: =100000*B100/26 -> 0 | I100: 550000 | M100: =I100+J100-K100-L100-N100 -> 0 | N100: 550000 | O100: 45845
... A117: عبدالرضا عقيل | H117: =100000*B117/26 -> 0 | I117: 225000 | M117: =I117+J117-K117-L117-N117 -> 0 | N117: 225000 | O117: 45870
A118: يوسف يعقوب
A120: حيدر مضر | B120: =IF(A120="",",",COUNTIFS('الحضور'!B2:B238,A120,'الحضور'!E2:E238,"<>",'الحضور'!F2:F238,"<>")) -> 27 | C120: =IF(A120="",",",SUMPRODUCT(( 'الحضور'!B2:B238=A120)*(WEEKDAY('الحضور'!A2:A238,2)=5)*('الحضور'!D2:D238<>"")*('الحضور'!E2:E238<>""))) -> 3 | D120: =IF(A120="",",",SUMIFS('الحضور'!H2:H238,'الحضور'!B2:B238,A120)) -> 187.23333 | E120: =IF(A120="",",",SUMIFS('الحضور'!I2:I238,'الحضور'!B2:B238,A120)) -> 82.3 | F120: =IF(A120="",",",SUMIFS('الحضور'!J2:J238,'الحضور'!B2:B238,A120)) -> 34 | G120: =IF(A120="",",", SUMPRODUCT(('الحضور'!B2:B238=A120)*('الحضور'!H2:H238+'الحضور'!J2:J238+'الحضور'!I2:I238))) -> 303.53333 | H120: =100000*B120/26 -> 103846.15 | I120: =IF(A120="",",",SUMIFS('الحضور'!K2:K238,'الحضور'!B2:B238,A120))+H120 -> 1151268.1 | J120: =IF(A120="",",",SUMIFS('الحضور'!L2:L1994,'الحضور'!B2:B1994,A120)) -> 0 | K120: =IF(A120="",",",SUMIFS('الحضور'!M2:M238,'الحضور'!B2:B238,A120)) -> 240000 | L120: =IF(A120="",",",SUMIFS('الحضور'!N2:N238,'الحضور'!B2:B238, A120)) -> 70677.305 | M120: =I120+J120-K120-L120-N120 -> -2.3283064e-10 | N120: 840590.83 | O120: 45901
A121: عبدالرضا عقيل | B121: =IF(A121="",",",COUNTIFS('الحضور'!B3:B239,A121,'الحضور'!E3:E239,"<>",'الحضور'!F3:F239,"<>")) -> 25 | C121: =IF(A121="",",",SUMPRODUCT(( 'الحضور'!B3:B239=A121)*(WEEKDAY('الحضور'!A3:A239,2)=5)*('الحضور'!D3:D239<>"")*('الحضور'!E3:E239<>""))) -> 3 | D121: =IF(A121="",",",SUMIFS('الحضور'!H3:H239,'الحضور'!B3:B239,A121)) -> 183.3 | E121: =IF(A121="",",",SUMIFS('الحضور'!I3:I239,'الحضور'!B3:B239,A121)) -> 45.933333 | F121: =IF(A121="",",",SUMIFS('الحضور'!J3:J239,'الحضور'!B3:B239,A121)) -> 30.283333 | G121: =IF(A121="",",", SUMPRODUCT(('الحضور'!B3:B239=A121)*('الحضور'!H3:H239+'الحضور'!J3:J239+'الحضور'!I3:I239))) -> 259.51667 | H121: =100000*B121/26 -> 96153.846 | I121: =IF(A121="",",",SUMIFS('الحضور'!K3:K239,'الحضور'!B3:B239,A121))+H121 -> 961253.14 | J121: =IF(A121="",",",SUMIFS('الحضور'!L3:L1995,'الحضور'!B3:B1995,A121)) -> 47000 | K121: =IF(A121="",",",SUMIFS('الحضور'!M3:M239,'الحضور'!B3:B239,A121)) -> 280000 | L121: =IF(A121="",",",SUMIFS('الحضور'!N3:N239,'الحضور'!B3:B239, A121)) -> 28253.177 | M121: =I121+J121-K121-L121-N121 -> 0 | N121: 699999.96 | O121: 45901
A122: حيدر يافوز | B122: =IF(A122="",",",COUNTIFS('الحضور'!B4:B100,A122,'الحضور'!E4:E100,"<>",'الحضور'!F4:F100,"<>")) -> 28 | C122: =IF(A122="",",",SUMPRODUCT(( 'الحضور'!B4:B240=A122)*(WEEKDAY('الحضور'!A4:A240,2)=5)*('الحضور'!D4:D240<>"")*('الحضور'!E4:E240<>""))) -> 3 | D122: =IF(A122="",",",SUMIFS('الحضور'!H4:H240,'الحضور'!B4:B240,A122)) -> 208.95 | E122: =IF(A122="",",",SUMIFS('الحضور'!I4:I240,'الحضور'!B4:B240,A122)) -> 30.733333 | F122: =IF(A122="",",",SUMIFS('الحضور'!J4:J240,'الحضور'!B4:B240,A122)) -> 28.866667 | G122: =IF(A122="",",", SUMPRODUCT(('الحضور'!B4:B240=A122)*('الحضور'!H4:H240+'الحضور'!J4:J240+'الحضور'!I4:I240))) -> 268.55 | H122: =100000*B122/26 -> 107692.31 | I122: =IF(A122="",",",SUMIFS('الحضور'!K4:K240,'الحضور'!B4:B240,A122))+H122 -> 640089.47 | J122: =IF(A122="",",",SUMIFS('الحضور'!L4:L1996,'الحضور'!B4:B1996,A122)) -> 35000 | K122: =IF(A122="",",",SUMIFS('الحضور'!M4:M240,'الحضور'!B4:B240,A122)) -> 410000 | L122: =IF(A122="",",",SUMIFS('الحضور'!N4:N240,'الحضور'!B4:B240, A122)) -> 37283.688 | M122: =I122+J122-K122-L122-N122 -> 0 | N122: 227805.78 | O122: 45901 | P122: 1136000
A123: سراج نزار | B123: =IF(A123="",",",COUNTIFS('الحضور'!B5:B241,A123,'الحضور'!E5:E241,"<>",'الحضور'!F5:F241,"<>")) -> 28 | C123: =IF(A123="",",",SUMPRODUCT(( 'الحضور'!B5:B241=A123)*(WEEKDAY('الحضور'!A5:A241,2)=5)*('الحضور'!D5:D241<>"")*('الحضور'!E5:E241<>""))) -> 3 | D123: =IF(A123="",",",SUMIFS('الحضور'!H5:H241,'الحضور'!B5:B241,A123)) -> 213.13333 | E123: =IF(A123="",",",SUMIFS('الحضور'!I5:I241,'الحضور'!B5:B241,A123)) -> 17.083333 | F123: =IF(A123="",",",SUMIFS('الحضور'!J5:J241,'الحضور'!B5:B241,A123)) -> 33.1 | G123: =IF(A123="",",", SUMPRODUCT(('الحضور'!B5:B241=A123)*('الحضور'!H5:H241+'الحضور'!J5:J241+'الحضور'!I5:I241))) -> 263.31667 | H123: =100000*B123/26 -> 107692.31 | I123: =IF(A123="",",",SUMIFS('الحضور'!K5:K241,'الحضور'!B5:B241,A123))+H123 -> 886309.33 | J123: =IF(A123="",",",SUMIFS('الحضور'!L5:L1997,'الحضور'!B5:B1997,A123)) -> 331500 | K123: =IF(A123="",",",SUMIFS('الحضور'!M5:M241,'الحضور'!B5:B241,A123)) -> 18800 | L123: =IF(A123="",",",SUMIFS('الحضور'!N5:N241,'الحضور'!B5:B241, A123)) -> 31308.83 | M123: =I123+J123-K123-L123-N123 -> 0 | N123: 1167700.5 | O123: 45901
A124: زكي صادق | B124: =IF(A124="",",",COUNTIFS('الحضور'!B6:B242,A124,'الحضور'!E6:E242,"<>",'الحضور'!F6:F242,"<>")) -> 12 | C124: =IF(A124="",",",SUMPRODUCT(( 'الحضور'!B6:B242=A124)*(WEEKDAY('الحضور'!A6:A242,2)=5)*('الحضور'!D6:D242<>"")*('الحضور'!E6:E242<>""))) -> 0 | D124: =IF(A124="",",",SUMIFS('الحضور'!H6:H242,'الحضور'!B6:B242,A124)) -> 101.53333 | E124: =IF(A124="",",",SUMIFS('الحضور'!I6:I242,'الحضور'!B6:B242,A124)) -> 0 | F124: =IF(A124="",",",SUMIFS('الحضور'!J6:J242,'الحضور'!B6:B242,A124)) -> 0 | G124: =IF(A124="",",", SUMPRODUCT(('الحضور'!B6:B242=A124)*('الحضور'!H6:H242+'الحضور'!J6:J242+'الحضور'!I6:I242))) -> 101.53333 | H124: =100000*B124/26 -> 46153.846 | I124: =IF(A124="",",",SUMIFS('الحضور'!K6:K242,'الحضور'!B6:B242,A124))+H124 -> 218976.54 | J124: =IF(A124="",",",SUMIFS('الحضور'!L6:L1998,'الحضور'!B6:B1998,A124)) -> 52000 | K124: =IF(A124="",",",SUMIFS('الحضور'!M6:M242,'الحضور'!B6:B242,A124)) -> 210000 | L124: =IF(A124="",",",SUMIFS('الحضور'!N6:N242,'الحضور'!B6:B242, A124)) -> 3290.7801 | M124: =I124+J124-K124-L124-N124 -> 0 | N124: 57685.761 | O124: 45901
A125: محمد حسن | B125: =IF(A125="",",",COUNTIFS('الحضور'!B7:B243,A125,'الحضور'!E7:E243,"<>",'الحضور'!F7:F243,"<>")) -> 9 | C125: =IF(A125="",",",SUMPRODUCT(( 'الحضور'!B7:B243=A125)*(WEEKDAY('الحضور'!A7:A243,2)=5)*('الحضور'!D7:D243<>"")*('الحضور'!E7:E243<>""))) -> 0 | D125: =IF(A125="",",",SUMIFS('الحضور'!H7:H243,'الحضور'!B7:B243,A125)) -> 46.483333 | E125: =IF(A125="",",",SUMIFS('الحضور'!I7:I243,'الحضور'!B7:B243,A125)) -> 19.666667 | F125: =IF(A125="",",",SUMIFS('الحضور'!J7:J243,'الحضور'!B7:B243,A125)) -> 0 | G125: =IF(A125="",",", SUMPRODUCT(('الحضور'!B7:B243=A125)*('الحضور'!H7:H243+'الحضور'!J7:J243+'الحضور'!I7:I243))) -> 66.15 | H125: =100000*B125/26 -> 34615.385 | I125: =IF(A125="",",",SUMIFS('الحضور'!K7:K243,'الحضور'!B7:B243,A125))+H125 -> 131615.38 | J125: =IF(A125="",",",SUMIFS('الحضور'!L7:L1999,'الحضور'!B7:B1999,A125)) -> 0 | K125: =IF(A125="",",",SUMIFS('الحضور'!M7:M243,'الحضور'!B7:B243,A125)) -> 0 | L125: =IF(A125="",",",SUMIFS('الحضور'!N7:N243,'الحضور'!B7:B243, A125)) -> 0 | M125: =I125+J125-K125-L125-N125 -> 0 | N125: 131615.38 | O125: 45901
A126: انوار كريم | B126: =IF(A126="",",",COUNTIFS('الحضور'!B8:B214,A126,'الحضور'!E8:E214,"<>",'الحضور'!F8:F214,"<>")) -> 23 | C126: =IF(A126="",",",SUMPRODUCT(( 'الحضور'!B8:B244=A126)*(WEEKDAY('الحضور'!A8:A244,2)=5)*('الحضور'!D8:D244<>"")*('الحضور'!E8:E244<>""))) -> 1 | D126: =IF(A126="",",",SUMIFS('الحضور'!H8:H244,'الحضور'!B8:B244,A126)) -> 197.93333 | E126: =IF(A126="",",",SUMIFS('الحضور'!I8:I244,'الحضور'!B8:B244,A126)) -> 4.0333333 | F126: =IF(A126="",",",SUMIFS('الحضور'!J8:J244,'الحضور'!B8:B244,A126)) -> 6.6833333 | G126: =IF(A126="",",", SUMPRODUCT(('الحضور'!B8:B244=A126)*('الحضور'!H8:H244+'الحضور'!J8:J244+'الحضور'!I8:I244))) -> 208.65 | H126: =100000*B126/26 -> 88461.538 | I126: =IF(A126="",",",SUMIFS('الحضور'!K8:K244,'الحضور'!B8:B244,A126))+H126 -> 446730.77 | J126: =IF(A126="",",",SUMIFS('الحضور'!L8:L2000,'الحضور'!B8:B2000,A126)) -> 0 | K126: =IF(A126="",",",SUMIFS('الحضور'!M8:M244,'الحضور'!B8:B244,A126)) -> 0 | L126: =IF(A126="",",",SUMIFS('الحضور'!N8:N244,'الحضور'!B8:B244, A126)) -> 8340.6593 | M126: =I126+J126-K126-L126-N126 -> 0.10989011 | N126: 438390 | O126: 45901
A127: حسين سعد | B127: =IF(A127="",",",COUNTIFS('الحضور'!B9:B215,A127,'الحضور'!E9:E215,"<>",'الحضور'!F9:F215,"<>")) -> 24 | C127: =IF(A127="",",",SUMPRODUCT(( 'الحضور'!B9:B245=A127)*(WEEKDAY('الحضور'!A9:A245,2)=5)*('الحضور'!D9:D245<>"")*('الحضور'!E9:E245<>""))) -> 3 | D127: =IF(A127="",",",SUMIFS('الحضور'!H9:H245,'الحضور'!B9:B245,A127)) -> 188.93333 | E127: =IF(A127="",",",SUMIFS('الحضور'!I9:I245,'الحضور'!B9:B245,A127)) -> 12.9 | F127: =IF(A127="",",",SUMIFS('الحضور'!J9:J245,'الحضور'!B9:B245,A127)) -> 38.4 | G127: =IF(A127="",",", SUMPRODUCT(('الحضور'!B9:B245=A127)*('الحضور'!H9:H245+'الحضور'!J9:J245+'الحضور'!I9:I245))) -> 240.23333 | H127: =100000*B127/26 -> 92307.692 | I127: =IF(A127="",",",SUMIFS('الحضور'!K9:K245,'الحضور'!B9:B245,A127))+H127 -> 456243.86 | J127: 0 | K127: =IF(A127="",",",SUMIFS('الحضور'!M9:M245,'الحضور'!B9:B245,A127)) -> 180000 | L127: =IF(A127="",",",SUMIFS('الحضور'!N9:N245,'الحضور'!B9:B245, A127)) -> 2191.4894 | M127: =I127+J127-K127-L127-N127 -> 0 | N127: 274052.37 | O127: 45901
A128: باقر | B128: =IF(A128="",",",COUNTIFS('الحضور'!B10:B216,A128,'الحضور'!E10:E216,"<>",'الحضور'!F10:F216,"<>")) -> 0 | C128: =IF(A128="",",",SUMPRODUCT(( 'الحضور'!B10:B246=A128)*(WEEKDAY('الحضور'!A10:A246,2)=5)*('الحضور'!D10:D246<>"")*('الحضور'!E10:E246<>""))) -> 0 | D128: =IF(A128="",",",SUMIFS('الحضور'!H10:H246,'الحضور'!B10:B246,A128)) -> 0 | E128: =IF(A128="",",",SUMIFS('الحضور'!I10:I246,'الحضور'!B10:B246,A128)) -> 0 | F128: =IF(A128="",",",SUMIFS('الحضور'!J10:J246,'الحضور'!B10:B246,A128)) -> 0 | G128: =IF(A128="",",", SUMPRODUCT(('الحضور'!B10:B246=A128)*('الحضور'!H10:H246+'الحضور'!J10:J246+'الحضور'!I10:I246))) -> 0 | H128: =100000*B128/26 -> 0 | I128: =IF(A128="",",",SUMIFS('الحضور'!K10:K246,'الحضور'!B10:B246,A128))+H128 -> 0 | J128: 0 | K128: =IF(A128="",",",SUMIFS('الحضور'!M10:M246,'الحضور'!B10:B246,A128)) -> 0 | L128: =IF(A128="",",",SUMIFS('الحضور'!N10:N246,'الحضور'!B10:B246, A128)) -> 0 | M128: =I128+J128-K128-L128-N128 -> -16263 | N128: 16263 | O128: 45901
A129: يوسف يعقوب | B129: =IF(A129="",",",COUNTIFS('الحضور'!B11:B227,A129,'الحضور'!E11:E227,"<>",'الحضور'!F11:F227,"<>")) -> 21 | C129: =IF(A129="",",",SUMPRODUCT(( 'الحضور'!B11:B227=A129)*(WEEKDAY('الحضور'!A11:A227,2)=5)*('الحضور'!D11:D227<>"")*('الحضور'!E11:E227<>""))) -> 2 | D129: =IF(A129="",",",SUMIFS('الحضور'!H11:H227,'الحضور'!B11:B227,A129)) -> 151.31667 | E129: =IF(A129="",",",SUMIFS('الحضور'!I11:I227,'الحضور'!B11:B227,A129)) -> 2.2833333 | F129: =IF(A129="",",",SUMIFS('الحضور'!J11:J227,'الحضور'!B11:B227,A129)) -> 15.433333 | G129: =IF(A129="",",", SUMPRODUCT(('الحضور'!B11:B227=A129)*('الحضور'!H11:H227+'الحضور'!J11:J227+'الحضور'!I11:I227))) -> 169.03333 | H129: =100000*B129/26 -> 80769.231 | I129: =IF(A129="",",",SUMIFS('الحضور'!K11:K227,'الحضور'!B11:B227,A129))+H129 -> 633645.12 | J129: =IF(A129="",",",SUMIFS('الحضور'!L11:L227,'الحضور'!B11:B227,A129)) -> 0 | K129: =IF(A129="",",",SUMIFS('الحضور'!M11:M247,'الحضور'!B11:B247,A129)) -> 0 | L129: =IF(A129="",",",SUMIFS('الحضور'!N11:N247,'الحضور'!B11:B247, A129)) -> 37829.787 | M129: =I129+J129-K129-L129-N129 -> 0.33006001 | N129: 595815 | O129: 45901
A131: حيدر مضر | B131: =IF(A131="",",",COUNTIFS('الحضور'!B239:B475,A131,'الحضور'!D239:D475,"<>",'الحضور'!E239:E475,"<>")) -> 26 | C131: =IF(A131="",",",SUMPRODUCT(( 'الحضور'!B239:B475=A131)*(WEEKDAY('الحضور'!A239:A475,2)=5)*('الحضور'!D239:D475<>"")*('الحضور'!E239:E475<>""))) -> 0 | D131: =IF(A131="",",",SUMIFS('الحضور'!H239:H474,'الحضور'!B239:B474,A131)) -> 213.38333 | E131: =IF(A131="",",",SUMIFS('الحضور'!I239:I474,'الحضور'!B239:B474,A131)) -> 9.8666667 | F131: =IF(A131="",",",SUMIFS('الحضور'!J239:J474,'الحضور'!B239:B474,A131)) -> 0 | G131: =IF(A131="",",", SUMPRODUCT(('الحضور'!B239:B474=A131)*('الحضور'!H239:H474+'الحضور'!I239:I474+'الحضور'!J239:J474))) -> 223.25 | H131: =100000*B131/26 -> 100000 | I131: =IF(A131="",",",SUMIFS('الحضور'!K239:K474,'الحضور'!B239:B474,A131))+H131 -> 731145.39 | J131: =IF(A131="",",",SUMIFS('الحضور'!L239:L474,'الحضور'!B239:B474,A131)) -> 0 | K131: =IF(A131="",",",SUMIFS('الحضور'!M239:M474,'الحضور'!B239:B474,A131)) -> 374000 | L131: =IF(A131="",",",SUMIFS('الحضور'!N239:N474,'الحضور'!B239:B474, A131)) -> 85698.582 | M131: =I131+J131-K131-L131-N131 -> -0.19148936 | N131: 271447 | O131: 45941
A132: حيدر يافوز | B132: =IF(A132="",",",COUNTIFS('الحضور'!B240:B476,A132,'الحضور'!D240:D476,"<>",'الحضور'!E240:E476,"<>")) -> 23 | C132: =IF(A132="",",",SUMPRODUCT(( 'الحضور'!B240:B476=A132)*(WEEKDAY('الحضور'!A240:A476,2)=5)*('الحضور'!D240:D476<>"")*('الحضور'!E240:E476<>""))) -> 0 | D132: =IF(A132="",",",SUMIFS('الحضور'!H240:H475,'الحضور'!B240:B475,A132)) -> 199.58333 | E132: =IF(A132="",",",SUMIFS('الحضور'!I240:I475,'الحضور'!B240:B475,A132)) -> 0 | F132: =IF(A132="",",",SUMIFS('الحضور'!J240:J475,'الحضور'!B240:B475,A132)) -> 0 | G132: =IF(A132="",",", SUMPRODUCT(('الحضور'!B240:B475=A132)*('الحضور'!H240:H475+'الحضور'!I240:I475+'الحضور'!J240:J475))) -> 199.58333 | H132: =100000*B132/26 -> 88461.538 | I132: =IF(A132="",",",SUMIFS('الحضور'!K240:K475,'الحضور'!B240:B475,A132))+H132 -> 449410.12 | J132: =IF(A132="",",",SUMIFS('الحضور'!L240:L475,'الحضور'!B240:B475,A132)) -> 0 | K132: =IF(A132="",",",SUMIFS('الحضور'!M240:M475,'الحضور'!B240:B475,A132)) -> 202000 | L132: =IF(A132="",",",SUMIFS('الحضور'!N240:N475,'الحضور'!B240:B475, A132)) -> 6661.3475 | M132: =I132+J132-K132-L132-N132 -> -0.22749591 | N132: 240749 | O132: 45941 | P132: 1921000
A133: سراج نزار | B133: =IF(A133="",",",COUNTIFS('الحضور'!B341:B408,A133,'الحضور'!D341:D408,"<>",'الحضور'!E341:E408,"<>")) -> 24 | C133: =IF(A133="",",",SUMPRODUCT(( 'الحضور'!B241:B477=A133)*(WEEKDAY('الحضور'!A241:A477,2)=5)*('الحضور'!D241:D477<>"")*('الحضور'!E241:E477<>""))) -> 0 | D133: =IF(A133="",",",SUMIFS('الحضور'!H241:H476,'الحضور'!B241:B476,A133)) -> 239.45 | E133: =IF(A133="",",",SUMIFS('الحضور'!I241:I476,'الحضور'!B241:B476,A133)) -> 14.333333 | F133: =IF(A133="",",",SUMIFS('الحضور'!J241:J476,'الحضور'!B241:B476,A133)) -> 0 | G133: =IF(A133="",",", SUMPRODUCT(('الحضور'!B241:B476=A133)*('الحضور'!H241:H476+'الحضور'!I241:I476+'الحضور'!J241:J476))) -> 253.78333 | H133: =100000*B133/26 -> 92307.692 | I133: =IF(A133="",",",SUMIFS('الحضور'!K241:K476,'الحضور'!B241:B476,A133))+H133 -> 758563.01 | J133: =IF(A133="",",",SUMIFS('الحضور'!L241:L476,'الحضور'!B241:B476,A133)) -> 174000 | K133: =IF(A133="",",",SUMIFS('الحضور'!M241:M476,'الحضور'!B241:B476,A133)) -> 0 | L133: =IF(A133="",",",SUMIFS('الحضور'!N241:N476,'الحضور'!B241:B476, A133)) -> 14085.106 | M133: =I133+J133-K133-L133-N133 -> -0.09492635 | N133: 918478 | O133: 45941
A134: زكي صادق | B134: =IF(A134="",",",COUNTIFS('الحضور'!B242:B500,A134,'الحضور'!D242:D500,"<>",'الحضور'!E242:E500,"<>")) -> 19 | C134: =IF(A134="",",",SUMPRODUCT(( 'الحضور'!B242:B500=A134)*(WEEKDAY('الحضور'!A242:A500,2)=5)*('الحضور'!D242:D500<>"")*('الحضور'!E242:E500<>""))) -> 0 | D134: =IF(A134="",",",SUMIFS('الحضور'!H242:H477,'الحضور'!B242:B477,A134)) -> 123.73333 | E134: =IF(A134="",",",SUMIFS('الحضور'!I242:I477,'الحضور'!B242:B477,A134)) -> 2.9833333 | F134: =IF(A134="",",",SUMIFS('الحضور'!J242:J477,'الحضور'!B242:B477,A134)) -> 0 | G134: =IF(A134="",",", SUMPRODUCT(('الحضور'!B242:B477=A134)*('الحضور'!H242:H477+'الحضور'!I242:I477+'الحضور'!J242:J477))) -> 126.71667 | H134: =100000*B134/26 -> 73076.923 | I134: =IF(A134="",",",SUMIFS('الحضور'!K242:K477,'الحضور'!B242:B477,A134))+H134 -> 291303.87 | J134: =IF(A134="",",",SUMIFS('الحضور'!L242:L477,'الحضور'!B242:B477,A134)) -> 52000 | K134: =IF(A134="",",",SUMIFS('الحضور'!M242:M477,'الحضور'!B242:B477,A134)) -> 150000 | L134: =IF(A134="",",",SUMIFS('الحضور'!N242:N477,'الحضور'!B242:B477, A134)) -> 6184.3972 | M134: =I134+J134-K134-L134-N134 -> 0.47626841 | N134: 187119 | O134: 45941
A135: محمد حسن | B135: =IF(A135="",",",COUNTIFS('الحضور'!B243:B501,A135,'الحضور'!D243:D501,"<>",'الحضور'!E243:E501,"<>")) -> 26 | C135: =IF(A135="",",",SUMPRODUCT(( 'الحضور'!B243:B501=A135)*(WEEKDAY('الحضور'!A243:A501,2)=5)*('الحضور'!D243:D501<>"")*('الحضور'!E243:E501<>""))) -> 1 | D135: =IF(A135="",",",SUMIFS('الحضور'!H243:H500,'الحضور'!B243:B500,A135)) -> 207.28333 | E135: =IF(A135="",",",SUMIFS('الحضور'!I243:I500,'الحضور'!B243:B500,A135)) -> 14.05 | F135: =IF(A135="",",",SUMIFS('الحضور'!J243:J500,'الحضور'!B243:B500,A135)) -> 9.3833333 | G135: =IF(A135="",",", SUMPRODUCT(('الحضور'!B243:B500=A135)*('الحضور'!H243:H500+'الحضور'!I243:I500+'الحضور'!J243:J500))) -> 230.71667 | H135: =100000*B135/26 -> 100000 | I135: =IF(A135="",",",SUMIFS('الحضور'!K243:K500,'الحضور'!B243:B500,A135))+H135 -> 415478.72 | J135: =IF(A135="",",",SUMIFS('الحضور'!L243:L500,'الحضور'!B243:B500,A135)) -> 0 | K135: =IF(A135="",",",SUMIFS('الحضور'!M243:M500,'الحضور'!B243:B500,A135)) -> 65000 | L135: =IF(A135="",",",SUMIFS('الحضور'!N243:N500,'الحضور'!B243:B500, A135)) -> 9968.0851 | M135: =I135+J135-K135-L135-N135 -> -0.36170213 | N135: 340511 | O135: 45941
A136: انوار كريم | B136: =IF(A136="",",",COUNTIFS('الحضور'!B239:B524,A136,'الحضور'!D239:D524,"<>",'الحضور'!E239:E524,"<>")) -> 25 | C136: =IF(A136="",",",SUMPRODUCT(( 'الحضور'!B239:B524=A136)*(WEEKDAY('الحضور'!A239:A524,2)=5)*('الحضور'!D239:D524<>"")*('الحضور'!E239:E524<>""))) -> 0 | D136: =IF(A136="",",",SUMIFS('الحضور'!H244:H501,'الحضور'!B244:B501,A136)) -> 138.55 | E136: =IF(A136="",",",SUMIFS('الحضور'!I244:I501,'الحضور'!B244:B501,A136)) -> 0 | F136: =IF(A136="",",",SUMIFS('الحضور'!J244:J501,'الحضور'!B244:B501,A136)) -> 0 | G136: =IF(A136="",",", SUMPRODUCT(('الحضور'!B244:B501=A136)*('الحضور'!H244:H501+'الحضور'!I244:I501+'الحضور'!J244:J501))) -> 138.55 | H136: =100000*B136/26 -> 96153.846 | I136: =IF(A136="",",",SUMIFS('الحضور'!K239:K501,'الحضور'!B239:B501,A136))+H136 -> 386291.21 | J136: =IF(A136="",",",SUMIFS('الحضور'!L244:L501,'الحضور'!B244:B501,A136)) -> 0 | K136: =IF(A136="",",",SUMIFS('الحضور'!M244:M501,'الحضور'!B244:B501,A136)) -> 0 | L136: =IF(A136="",",",SUMIFS('الحضور'!N244:N501,'الحضور'!B244:B501, A136)) -> 3626.3736 | M136: =I136+J136-K136-L136-N136 -> -0.16483516 | N136: 382665 | O136: 45941
A137: حسين سعد | B137: =IF(A137="",",",COUNTIFS('الحضور'!B291:B400,A137,'الحضور'!D291:D400,"<>",'الحضور'!E291:E400,"<>")) -> 22 | C137: =IF(A137="",",",SUMPRODUCT(( 'الحضور'!B292:B400=A137)*(WEEKDAY('الحضور'!A292:A400,2)=5)*('الحضور'!D292:D400<>"")*('الحضور'!E292:E400<>""))) -> 1 | D137: =IF(A137="",",",SUMIFS('الحضور'!H292:H400,'الحضور'!B292:B400,A137)) -> 178.11667 | E137: =IF(A137="",",",SUMIFS('الحضور'!I292:I524,'الحضور'!B292:B524,A137)) -> 15.783333 | F137: =IF(A137="",",",SUMIFS('الحضور'!J292:J400,'الحضور'!B292:B400,A137)) -> 6.5333333 | G137: =IF(A137="",",", SUMPRODUCT(('الحضور'!B292:B400=A137)*('الحضور'!H292:H400+'الحضور'!I292:I400+'الحضور'!J292:J400))) -> 188.78333 | H137: =100000*B137/26 -> 84615.385 | I137: =IF(A137="",",",SUMIFS('الحضور'!K292:K312,'الحضور'!B292:B312,A137))+H137 -> 378590.56 | J137: =IF(A137="",",",SUMIFS('الحضور'!L292:L400,'الحضور'!B292:B400,A137)) -> 0 | K137: =IF(A137="",",",SUMIFS('الحضور'!M292:M400,'الحضور'!B292:B400,A137)) -> 140000 | L137: =IF(A137="",",",SUMIFS('الحضور'!N292:N400,'الحضور'!B292:B400, A137)) -> 70698.582 | M137: =I137+J137-K137-L137-N137 -> -0.019639935 | N137: 167892 | O137: 45941
A138: باقر | B138: =IF(A138="",",",COUNTIFS('الحضور'!B246:B526,A138,'الحضور'!D246:D526,"<>",'الحضور'!E246:E526,"<>")) -> 0 | D138: =IF(A138="",",",SUMIFS('الحضور'!H246:H525,'الحضور'!B246:B525,A138)) -> 0 | E138: =IF(A138="",",",SUMIFS('الحضور'!I246:I525,'الحضور'!B246:B525,A138)) -> 0 | F138: =IF(A138="",",",SUMIFS('الحضور'!J246:J525,'الحضور'!B246:B525,A138)) -> 0 | G138: =IF(A138="",",", SUMPRODUCT(('الحضور'!B246:B525=A138)*('الحضور'!H246:H525+'الحضور'!I246:I525+'الحضور'!J246:J525))) -> 0 | H138: =100000*B138/26 -> 0 | I138: =IF(A138="",",",SUMIFS('الحضور'!K241:K503,'الحضور'!B241:B503,A138))+H138 -> 0 | J138: =IF(A138="",",",SUMIFS('الحضور'!L246:L525,'الحضور'!B246:B525,A138)) -> 0 | K138: =IF(A138="",",",SUMIFS('الحضور'!M246:M525,'الحضور'!B246:B525,A138)) -> 0 | L138: =IF(A138="",",",SUMIFS('الحضور'!N246:N525,'الحضور'!B246:B525, A138)) -> 0 | M138: =I138+J138-K138-L138-N138 -> -280289 | N138: 280289 | O138: 45941
A139: يوسف يعقوب | B139: =IF(A139="",",",COUNTIFS('الحضور'!B247:B550,A139,'الحضور'!D247:D550,"<>",'الحضور'!E247:E550,"<>")) -> 18 | C139: =IF(A139="",",",SUMPRODUCT(( 'الحضور'!B247:B550=A139)*(WEEKDAY('الحضور'!A247:A550,2)=5)*('الحضور'!D247:D550<>"")*('الحضور'!E247:E550<>""))) -> 1 | D139: =IF(A139="",",",SUMIFS('الحضور'!H247:H526,'الحضور'!B247:B526,A139)) -> 138.31667 | E139: =IF(A139="",",",SUMIFS('الحضور'!I247:I526,'الحضور'!B247:B526,A139)) -> 2.4833333 | F139: =IF(A139="",",",SUMIFS('الحضور'!J247:J526,'الحضور'!B247:B526,A139)) -> 8.6166667 | G139: =IF(A139="",",", SUMPRODUCT(('الحضور'!B247:B526=A139)*('الحضور'!H247:H526+'الحضور'!I247:I526+'الحضور'!J247:J526))) -> 149.41667 | H139: =100000*B139/26 -> 69230.769 | I139: =IF(A139="",",",SUMIFS('الحضور'!K242:K504,'الحضور'!B242:B504,A139))+H139 -> 543666.94 | J139: =IF(A139="",",",SUMIFS('الحضور'!L247:L526,'الحضور'!B247:B526,A139)) -> 0 | K139: =IF(A139="",",",SUMIFS('الحضور'!M247:M526,'الحضور'!B247:B526,A139)) -> 0 | L139: =IF(A139="",",",SUMIFS('الحضور'!N247:N526,'الحضور'!B247:B526, A139)) -> 25765.957 | M139: =I139+J139-K139-L139-N139 -> -0.018003273 | N139: 517901 | O139: 45941
A140: مصطفى عدي | B140: =IF(A140="",",",COUNTIFS('الحضور'!B248:B551,A140,'الحضور'!D248:D551,"<>",'الحضور'!E248:E551,"<>")) -> 19 | C140: =IF(A140="",",",SUMPRODUCT(( 'الحضور'!B248:B551=A140)*(WEEKDAY('الحضور'!A248:A551,2)=5)*('الحضور'!D248:D551<>"")*('الحضور'!E248:E551<>""))) -> 0 | D140: =IF(A140="",",",SUMIFS('الحضور'!H248:H550,'الحضور'!B248:B550,A140)) -> 171.35 | E140: =IF(A140="",",",SUMIFS('الحضور'!I248:I550,'الحضور'!B248:B550,A140)) -> 0 | F140: =IF(A140="",",",SUMIFS('الحضور'!J248:J550,'الحضور'!B248:B550,A140)) -> 0 | G140: =IF(A140="",",", SUMPRODUCT(('الحضور'!B248:B550=A140)*('الحضور'!H248:H550+'الحضور'!I248:I550+'الحضور'!J248:J550))) -> 171.35 | H140: =100000*B140/26 -> 73076.923 | I140: =IF(A140="",",",SUMIFS('الحضور'!K243:K505,'الحضور'!B243:B505,A140))+H140 -> 364736.5 | J140: =IF(A140="",",",SUMIFS('الحضور'!L248:L550,'الحضور'!B248:B550,A140)) -> 0 | K140: =IF(A140="",",",SUMIFS('الحضور'!M248:M550,'الحضور'!B248:B550,A140)) -> 100000 | L140: =IF(A140="",",",SUMIFS('الحضور'!N248:N550,'الحضور'!B248:B550, A140)) -> 85.106383 | M140: =I140+J140-K140-L140-N140 -> 0.39116203 | N140: 264651 | O140: 45941
A141: عبدالرضا عقيل | B141: =IF(A141="",",",COUNTIFS('الحضور'!B249:B552,A141,'الحضور'!D249:D552,"<>",'الحضور'!E249:E552,"<>")) -> 7 | C141: =IF(A141="",",",SUMPRODUCT(( 'الحضور'!B249:B552=A141)*(WEEKDAY('الحضور'!A249:A552,2)=5)*('الحضور'!D249:D552<>"")*('الحضور'!E249:E552<>""))) -> 0 | D141: =IF(A141="",",",SUMIFS('الحضور'!H249:H551,'الحضور'!B249:B551,A141)) -> 53.783333 | E141: =IF(A141="",",",SUMIFS('الحضور'!I249:I551,'الحضور'!B249:B551,A141)) -> 0 | F141: =IF(A141="",",",SUMIFS('الحضور'!J249:J551,'الحضور'!B249:B551,A141)) -> 0 | G141: =IF(A141="",",", SUMPRODUCT(('الحضور'!B249:B551=A141)*('الحضور'!H249:H551+'الحضور'!I249:I551+'الحضور'!J249:J551))) -> 53.783333 | H141: =100000*B141/26 -> 26923.077 | I141: =IF(A141="",",",SUMIFS('الحضور'!K244:K505,'الحضور'!B244:B505,A141))+H141 -> 175685.49 | J141: =IF(A141="",",",SUMIFS('الحضور'!L249:L551,'الحضور'!B249:B551,A141)) -> 0 | K141: =IF(A141="",",",SUMIFS('الحضور'!M249:M551,'الحضور'!B249:B551,A141)) -> 26600 | L141: =IF(A141="",",",SUMIFS('الحضور'!N249:N551,'الحضور'!B249:B551, A141)) -> 1751.7731 | M141: =I141+J141-K141-L141-N141 -> -0.28477905 | N141: 147334 | O141: 45941
A143: سراج نزار | B143: =IF( A143="",",",COUNTIFS('الحضور'!B475:B642, A143,'الحضور'!D475:D642,"<>",'الحضور'!E475:E642,"<>")) -> 25 | C143: =IF(A143="",",",SUMPRODUCT(('الحضور'!B475:B644=A143)*(WEEKDAY('الحضور'!A475:A644,2)=5)*('الحضور'!D475:D644<>"")*('الحضور'!E475:E644<>""))) -> 1 | D143: =IF(A143="",",",SUMIFS('الحضور'!H475:H642,'الحضور'!B475:B642,A143)) -> 216.63333 | E143: =IF(A143="",",",SUMIFS('الحضور'!I475:I642,'الحضور'!B475:B642,A143)) -> 12.733333 | F143: =IF(A143="",",",SUMIFS('الحضور'!J475:J642,'الحضور'!B475:B642,A143)) -> 8.3333333 | G143: =IF(A143="",",", SUMPRODUCT(('الحضور'!B475:B642=A143)*('الحضور'!H475:H642+'الحضور'!I475:I642+'الحضور'!J475:J642))) -> 237.7 | H143: =100000*B143/26 -> 96153.846 | I143: =IF(A143="",",",SUMIFS('الحضور'!K475:K642,'الحضور'!B475:B642,A143))+H143 -> 740579.38 | J143: =IF(A143="",",",SUMIFS('الحضور'!L475:L642,'الحضور'!B475:B642,A143)) -> 18800 | K143: =IF(A143="",",",SUMIFS('الحضور'!M475:M642,'الحضور'!B475:B642,A143)) -> 0 | L143: =IF(A143="",",",SUMIFS('الحضور'!N475:N642,'الحضور'!B475:B642, A143)) -> 23446.809 | M143: =I143+J143-K143-L143-N143 -> -0.4304419 | N143: 735933 | O143: 45962
A144: حيدر مضر | B144: =IF( A144="",",",COUNTIFS('الحضور'!B476:B642, A144,'الحضور'!D476:D642,"<>",'الحضور'!E476:E642,"<>")) -> 10 | C144: =IF(A144="",",",SUMPRODUCT(('الحضور'!B476:B645=A144)*(WEEKDAY('الحضور'!A476:A645,2)=5)*('الحضور'!D476:D645<>"")*('الحضور'!E476:E645<>""))) -> 0 | D144: =IF(A144="",",",SUMIFS('الحضور'!H476:H642,'الحضور'!B476:B642,A144)) -> 73.7 | E144: =IF(A144="",",",SUMIFS('الحضور'!I476:I642,'الحضور'!B476:B642,A144)) -> 0.93333333 | F144: =IF(A144="",",",SUMIFS('الحضور'!J476:J642,'الحضور'!B476:B642,A144)) -> 0 | G144: =IF(A144="",",", SUMPRODUCT(('الحضور'!B476:B642=A144)*('الحضور'!H476:H642+'الحضور'!I476:I642+'الحضور'!J476:J642))) -> 74.633333 | H144: =100000*B144/26 -> 38461.538 | I144: =IF(A144="",",",SUMIFS('الحضور'!K476:K642,'الحضور'!B476:B642,A144))+H144 -> 246184.94 | J144: =IF(A144="",",",SUMIFS('الحضور'!L476:L642,'الحضور'!B476:B642,A144)) -> 0 | K144: =IF(A144="",",",SUMIFS('الحضور'!M476:M642,'الحضور'!B476:B642,A144)) -> 0 | L144: =IF(A144="",",",SUMIFS('الحضور'!N476:N642,'الحضور'!B476:B642, A144)) -> 43241.135 | M144: 0 | N144: 239501 | O144: 45962
A145: يوسف يعقوب | B145: =IF( A145="",",",COUNTIFS('الحضور'!B477:B642, A145,'الحضور'!D477:D642,"<>",'الحضور'!E477:E642,"<>")) -> 11 | C145: =IF(A145="",",",SUMPRODUCT(('الحضور'!B477:B645=A145)*(WEEKDAY('الحضور'!A477:A645,2)=5)*('الحضور'!D477:D645<>"")*('الحضور'!E477:E645<>""))) -> 0 | D145: =IF(A145="",",",SUMIFS('الحضور'!H477:H642,'الحضور'!B477:B642,A145)) -> 91.966667 | E145: =IF(A145="",",",SUMIFS('الحضور'!I477:I642,'الحضور'!B477:B642,A145)) -> 0.93333333 | F145: =IF(A145="",",",SUMIFS('الحضور'!J477:J642,'الحضور'!B477:B642,A145)) -> 0 | G145: =IF(A145="",",", SUMPRODUCT(('الحضور'!B477:B642=A145)*('الحضور'!H477:H642+'الحضور'!I477:I642+'الحضور'!J477:J642))) -> 92.9 | H145: =100000*B145/26 -> 42307.692 | I145: =IF(A145="",",",SUMIFS('الحضور'!K477:K642,'الحضور'!B477:B642,A145))+H145 -> 320421.17 | J145: =IF(A145="",",",SUMIFS('الحضور'!L477:L642,'الحضور'!B477:B642,A145)) -> 517900.98 | K145: =IF(A145="",",",SUMIFS('الحضور'!M477:M642,'الحضور'!B477:B642,A145)) -> 0 | L145: =IF(A145="",",",SUMIFS('الحضور'!N477:N642,'الحضور'!B477:B642, A145)) -> 15588.652 | M145: =I145+J145-K145-L145-N145 -> 15241.497 | N145: 807492 | O145: 45962
A146: حيدر يافوز | B146: =IF( A146="",",",COUNTIFS('الحضور'!B478:B642, A146,'الحضور'!D478:D642,"<>",'الحضور'!E478:E642,"<>")) -> 25 | C146: =IF(A146="",",",SUMPRODUCT(('الحضور'!B478:B645=A146)*(WEEKDAY('الحضور'!A478:A645,2)=5)*('الحضور'!D478:D645<>"")*('الحضور'!E478:E645<>""))) -> 1 | D146: =IF(A146="",",",SUMIFS('الحضور'!H478:H642,'الحضور'!B478:B642,A146)) -> 209.95 | E146: =IF(A146="",",",SUMIFS('الحضور'!I478:I642,'الحضور'!B478:B642,A146)) -> 25.483333 | F146: =IF(A146="",",",SUMIFS('الحضور'!J478:J642,'الحضور'!B478:B642,A146)) -> 11.783333 | G146: =IF(A146="",",", SUMPRODUCT(('الحضور'!B478:B642=A146)*('الحضور'!H478:H642+'الحضور'!I478:I642+'الحضور'!J478:J642))) -> 247.21667 | H146: =100000*B146/26 -> 96153.846 | I146: =IF(A146="",",",SUMIFS('الحضور'!K478:K642,'الحضور'!B478:B642,A146))+H146 -> 587601.54 | J146: =IF(A146="",",",SUMIFS('الحضور'!L478:L642,'الحضور'!B478:B642,A146)) -> 0 | K146: =IF(A146="",",",SUMIFS('الحضور'!M478:M642,'الحضور'!B478:B642,A146)) -> 551250 | L146: =IF(A146="",",",SUMIFS('الحضور'!N478:N642,'الحضور'!B478:B642, A146)) -> 36351.064 | M146: =I146+J146-K146-L146-N146 -> 0.47735952 | O146: 45962 | P146: 618000 دين متبقي 237000
A147: زكي صادق | B147: =IF( A147="",",",COUNTIFS('الحضور'!B479:B642, A147,'الحضور'!D479:D642,"<>",'الحضور'!E479:E642,"<>")) -> 5 | C147: =IF(A147="",",",SUMPRODUCT(('الحضور'!B479:B645=A147)*(WEEKDAY('الحضور'!A479:A645,2)=5)*('الحضور'!D479:D645<>"")*('الحضور'!E479:E645<>""))) -> 0 | D147: =IF(A147="",",",SUMIFS('الحضور'!H479:H642,'الحضور'!B479:B642,A147)) -> 32.4 | E147: =IF(A147="",",",SUMIFS('الحضور'!I479:I642,'الحضور'!B479:B642,A147)) -> 2.9333333 | F147: =IF(A147="",",",SUMIFS('الحضور'!J479:J642,'الحضور'!B479:B642,A147)) -> 0 | G147: =IF(A147="",",", SUMPRODUCT(('الحضور'!B479:B642=A147)*('الحضور'!H479:H642+'الحضور'!I479:I642+'الحضور'!J479:J642))) -> 35.333333 | H147: =100000*B147/26 -> 19230.769 | I147: =IF(A147="",",",SUMIFS('الحضور'!K479:K642,'الحضور'!B479:B642,A147))+H147 -> 81869.067 | J147: =IF(A147="",",",SUMIFS('الحضور'!L479:L642,'الحضور'!B479:B642,A147)) -> 0 | K147: =IF(A147="",",",SUMIFS('الحضور'!M479:M642,'الحضور'!B479:B642,A147)) -> 0 | L147: =IF(A147="",",",SUMIFS('الحضور'!N479:N642,'الحضور'!B479:B642, A147)) -> 25191.489 | M147: =I147+J147-K147-L147-N147 -> -0.42225859 | N147: 56678 | O147: 45962
A148: محمد حسن | B148: =IF( A148="",",",COUNTIFS('الحضور'!B480:B642, A148,'الحضور'!D480:D642,"<>",'الحضور'!E480:E642,"<>")) -> 23 | C148: =IF(A148="",",",SUMPRODUCT(('الحضور'!B480:B645=A148)*(WEEKDAY('الحضور'!A480:A645,2)=5)*('الحضور'!D480:D645<>"")*('الحضور'!E480:E645<>""))) -> 1 | D148: =IF(A148="",",",SUMIFS('الحضور'!H480:H642,'الحضور'!B480:B642,A148)) -> 179.18333 | E148: =IF(A148="",",",SUMIFS('الحضور'!I480:I642,'الحضور'!B480:B642,A148)) -> 4.3166667 | F148: =IF(A148="",",",SUMIFS('الحضور'!J480:J642,'الحضور'!B480:B642,A148)) -> 8.8333333 | G148: =IF(A148="",",", SUMPRODUCT(('الحضور'!B480:B642=A148)*('الحضور'!H480:H642+'الحضور'!I480:I642+'الحضور'!J480:J642))) -> 192.33333 | H148: =100000*B148/26 -> 88461.538 | I148: =IF(A148="",",",SUMIFS('الحضور'!K480:K642,'الحضور'!B480:B642,A148))+H148 -> 348025.37 | J148: =IF(A148="",",",SUMIFS('الحضور'!L480:L642,'الحضور'!B480:B642,A148)) -> 0 | K148: =IF(A148="",",",SUMIFS('الحضور'!M480:M642,'الحضور'!B480:B642,A148)) -> 101813 | L148: =IF(A148="",",",SUMIFS('الحضور'!N480:N642,'الحضور'!B480:B642, A148)) -> 221212.77 | M148: =I148+J148-K148-L148-N148 -> -0.39770867 | N148: 25000 | O148: 45962
A149: انوار كريم | B149: =IF( A149="",",",COUNTIFS('الحضور'!B481:B643, A149,'الحضور'!D481:D643,"<>",'الحضور'!E481:E643,"<>")) -> 18 | C149: =IF(A149="",",",SUMPRODUCT(('الحضور'!B481:B645=A149)*(WEEKDAY('الحضور'!A481:A645,2)=5)*('الحضور'!D481:D645<>"")*('الحضور'!E481:E645<>""))) -> 0 | D149: =IF(A149="",",",SUMIFS('الحضور'!H481:H643,'الحضور'!B481:B643,A149)) -> 123.41667 | E149: =IF(A149="",",",SUMIFS('الحضور'!I481:I643,'الحضور'!B481:B643,A149)) -> 0 | F149: =IF(A149="",",",SUMIFS('الحضور'!J481:J643,'الحضور'!B481:B643,A149)) -> 0 | G149: =IF(A149="",",", SUMPRODUCT(('الحضور'!B481:B643=A149)*('الحضور'!H481:H643+'الحضور'!I481:I643+'الحضور'!J481:J643))) -> 123.41667 | H149: =100000*B149/26 -> 69230.769 | I149: =IF(A149="",",",SUMIFS('الحضور'!K481:K643,'الحضور'!B481:B643,A149))+H149 -> 271553.17 | J149: =IF(A149="",",",SUMIFS('الحضور'!L481:L643,'الحضور'!B481:B643,A149)) -> 0 | K149: =IF(A149="",",",SUMIFS('الحضور'!M481:M643,'الحضور'!B481:B643,A149)) -> 0 | L149: =IF(A149="",",",SUMIFS('الحضور'!N481:N643,'الحضور'!B481:B643, A149)) -> 2677.5956 | M149: =I149+J149-K149-L149-N149 -> -41124.422 | N149: 310000 | O149: 45962
A150: حسين سعد | B150: =IF( A150="",",",COUNTIFS('الحضور'!B482:B644, A150,'الحضور'!D482:D644,"<>",'الحضور'!E482:E644,"<>")) -> 24 | C150: =IF(A150="",",",SUMPRODUCT(('الحضور'!B482:B645=A150)*(WEEKDAY('الحضور'!A482:A645,2)=5)*('الحضور'!D482:D645<>"")*('الحضور'!E482:E645<>""))) -> 1 | D150: =IF(A150="",",",SUMIFS('الحضور'!H482:H644,'الحضور'!B482:B644,A150)) -> 207.53333 | E150: =IF(A150="",",",SUMIFS('الحضور'!I482:I644,'الحضور'!B482:B644,A150)) -> 11.65 | F150: =IF(A150="",",",SUMIFS('الحضور'!J482:J644,'الحضور'!B482:B644,A150)) -> 7.9 | G150: =IF(A150="",",", SUMPRODUCT(('الحضور'!B482:B644=A150)*('الحضور'!H482:H644+'الحضور'!I482:I644+'الحضور'!J482:J644))) -> 227.08333 | H150: =100000*B150/26 -> 92307.692 | I150: =IF(A150="",",",SUMIFS('الحضور'!K482:K644,'الحضور'!B482:B644,A150))+H150 -> 450958.4 | J150: =IF(A150="",",",SUMIFS('الحضور'!L482:L644,'الحضور'!B482:B644,A150)) -> 12500 | K150: =IF(A150="",",",SUMIFS('الحضور'!M482:M644,'الحضور'!B482:B644,A150)) -> 169500 | L150: =IF(A150="",",",SUMIFS('الحضور'!N482:N644,'الحضور'!B482:B644, A150)) -> 13156.028 | M150: =I150+J150-K150-L150-N150 -> -5197.6268 | N150: 286000 | O150: 45962
A151: باقر | B151: =IF( A151="",",",COUNTIFS('الحضور'!B482:B645, A151,'الحضور'!D482:D645,"<>",'الحضور'!E482:E645,"<>")) -> 0 | C151: =IF(A151="",",",SUMPRODUCT(('الحضور'!B482:B645=A151)*(WEEKDAY('الحضور'!A482:A645,2)=5)*('الحضور'!D482:D645<>"")*('الحضور'!E482:E645<>""))) -> 0 | D151: =IF(A151="",",",SUMIFS('الحضور'!H482:H645,'الحضور'!B482:B645,A151)) -> 0 | E151: =IF(A151="",",",SUMIFS('الحضور'!I482:I645,'الحضور'!B482:B645,A151)) -> 0 | F151: =IF(A151="",",",SUMIFS('الحضور'!J482:J645,'الحضور'!B482:B645,A151)) -> 0 | G151: =IF(A151="",",", SUMPRODUCT(('الحضور'!B482:B645=A151)*('الحضور'!H482:H645+'الحضور'!I482:I645+'الحضور'!J482:J645))) -> 0 | H151: =100000*B151/26 -> 0 | I151: =IF(A151="",",",SUMIFS('الحضور'!K482:K645,'الحضور'!B482:B645,A151))+H151 -> 0 | J151: =IF(A151="",",",SUMIFS('الحضور'!L482:L645,'الحضور'!B482:B645,A151)) -> 0 | K151: =IF(A151="",",",SUMIFS('الحضور'!M482:M645,'الحضور'!B482:B645,A151)) -> 0 | L151: =IF(A151="",",",SUMIFS('الحضور'!N482:N645,'الحضور'!B482:B645, A151)) -> 0 | M151: =I151+J151-K151-L151-N151 -> -300000 | N151: 300000 | O151: 45962
A152: يوسف يعقوب | B152: =IF( A152="",",",COUNTIFS('الحضور'!B646:B1256, A152,'الحضور'!D646:D1256,"<>",'الحضور'!E646:E1256,"<>")) -> 0 | C152: =IF(A152="",",",SUMPRODUCT(('الحضور'!B483:B645=A152)*(WEEKDAY('الحضور'!A483:A645,2)=5)*('الحضور'!D483:D645<>"")*('الحضور'!E483:E645<>""))) -> 0 | D152: 0 | E152: 0 | F152: 0 | G152: 0 | H152: =100000*B152/26 -> 0 | I152: 0 | J152: 0 | K152: 0 | L152: 0 | M152: =I152+J152-K152-L152-N152 -> 0 | N152: 0 | O152: 45962
A154: حيدر مضر | B154: =IF( A154="",",",COUNTIFS('الحضور'!B648:B1258, A154,'الحضور'!D648:D1258,"<>",'الحضور'!E648:E1258,"<>")) -> 0 | C154: =IF(A154="",",",SUMPRODUCT(( 'الحضور'!B643:B1260=A154)*(WEEKDAY( 'الحضور'!A643:A1260,2)=5)*('الحضور'!D643:D1260<>"")*('الحضور'!E643:E1260<>""))) -> 0 | D154: =IF(A154="",",",SUMIFS('الحضور'!H643:H661,'الحضور'!B643:B661,A154)) -> 0 | E154: =IF(A154="",",",SUMIFS('الحضور'!I645:I1260,'الحضور'!B645:B1260,A154)) -> 0 | F154: =IF(A154="",",",SUMIFS('الحضور'!J645:J1260,'الحضور'!B645:B1260,A154)) -> 0 | G154: =IF(A154="",",", SUMPRODUCT(('الحضور'!B485:B648=A154)*('الحضور'!H485:H648+'الحضور'!I485:I648+'الحضور'!J485:J648))) -> 74.633333 | H154: =100000*B154/26 -> 0 | I154: =IF(A154="",",",SUMIFS('الحضور'!K645:K1260,'الحضور'!B645:B1260,A154))+H154 -> 0 | J154: =IF(A154="",",",SUMIFS('الحضور'!L645:L1260,'الحضور'!B645:B1260,A154)) -> 0 | K154: =IF(A154="",",",SUMIFS('الحضور'!M645:M1260,'الحضور'!B645:B1260,A154)) -> 0 | L154: =IF(A154="",",",SUMIFS('الحضور'!N645:N1260,'الحضور'!B645:B1260, A154)) -> 0 | M154: =I154+J154-K154-L154-N154 -> 0 | N154: 0 | O154: 45992
A155: باقر | B155: =IF( A155="",",",COUNTIFS('الحضور'!B649:B1259, A155,'الحضور'!D649:D1259,"<>",'الحضور'!E649:E1259,"<>")) -> 0 | C155: =IF(A155="",",",SUMPRODUCT(( 'الحضور'!B643:B1261=A155)*(WEEKDAY( 'الحضور'!A643:A1261,2)=5)*('الحضور'!D643:D1261<>"")*('الحضور'!E643:E1261<>""))) -> 0 | D155: =IF(A155="",",",SUMIFS('الحضور'!H643:H661,'الحضور'!B643:B661,A155)) -> 0 | E155: =IF(A155="",",",SUMIFS('الحضور'!I646:I1261,'الحضور'!B646:B1261,A155)) -> 0 | F155: =IF(A155="",",",SUMIFS('الحضور'!J646:J1261,'الحضور'!B646:B1261,A155)) -> 0 | G155: =IF(A155="",",", SUMPRODUCT(('الحضور'!B486:B649=A155)*('الحضور'!H486:H649+'الحضور'!I486:I649+'الحضور'!J486:J649))) -> 0 | H155: =100000*B155/26 -> 0 | I155: =IF(A155="",",",SUMIFS('الحضور'!K646:K1261,'الحضور'!B646:B1261,A155))+H155 -> 0 | J155: =IF(A155="",",",SUMIFS('الحضور'!L646:L1261,'الحضور'!B646:B1261,A155)) -> 0 | K155: =IF(A155="",",",SUMIFS('الحضور'!M646:M1261,'الحضور'!B646:B1261,A155)) -> 0 | L155: =IF(A155="",",",SUMIFS('الحضور'!N646:N1261,'الحضور'!B646:B1261, A155)) -> 0 | M155: =I155+J155-K155-L155-N155 -> -47500 | N155: 47500 | O155: 45993
A156: حسين سعد | B156: =IF( A156="",",",COUNTIFS('الحضور'!B644:B1260, A156,'الحضور'!D644:D1260,"<>",'الحضور'!E644:E1260,"<>")) -> 3 | C156: =IF(A156="",",",SUMPRODUCT(( 'الحضور'!B646:B1260=A156)*(WEEKDAY( 'الحضور'!A646:A1260,2)=5)*('الحضور'!D646:D1260<>"")*('الحضور'!E646:E1260<>""))) -> 0 | D156: =IF(A156="",",",SUMIFS('الحضور'!H646:H1260,'الحضور'!B646:B1260,A156)) -> 26.5 | E156: =IF(A156="",",",SUMIFS('الحضور'!I646:I1260,'الحضور'!B646:B1260,A156)) -> 0 | F156: =IF(A156="",",",SUMIFS('الحضور'!J646:J1260,'الحضور'!B646:B1260,A156)) -> 0 | G156: =IF(A156="",",", SUMPRODUCT(('الحضور'!B487:B650=A156)*('الحضور'!H487:H650+'الحضور'!I487:I650+'الحضور'!J487:J650))) -> 253.58333 | H156: =100000*B156/26 -> 11538.462 | I156: =IF(A156="",",",SUMIFS('الحضور'!K646:K1260,'الحضور'!B646:B1260,A156))+H156 -> 51006.547 | J156: =IF(A156="",",",SUMIFS('الحضور'!L646:L1260,'الحضور'!B646:B1260,A156)) -> 0 | K156: =IF(A156="",",",SUMIFS('الحضور'!M646:M1260,'الحضور'!B646:B1260,A156)) -> 0 | L156: =IF(A156="",",",SUMIFS('الحضور'!N646:N1260,'الحضور'!B646:B1260, A156)) -> 0 | M156: =I156+J156-K156-L156-N156 -> 3506.5466 | N156: 47500 | O156: 45994
A157: حيدر يافوز | B157: =IF( A157="",",",COUNTIFS('الحضور'!B643:B1255, A157,'الحضور'!D643:D1255,"<>",'الحضور'!E643:E1255,"<>")) -> 9 | C157: =IF(A157="",",",SUMPRODUCT(( 'الحضور'!B646:B1255=A157)*(WEEKDAY( 'الحضور'!A646:A1255,2)=5)*('الحضور'!D646:D1255<>"")*('الحضور'!E646:E1255<>""))) -> 1 | D157: =IF(A157="",",",SUMIFS('الحضور'!H646:H1255,'الحضور'!B646:B1255,A157)) -> 64.616667 | E157: =IF(A157="",",",SUMIFS('الحضور'!I646:I1255,'الحضور'!B646:B1255,A157)) -> 17.016667 | F157: =IF(A157="",",",SUMIFS('الحضور'!J646:J1255,'الحضور'!B646:B1255,A157)) -> 12.933333 | G157: =IF(A157="",",", SUMPRODUCT(('الحضور'!B488:B651=A157)*('الحضور'!H488:H651+'الحضور'!I488:I651+'الحضور'!J488:J651))) -> 247.21667 | H157: =100000*B157/26 -> 34615.385 | I157: =IF(A157="",",",SUMIFS('الحضور'!K646:K1255,'الحضور'!B646:B1255,A157))+H157 -> 244417.69 | J157: =IF(A157="",",",SUMIFS('الحضور'!L646:L1255,'الحضور'!B646:B1255,A157)) -> 0 | K157: =IF(A157="",",",SUMIFS('الحضور'!M646:M1255,'الحضور'!B646:B1255,A157)) -> 0 | L157: =IF(A157="",",",SUMIFS('الحضور'!N646:N1255,'الحضور'!B646:B1255, A157)) -> 0 | M157: =I157+J157-K157-L157-N157 -> -205582.31 | N157: 450000 | O157: 45995
A158: سراج نزار | B158: =IF( A158="",",",COUNTIFS('الحضور'!B643:B1256, A158,'الحضور'!D643:D1256,"<>",'الحضور'!E643:E1256,"<>")) -> 3 | C158: =IF(A158="",",",SUMPRODUCT(( 'الحضور'!B643:B1256=A158)*(WEEKDAY( 'الحضور'!A643:A1256,2)=5)*('الحضور'!D643:D1256<>"")*('الحضور'!E643:E1256<>""))) -> 0 | D158: =IF(A158="",",",SUMIFS('الحضور'!H643:H1256,'الحضور'!B643:B1256,A158)) -> 28.633333 | E158: =IF(A158="",",",SUMIFS('الحضور'!I643:I1256,'الحضور'!B643:B1256,A158)) -> 1.85 | F158: =IF(A158="",",",SUMIFS('الحضور'!J643:J1256,'الحضور'!B643:B1256,A158)) -> 0 | G158: =IF(A158="",",", SUMPRODUCT(('الحضور'!B489:B652=A158)*('الحضور'!H489:H652+'الحضور'!I489:I652+'الحضور'!J489:J652))) -> 136.48333 | H158: =100000*B158/26 -> 11538.462 | I158: =IF(A158="",",",SUMIFS('الحضور'!K643:K1256,'الحضور'!B643:B1256,A158))+H158 -> 91729.951 | J158: =IF(A158="",",",SUMIFS('الحضور'!L646:L1256,'الحضور'!B646:B1256,A158)) -> 0 | K158: =IF(A158="",",",SUMIFS('الحضور'!M646:M1256,'الحضور'!B646:B1256,A158)) -> 0 | L158: =IF(A158="",",",SUMIFS('الحضور'!N646:N1256,'الحضور'!B646:B1256, A158)) -> 0 | M158: =I158+J158-K158-L158-N158 -> -8270.0491 | N158: 100000 | O158: 45996
A159: عباس احمد | B159: =IF( A159="",",",COUNTIFS('الحضور'!B646:B1263, A159,'الحضور'!D646:D1263,"<>",'الحضور'!E646:E1263,"<>")) -> 17 | C159: =IF(A159="",",",SUMPRODUCT(( 'الحضور'!B646:B1263=A159)*(WEEKDAY( 'الحضور'!A646:A1263,2)=5)*('الحضور'!D646:D1263<>"")*('الحضور'!E646:E1263<>""))) -> 2 | D159: =IF(A159="",",",SUMIFS('الحضور'!H646:H1263,'الحضور'!B646:B1263,A159)) -> 128.5 | E159: =IF(A159="",",",SUMIFS('الحضور'!I646:I1263,'الحضور'!B646:B1263,A159)) -> 26.616667 | F159: =IF(A159="",",",SUMIFS('الحضور'!J646:J1263,'الحضور'!B646:B1263,A159)) -> 17.733333 | G159: =IF(A159="",",", SUMPRODUCT(('الحضور'!B490:B653=A159)*('الحضور'!H490:H653+'الحضور'!I490:I653+'الحضور'!J490:J653))) -> 0 | H159: =100000*B159/26 -> 65384.615 | I159: =IF(A159="",",",SUMIFS('الحضور'!K646:K1263,'الحضور'!B646:B1263,A159))+H159 -> 325671.85 | J159: =IF(A159="",",",SUMIFS('الحضور'!L646:L1263,'الحضور'!B646:B1263,A159)) -> 0 | K159: =IF(A159="",",",SUMIFS('الحضور'!M646:M1263,'الحضور'!B646:B1263,A159)) -> 0 | L159: =IF(A159="",",",SUMIFS('الحضور'!N646:N1263,'الحضور'!B646:B1263, A159)) -> 0 | M159: =I159+J159-K159-L159-N159 -> 4671.8494 | N159: 321000 | O159: 45997
A160: سيف الدين علي | B160: =IF( A160="",",",COUNTIFS('الحضور'!B646:B1264, A160,'الحضور'!D646:D1264,"<>",'الحضور'!E646:E1264,"<>")) -> 23 | C160: =IF(A160="",",",SUMPRODUCT(( 'الحضور'!B646:B1264=A160)*(WEEKDAY( 'الحضور'!A646:A1264,2)=5)*('الحضور'!D646:D1264<>"")*('الحضور'!E646:E1264<>""))) -> 0 | D160: =IF(A160="",",",SUMIFS('الحضور'!H646:H1264,'الحضور'!B646:B1264,A160)) -> 131.28333 | E160: =IF(A160="",",",SUMIFS('الحضور'!I646:I1264,'الحضور'!B646:B1264,A160)) -> 51.133333 | F160: =IF(A160="",",",SUMIFS('الحضور'!J646:J1264,'الحضور'!B646:B1264,A160)) -> 0 | G160: =IF(A160="",",", SUMPRODUCT(('الحضور'!B491:B654=A160)*('الحضور'!H491:H654+'الحضور'!I491:I654+'الحضور'!J491:J654))) -> 0 | H160: =100000*B160/26 -> 88461.538 | I160: =IF(A160="",",",SUMIFS('الحضور'!K646:K1264,'الحضور'!B646:B1264,A160))+H160 -> 1086361.4 | J160: =IF(A160="",",",SUMIFS('الحضور'!L646:L1264,'الحضور'!B646:B1264,A160)) -> 0 | K160: =IF(A160="",",",SUMIFS('الحضور'!M646:M1264,'الحضور'!B646:B1264,A160)) -> 0 | L160: =IF(A160="",",",SUMIFS('الحضور'!N646:N1264,'الحضور'!B646:B1264, A160)) -> 0 | M160: =I160+J160-K160-L160-N160 -> 1086361.4 | O160: 45998
A161: حسين سالم | B161: =IF( A161="",",",COUNTIFS('الحضور'!B646:B1265, A161,'الحضور'!D646:D1265,"<>",'الحضور'!E646:E1265,"<>")) -> 30 | C161: =IF(A161="",",",SUMPRODUCT(( 'الحضور'!B646:B1265=A161)*(WEEKDAY( 'الحضور'!A646:A1265,2)=5)*('الحضور'!D646:D1265<>"")*('الحضور'!E646:E1265<>""))) -> 3 | D161: 0 | E161: 0 | F161: 0 | G161: 0 | H161: 0 | I161: =IF(A161="",",",SUMIFS('الحضور'!O:O,'الحضور'!B:B,A161))+H161 -> 1292340.4 | J161: =IF(A161="",",",SUMIFS('الحضور'!L646:L1265,'الحضور'!B646:B1265,A161)) -> 0 | K161: =IF(A161="",",",SUMIFS('الحضور'!M646:M1265,'الحضور'!B646:B1265,A161)) -> 0 | L161: 0 | M161: =I161+J161-K161-L161-N161 -> 1292340.4 | N161: 0 | O161: 45999
A162: خضر | B162: =IF( A162="",",",COUNTIFS('الحضور'!B646:B1266, A162,'الحضور'!D646:D1266,"<>",'الحضور'!E646:E1266,"<>")) -> 0 | C162: =IF(A162="",",",SUMPRODUCT(( 'الحضور'!B646:B1266=A162)*(WEEKDAY( 'الحضور'!A646:A1266,2)=5)*('الحضور'!D646:D1266<>"")*('الحضور'!E646:E1266<>""))) -> 0 | D162: =IF(A162="",",",SUMIFS('الحضور'!H646:H1266,'الحضور'!B646:B1266,A162)) -> 0 | E162: =IF(A162="",",",SUMIFS('الحضور'!I646:I1266,'الحضور'!B646:B1266,A162)) -> 0 | F162: =IF(A162="",",",SUMIFS('الحضور'!J646:J1266,'الحضور'!B646:B1266,A162)) -> 0 | G162: =IF(A162="",",", SUMPRODUCT(('الحضور'!B493:B656=A162)*('الحضور'!H493:H656+'الحضور'!I493:I656+'الحضور'!J493:J656))) -> 0 | H162: =100000*B162/26 -> 0 | I162: =IF(A162="",",",SUMIFS('الحضور'!K647:K1266,'الحضور'!B647:B1266,A162))+H162 -> 0 | J162: =IF(A162="",",",SUMIFS('الحضور'!L646:L1266,'الحضور'!B646:B1266,A162)) -> 0 | K162: =IF(A162="",",",SUMIFS('الحضور'!M646:M1266,'الحضور'!B646:B1266,A162)) -> 0 | L162: =IF(A162="",",",SUMIFS('الحضور'!N646:N1266,'الحضور'!B646:B1266, A162)) -> 0 | M162: =I162+J162-K162-L162-N162 -> -500000 | N162: 500000 | O162: 46000
A163: عبدالله الصباغ | B163: =IF( A163="",",",COUNTIFS('الحضور'!B646:B1262, A163,'الحضور'!D646:D1262,"<>",'الحضور'!E646:E1262,"<>")) -> 14 | C163: =IF(A163="",",",SUMPRODUCT(( 'الحضور'!B646:B1262=A163)*(WEEKDAY( 'الحضور'!A646:A1262,2)=5)*('الحضور'!D646:D1262<>"")*('الحضور'!E646:E1262<>""))) -> 2 | D163: =IF(A163="",",",SUMIFS('الحضور'!H646:H1262,'الحضور'!B646:B1262,A163)) -> 175.5 | E163: =IF(A163="",",",SUMIFS('الحضور'!I646:I1262,'الحضور'!B646:B1262,A163)) -> 118.25 | F163: =IF(A163="",",",SUMIFS('الحضور'!J646:J1262,'الحضور'!B646:B1262,A163)) -> 57.25 | G163: =IF(A163="",",", SUMPRODUCT(('الحضور'!B494:B657=A163)*('الحضور'!H494:H657+'الحضور'!I494:I657+'الحضور'!J494:J657))) -> 0 | H163: =100000*B163/26 -> 53846.154 | I163: =IF(A163="",",",SUMIFS('الحضور'!K648:K1267,'الحضور'!B648:B1267,A163))+H163 -> 378846.15 | J163: =IF(A163="",",",SUMIFS('الحضور'!L646:L1262,'الحضور'!B646:B1262,A163)) -> 0 | K163: 180000 | L163: =IF(A163="",",",SUMIFS('الحضور'!N646:N1262,'الحضور'!B646:B1262, A163)) -> 159027.78 | M163: =I163+J163-K163-L163-N163 -> -230181.62 | N163: 270000 | O163: 46001
A164: علي الباكستاني | B164: =IF( A164="",",",COUNTIFS('الحضور'!B646:B1267, A164,'الحضور'!D646:D1267,"<>",'الحضور'!E646:E1267,"<>")) -> 0 | C164: =IF(A164="",",",SUMPRODUCT(( 'الحضور'!B646:B1267=A164)*(WEEKDAY( 'الحضور'!A646:A1267,2)=5)*('الحضور'!D646:D1267<>"")*('الحضور'!E646:E1267<>""))) -> 0 | D164: =IF(A164="",",",SUMIFS('الحضور'!H646:H1267,'الحضور'!B646:B1267,A164)) -> 0 | E164: =IF(A164="",",",SUMIFS('الحضور'!I646:I1267,'الحضور'!B646:B1267,A164)) -> 0 | F164: =IF(A164="",",",SUMIFS('الحضور'!J646:J1267,'الحضور'!B646:B1267,A164)) -> 0 | G164: =IF(A164="",",", SUMPRODUCT(('الحضور'!B495:B658=A164)*('الحضور'!H495:H658+'الحضور'!I495:I658+'الحضور'!J495:J658))) -> 0 | H164: =100000*B164/26 -> 0 | I164: =IF(A164="",",",SUMIFS('الحضور'!K649:K1268,'الحضور'!B649:B1268,A164))+H164 -> 0 | J164: 0 | K164: =IF(A164="",",",SUMIFS('الحضور'!M646:M1267,'الحضور'!B646:B1267,A164)) -> 0 | L164: =IF(A164="",",",SUMIFS('الحضور'!N646:N1267,'الحضور'!B646:B1267, A164)) -> 0 | M164: =I164+J164-K164-L164-N164 -> -480000 | N164: 480000 | O164: 46002
A165: زكريا | B165: =IF( A165="",",",COUNTIFS('الحضور'!B646:B1268, A165,'الحضور'!D646:D1268,"<>",'الحضور'!E646:E1268,"<>")) -> 0 | C165: =IF(A165="",",",SUMPRODUCT(( 'الحضور'!B646:B1268=A165)*(WEEKDAY( 'الحضور'!A646:A1268,2)=5)*('الحضور'!D646:D1268<>"")*('الحضور'!E646:E1268<>""))) -> 0 | D165: =IF(A165="",",",SUMIFS('الحضور'!H646:H1268,'الحضور'!B646:B1268,A165)) -> 0 | E165: =IF(A165="",",",SUMIFS('الحضور'!I646:I1268,'الحضور'!B646:B1268,A165)) -> 0 | F165: =IF(A165="",",",SUMIFS('الحضور'!J646:J1268,'الحضور'!B646:B1268,A165)) -> 0 | G165: =IF(A165="",",", SUMPRODUCT(('الحضور'!B496:B659=A165)*('الحضور'!H496:H659+'الحضور'!I496:I659+'الحضور'!J496:J659))) -> 0 | H165: =100000*B165/26 -> 0 | I165: =IF(A165="",",",SUMIFS('الحضور'!K646:K1268,'الحضور'!B646:B1268,A165))+H165 -> 0 | J165: =IF(A165="",",",SUMIFS('الحضور'!L646:L1268,'الحضور'!B646:B1268,A165)) -> 0 | K165: =IF(A165="",",",SUMIFS('الحضور'!M646:M1268,'الحضور'!B646:B1268,A165)) -> 0 | L165: =IF(A165="",",",SUMIFS('الحضور'!N646:N1268,'الحضور'!B646:B1268, A165)) -> 0 | M165: =I165+J165-K165-L165-N165 -> -1350000 | N165: 1350000 | O165: 46003
A166: حيدر الصباغ | B166: =IF( A166="",",",COUNTIFS('الحضور'!B647:B1269, A166,'الحضور'!D647:D1269,"<>",'الحضور'!E647:E1269,"<>")) -> 0 | C166: =IF(A166="",",",SUMPRODUCT(( 'الحضور'!B647:B1269=A166)*(WEEKDAY( 'الحضور'!A647:A1269,2)=5)*('الحضور'!D647:D1269<>"")*('الحضور'!E647:E1269<>""))) -> 0 | D166: =IF(A166="",",",SUMIFS('الحضور'!H647:H1269,'الحضور'!B647:B1269,A166)) -> 0 | E166: =IF(A166="",",",SUMIFS('الحضور'!I647:I1269,'الحضور'!B647:B1269,A166)) -> 0 | F166: =IF(A166="",",",SUMIFS('الحضور'!J647:J1269,'الحضور'!B647:B1269,A166)) -> 0 | G166: =IF(A166="",",", SUMPRODUCT(('الحضور'!B497:B660=A166)*('الحضور'!H497:H660+'الحضور'!I497:I660+'الحضور'!J497:J660))) -> 0 | H166: =100000*B166/26 -> 0 | I166: =IF(A166="",",",SUMIFS('الحضور'!K647:K1269,'الحضور'!B647:B1269,A166))+H166 -> 0 | J166: =IF(A166="",",",SUMIFS('الحضور'!L647:L1269,'الحضور'!B647:B1269,A166)) -> 0 | K166: =IF(A166="",",",SUMIFS('الحضور'!M647:M1269,'الحضور'!B647:B1269,A166)) -> 0 | L166: =IF(A166="",",",SUMIFS('الحضور'!N647:N1269,'الحضور'!B647:B1269, A166)) -> 0 | M166: =I166+J166-K166-L166-N166 -> -500000 | N166: 500000 | O166: 46003

Sheet الحضور
A1: العمود 1 | B1: اسم الموظف | C1: اليوم | D1: وقت الدخول | E1: وقت الخروج | F1: الراتب الاسمي | G1: سعر الساعة | H1: ساعات عادية | I1: ساعات إضافية 1.5x | J1: ساعات الجمعة 2x | K1: الراتب اليومي | L1: المكافآت | M1: السلف | N1: الغرامات التاخيرية | O1: الرقم النهائي | P1: الملاحظات
A2: 45901 | B2: حيدر مضر | C2: =CHOOSE(WEEKDAY(A2,2),"الاثنين","الثلاثاء","الأربعاء","الخميس","الجمعة","السبت","الأحد") -> الاثنين | D2: 0.44305556 | E2: 0.875 | F2: 650000 | G2: =F2/235 -> 2765.9574 | H2: =IF(ISNUMBER(SEARCH("جمعة",C2)),0, IF(OR(D2="", E2=""),0, MIN(12,MAX(0,(MIN(E2,TIME(18,0,0))-MAX(D2,TIME(6,0,0)))*24)))) -> 7.3666667 | I2: =IF(ISNUMBER(SEARCH("جمعة",C2)), 0, MAX(0,(MOD(E2-D2,1)*24)-H2)) -> 3 | J2: =IF(C2="الجمعة",MOD(E2-D2,1)*24,0) -> 0 | K2: =sum(H2*G2)+(I2*1.5*G2)+(J2*2*G2) -> 32822.695 | M2: 240000 | N2: =(9-H2)*G2 -> 4517.7305 | O2: =K2+L2-M2-N2 -> -211695.04
A3: 45902 | B3: حيدر مضر | C3: =CHOOSE(WEEKDAY(A3,2),"الاثنين","الثلاثاء","الأربعاء","الخميس","الجمعة","السبت","الأحد") -> الثلاثاء | D3: 0.29791667 | E3: 0.875 | F3: 650000 | G3: =F3/235 -> 2765.9574 | H3: =IF(ISNUMBER(SEARCH("جمعة",C3)), 0, IF(OR(D3="", E3=""), 0, MIN(12,MAX(0,(MIN(E3,TIME(18,0,0))-MAX(D3,TIME(6,0,0)))*24)))) -> 10.85 | I3: =IF(ISNUMBER(SEARCH("جمعة",C3)), 0, MAX(0,(MOD(E3-D3,1)*24)-H3)) -> 3 | J3: =IF(C3="الجمعة",MOD(E3-D3,1)*24,0) -> 0 | K3: =sum(H3*G3)+(I3*1.5*G3)+(J3*2*G3) -> 42457.447 | N3: 15000 | O3: =K3+L3-M3-N3 -> 27457.447 | P3: 1 قوطية صبغ اساس طبليات مصطفى
A4: 45903 | B4: حيدر مضر | C4: =CHOOSE(WEEKDAY(A4,2),"الاثنين","الثلاثاء","الأربعاء","الخميس","الجمعة","السبت","الأحد") -> الأربعاء | D4: 0.42638889 | E4: 0.85347222 | F4: 650000 | G4: =F4/235 -> 2765.9574 | H4: =IF(ISNUMBER(SEARCH("جمعة",C4)), 0, IF(OR(D4="", E4=""), 0, MIN(12,MAX(0,(MIN(E4,TIME(18,0,0))-MAX(D4,TIME(6,0,0)))*24)))) -> 7.7666667 | I4: =IF(ISNUMBER(SEARCH("جمعة",C4)), 0, MAX(0,(MOD(E4-D4,1)*24)-H4)) -> 2.4833333 | J4: =IF(C4="الجمعة",MOD(E4-D4,1)*24,0) -> 0 | K4: =sum(H4*G4)+(I4*1.5*G4)+(J4*2*G4) -> 31785.461 | N4: =IF(C4="الجمعة",0,IF(D4>TIME(9,0,0),(D4-TIME(9,0,0))*24*60*(G4/60),0)) -> 3411.3475 | O4: =K4+L4-M4-N4 -> 28374.113
A5: 45904 | B5: حيدر مضر | C5: =CHOOSE(WEEKDAY(A5,2),"الاثنين","الثلاثاء","الأربعاء","الخميس","الجمعة","السبت","الأحد") -> الخميس | D5: 0.375 | E5: 0.99930556 | F5: 650000 | G5: =F5/235 -> 2765.9574 | H5: =IF(ISNUMBER(SEARCH("جمعة",C5)), 0, IF(OR(D5="", E5=""), 0, MIN(12,MAX(0,(MIN(E5,TIME(18,0,0))-MAX(D5,TIME(6,0,0)))*24)))) -> 9 | I5: =IF(ISNUMBER(SEARCH("جمعة",C5)), 0, MAX(0,(MOD(E5-D5,1)*24)-H5)) -> 5.9833333 | J5: =IF(C5="الجمعة",MOD(E5-D5,1)*24,0) -> 0 | K5: =sum(H5*G5)+(I5*1.5*G5)+(J5*2*G5) -> 49718.085 | N5: 4000 | O5: =K5+L5-M5-N5 -> 45718.085 | P5: مكتبية
A6: 45905 | B6: حيدر مضر | C6: =CHOOSE(WEEKDAY(A6,2),"الاثنين","الثلاثاء","الأربعاء","الخميس","الجمعة","السبت","الأحد") -> الجمعة | D6: 0.41666667 | E6: 0.95833333 | F6: 650000 | G6: =F6/235 -> 2765.9574 | H6: =IF(ISNUMBER(SEARCH("جمعة",C6)), 0, IF(OR(D6="", E6=""), 0, MIN(12,MAX(0,(MIN(E6,TIME(18,0,0))-MAX(D6,TIME(6,0,0)))*24)))) -> 0 | I6: =IF(ISNUMBER(SEARCH("جمعة",C6)), 0, MAX(0,(MOD(E6-D6,1)*24)-H6)) -> 0 | J6: =IF(C6="الجمعة",MOD(E6-D6,1)*24,0) -> 13 | K6: =sum(H6*G6)+(I6*1.5*G6)+(J6*2*G6) -> 71914.894 | N6: =IF(C6="الجمعة",0,IF(D6>TIME(9,0,0),(D6-TIME(9,0,0))*24*60*(G6/60),0)) -> 0 | O6: =K6+L6-M6-N6 -> 71914.894
A7: 45906 | B7: حيدر مضر | C7: =CHOOSE(WEEKDAY(A7,2),"الاثنين","الثلاثاء","الأربعاء","الخميس","الجمعة","السبت","الأحد") -> السبت | D7: 0.40208333 | E7: 0.89791667 | F7: 650000 | G7: =F7/235 -> 2765.9574 | H7: =IF(ISNUMBER(SEARCH("جمعة",C7)), 0, IF(OR(D7="", E7=""), 0, MIN(12,MAX(0,(MIN(E7,TIME(18,0,0))-MAX(D7,TIME(6,0,0)))*24)))) -> 8.35 | I7: =IF(ISNUMBER(SEARCH("جمعة",C7)), 0, MAX(0,(MOD(E7-D7,1)*24)-H7)) -> 3.55 | J7: =IF(C7="الجمعة",MOD(E7-D7,1)*24,0) -> 0 | K7: =sum(H7*G7)+(I7*1.5*G7)+(J7*2*G7) -> 37824.468 | N7: =IF(C7="الجمعة",0,IF(D7>TIME(9,0,0),(D7-TIME(9,0,0))*24*60*(G7/60),0)) -> 1797.8723 | O7: =K7+L7-M7-N7 -> 36026.596
A8: 45907 | B8: حيدر مضر | C8: =CHOOSE(WEEKDAY(A8,2),"الاثنين","الثلاثاء","الأربعاء","الخميس","الجمعة","السبت","الأحد") -> الأحد | D8: 0.375 | E8: 0.99930556 | F8: 650000 | G8: =F8/235 -> 2765.9574 | H8: =IF(ISNUMBER(SEARCH("جمعة",C8)), 0, IF(OR(D8="", E8=""), 0, MIN(12,MAX(0,(MIN(E8,TIME(18,0,0))-MAX(D8,TIME(6,0,0)))*24)))) -> 9 | I8: =IF(ISNUMBER(SEARCH("جمعة",C8)), 0, MAX(0,(MOD(E8-D8,1)*24)-H8)) -> 5.9833333 | J8: =IF(C8="الجمعة",MOD(E8-D8,1)*24,0) -> 0 | K8: =sum(H8*G8)+(I8*1.5*G8)+(J8*2*G8) -> 49718.085 | N8: =IF(C8="الجمعة",0,IF(D8>TIME(9,0,0),(D8-TIME(9,0,0))*24*60*(G8/60),0)) -> 0 | O8: =K8+L8-M8-N8 -> 49718.085
A9: 45908 | B9: حيدر مضر | C9: =CHOOSE(WEEKDAY(A9,2),"الاثنين","الثلاثاء","الأربعاء","الخميس","الجمعة","السبت","الأحد") -> الاثنين | D9: 0.375 | E9: 0.99930556 | F9: 650000 | G9: =F9/235 -> 2765.9574 | H9: =IF(ISNUMBER(SEARCH("جمعة",C9)), 0, IF(OR(D9="", E9=""), 0, MIN(12,MAX(0,(MIN(E9,TIME(18,0,0))-MAX(D9,TIME(6,0,0)))*24)))) -> 9 | I9: =IF(ISNUMBER(SEARCH("جمعة",C9)), 0, MAX(0,(MOD(E9-D9,1)*24)-H9)) -> 5.9833333 | J9: =IF(C9="الجمعة",MOD(E9-D9,1)*24,0) -> 0 | K9: =sum(H9*G9)+(I9*1.5*G9)+(J9*2*G9) -> 49718.085 | N9: =IF(C9="الجمعة",0,IF(D9>TIME(9,0,0),(D9-TIME(9,0,0))*24*60*(G9/60),0)) -> 0 | O9: =K9+L9-M9-N9 -> 49718.085
A10: 45909 | B10: حيدر مضر | C10: =CHOOSE(WEEKDAY(A10,2),"الاثنين","الثلاثاء","الأربعاء","الخميس","الجمعة","السبت","الأحد") -> الثلاثاء | D10: 0.375 | E10: 0.99930556 | F10: 650000 | G10: =F10/235 -> 2765.9574 | H10: =IF(ISNUMBER(SEARCH("جمعة",C10)), 0, IF(OR(D10="", E10=""), 0, MIN(12,MAX(0,(MIN(E10,TIME(18,0,0))-MAX(D10,TIME(6,0,0)))*24)))) -> 9 | I10: =IF(ISNUMBER(SEARCH("جمعة",C10)), 0, MAX(0,(MOD(E10-D10,1)*24)-H10)) -> 5.9833333 | J10: =IF(C10="الجمعة",MOD(E10-D10,1)*24,0) -> 0 | K10: =sum(H10*G10)+(I10*1.5*G10)+(J10*2*G10) -> 49718.085 | N10: =IF(C10="الجمعة",0,IF(D10>TIME(9,0,0),(D10-TIME(9,0,0))*24*60*(G10/60),0)) -> 0 | O10: =K10+L10-M10-N10 -> 49718.085
A11: 45910 | B11: حيدر مضر | C11: =CHOOSE(WEEKDAY(A11,2),"الاثنين","الثلاثاء","الأربعاء","الخميس","الجمعة","السبت","الأحد") -> الأربعاء | D11: 0.375 | E11: 0.99930556 | F11: 650000 | G11: =F11/235 -> 2765.9574 | H11: =IF(ISNUMBER(SEARCH("جمعة",C11)), 0, IF(OR(D11="", E11=""), 0, MIN(12,MAX(0,(MIN(E11,TIME(18,0,0))-MAX(D11,TIME(6,0,0)))*24)))) -> 9 | I11: =IF(ISNUMBER(SEARCH("جمعة",C11)), 0, MAX(0,(MOD(E11-D11,1)*24)-H11)) -> 5.9833333 | J11: =IF(C11="الجمعة",MOD(E11-D11,1)*24,0) -> 0 | K11: =sum(H11*G11)+(I11*1.5*G11)+(J11*2*G11) -> 49718.085 | N11: =IF(C11="الجمعة",0,IF(D11>TIME(9,0,0),(D11-TIME(9,0,0))*24*60*(G11/60),0)) -> 0 | O11: =K11+L11-M11-N11 -> 49718.085
A12: 45911 | B12: حيدر مضر | C12: =CHOOSE(WEEKDAY(A12,2),"الاثنين","الثلاثاء","الأربعاء","الخميس","الجمعة","السبت","الأحد") -> الخميس | D12: 0.375 | E12: 0.99930556 | F12: 650000 | G12: =F12/235 -> 2765.9574 | H12: =IF(ISNUMBER(SEARCH("جمعة",C12)), 0, IF(OR(D12="", E12=""), 0, MIN(12,MAX(0,(MIN(E12,TIME(18,0,0))-MAX(D12,TIME(6,0,0)))*24)))) -> 9 | I12: =IF(ISNUMBER(SEARCH("جمعة",C12)), 0, MAX(0,(MOD(E12-D12,1)*24)-H12)) -> 5.9833333 | J12: =IF(C12="الجمعة",MOD(E12-D12,1)*24,0) -> 0 | K12: =sum(H12*G12)+(I12*1.5*G12)+(J12*2*G12) -> 49718.085 | N12: =IF(C12="الجمعة",0,IF(D12>TIME(9,0,0),(D12-TIME(9,0,0))*24*60*(G12/60),0)) -> 0 | O12: =K12+L12-M12-N12 -> 49718.085
A13: 45912 | B13: حيدر مضر | C13: =CHOOSE(WEEKDAY(A13,2),"الاثنين","الثلاثاء","الأربعاء","الخميس","الجمعة","السبت","الأحد") -> الجمعة | D13: 0 | E13: 0.75 | F13: 650000 | G13: =F13/235 -> 2765.9574 | H13: =IF(ISNUMBER(SEARCH("جمعة",C13)), 0, IF(OR(D13="", E13=""), 0, MIN(12,MAX(0,(MIN(E13,TIME(18,0,0))-MAX(D13,TIME(6,0,0)))*24)))) -> 0 | I13: =IF(ISNUMBER(SEARCH("جمعة",C13)), 0, MAX(0,(MOD(E13-D13,1)*24)-H13)) -> 0 | J13: =IF(C13="الجمعة",MOD(E13-D13,1)*24,0) -> 18 | K13: =sum(H13*G13)+(I13*1.5*G13)+(J13*2*G13) -> 99574.468 | N13: =IF(C13="الجمعة",0,IF(D13>TIME(9,0,0),(D13-TIME(9,0,0))*24*60*(G13/60),0)) -> 0 | O13: =K13+L13-M13-N13 -> 99574.468
A14: 45914 | B14: حيدر مضر | C14: =CHOOSE(WEEKDAY(A14,2),"الاثنين","الثلاثاء","الأربعاء","الخميس","الجمعة","السبت","الأحد") -> الأحد | D14: 0.39236111 | E14: 0.77430556 | F14: 650000 | G14: =F14/235 -> 2765.9574 | H14: =IF(ISNUMBER(SEARCH("جمعة",C14)), 0, IF(OR(D14="", E14=""), 0, MIN(12,MAX(0,(MIN(E14,TIME(18,0,0))-MAX(D14,TIME(6,0,0)))*24)))) -> 8.5833333 | I14: =IF(ISNUMBER(SEARCH("جمعة",C14)), 0, MAX(0,(MOD(E14-D14,1)*24)-H14)) -> 0.58333333 | J14: =IF(C14="الجمعة",MOD(E14-D14,1)*24,0) -> 0 | K14: =sum(H14*G14)+(I14*1.5*G14)+(J14*2*G14) -> 26161.348 | N14: =IF(C14="الجمعة",0,IF(D14>TIME(9,0,0),(D14-TIME(9,0,0))*24*60*(G14/60),0)) -> 1152.4823 | O14: =K14+L14-M14-N14 -> 25008.865
A15: 45915 | B15: حيدر مضر | C15: =CHOOSE(WEEKDAY(A15,2),"الاثنين","الثلاثاء","الأربعاء","الخميس","الجمعة","السبت","الأحد") -> الاثنين | D15: 0.46180556 | E15: 0.83125 | F15: 650000 | G15: =F15/235 -> 2765.9574 | H15: =IF(ISNUMBER(SEARCH("جمعة",C15)), 0, IF(OR(D15="", E15=""), 0, MIN(12,MAX(0,(MIN(E15,TIME(18,0,0))-MAX(D15,TIME(6,0,0)))*24)))) -> 6.9166667 | I15: =IF(ISNUMBER(SEARCH("جمعة",C15)), 0, MAX(0,(MOD(E15-D15,1)*24)-H15)) -> 1.95 | J15: =IF(C15="الجمعة",MOD(E15-D15,1)*24,0) -> 0 | K15: =sum(H15*G15)+(I15*1.5*G15)+(J15*2*G15) -> 27221.631 | N15: =IF(C15="الجمعة",0,IF(D15>TIME(9,0,0),(D15-TIME(9,0,0))*24*60*(G15/60),0)) -> 5762.4113 | O15: =K15+L15-M15-N15 -> 21459.22
A16: 45916 | B16: حيدر مضر | C16: =CHOOSE(WEEKDAY(A16,2),"الاثنين","الثلاثاء","الأربعاء","الخميس","الجمعة","السبت","الأحد") -> الثلاثاء | D16: 0.375 | E16: 0.875 | F16: 650000 | G16: =F16/235 -> 2765.9574 | H16: =IF(ISNUMBER(SEARCH("جمعة",C16)), 0, IF(OR(D16="", E16=""), 0, MIN(12,MAX(0,(MIN(E16,TIME(18,0,0))-MAX(D16,TIME(6,0,0)))*24)))) -> 9 | I16: =IF(ISNUMBER(SEARCH("جمعة",C16)), 0, MAX(0,(MOD(E16-D16,1)*24)-H16)) -> 3 | J16: =IF(C16="الجمعة",MOD(E16-D16,1)*24,0) -> 0 | K16: =sum(H16*G16)+(I16*1.5*G16)+(J16*2*G16) -> 37340.426 | N16: =IF(C16="الجمعة",0,IF(D16>TIME(9,0,0),(D16-TIME(9,0,0))*24*60*(G16/60),0)) -> 0 | O16: =K16+L16-M16-N16 -> 37340.426
A17: 45917 | B17: حيدر مضر | C17: =CHOOSE(WEEKDAY(A17,2),"الاثنين","الثلاثاء","الأربعاء","الخميس","الجمعة","السبت","الأحد") -> الأربعاء | D17: 0.37222222 | E17: 0.78541667 | F17: 650000 | G17: =F17/235 -> 2765.9574 | H17: =IF(ISNUMBER(SEARCH("جمعة",C17)), 0, IF(OR(D17="", E17=""), 0, MIN(12,MAX(0,(MIN(E17,TIME(18,0,0))-MAX(D17,TIME(6,0,0)))*24)))) -> 9.0666667 | I17: =IF(ISNUMBER(SEARCH("جمعة",C17)), 0, MAX(0,(MOD(E17-D17,1)*24)-H17)) -> 0.85 | J17: =IF(C17="الجمعة",MOD(E17-D17,1)*24,0) -> 0 | K17: =sum(H17*G17)+(I17*1.5*G17)+(J17*2*G17) -> 28604.61 | N17: =IF(C17="الجمعة",0,IF(D17>TIME(9,0,0),(D17-TIME(9,0,0))*24*60*(G17/60),0)) -> 0 | O17: =K17+L17-M17-N17 -> 28604.61
... A28: 45930 | B28: حيدر مضر | C28: =CHOOSE(WEEKDAY(A28,2),"الاثنين","الثلاثاء","الأربعاء","الخميس","الجمعة","السبت","الأحد") -> الثلاثاء | D28: 0.375 | E28: 0.79166667 | F28: 650000 | G28: =F28/235 -> 2765.9574 | H28: =IF(ISNUMBER(SEARCH("جمعة",C28)), 0, IF(OR(D28="", E28=""), 0, MIN(12,MAX(0,(MIN(E28,TIME(18,0,0))-MAX(D28,TIME(6,0,0)))*24)))) -> 9 | I28: =IF(ISNUMBER(SEARCH("جمعة",C28)), 0, MAX(0,(MOD(E28-D28,1)*24)-H28)) -> 1 | J28: =IF(C28="الجمعة",MOD(E28-D28,1)*24,0) -> 0 | K28: =sum(H28*G28)+(I28*1.5*G28)+(J28*2*G28) -> 29042.553 | N28: =IF(C28="الجمعة",0,IF(D28>TIME(9,0,0),(D28-TIME(9,0,0))*24*60*(G28/60),0)) -> 0 | O28: =K28+L28-M28-N28 -> 29042.553
A29: 45901 | B29: عبدالرضا عقيل | C29: =CHOOSE(WEEKDAY(A29,2),"الاثنين","الثلاثاء","الأربعاء","الخميس","الجمعة","السبت","الأحد") -> الاثنين | D29: 0.39305556 | E29: 0.75 | F29: 650000 | G29: =F29/235 -> 2765.9574 | H29: =IF(ISNUMBER(SEARCH("جمعة",C29)), 0, IF(OR(D29="", E29=""), 0, MIN(12,MAX(0,(MIN(E29,TIME(18,0,0))-MAX(D29,TIME(6,0,0)))*24)))) -> 8.5666667 | I29: =IF(ISNUMBER(SEARCH("جمعة",C29)), 0, MAX(0,(MOD(E29-D29,1)*24)-H29)) -> 0 | J29: =IF(C29="الجمعة",MOD(E29-D29,1)*24,0) -> 0 | K29: =sum(H29*G29)+(I29*1.5*G29)+(J29*2*G29) -> 23695.035 | M29: 50000 | N29: =IF(C29="الجمعة",0,IF(D29>TIME(9,0,0),(D29-TIME(9,0,0))*24*60*(G29/60),0)) -> 1198.5816 | O29: =K29+L29-M29-N29 -> -27503.546 | P29: 285000 دين من الشهر السابق باقي 235000
A30: 45902 | B30: عبدالرضا عقيل | C30: =CHOOSE(WEEKDAY(A30,2),"الاثنين","الثلاثاء","الأربعاء","الخميس","الجمعة","السبت","الأحد") -> الثلاثاء | D30: 0.26041667 | E30: 0.57152778 | F30: 650000 | G30: =F30/235 -> 2765.9574 | H30: =IF(ISNUMBER(SEARCH("جمعة",C30)), 0, IF(OR(D30="", E30=""), 0, MIN(12,MAX(0,(MIN(E30,TIME(18,0,0))-MAX(D30,TIME(6,0,0)))*24)))) -> 7.4666667 | I30: =IF(ISNUMBER(SEARCH("جمعة",C30)), 0, MAX(0,(MOD(E30-D30,1)*24)-H30)) -> 0 | J30: =IF(C30="الجمعة",MOD(E30-D30,1)*24,0) -> 0 | K30: =sum(H30*G30)+(I30*1.5*G30)+(J30*2*G30) -> 20652.482 | L30: 47000 | N30: 778 | O30: =K30+L30-M30-N30 -> 66874.482
A31: 45903 | B31: عبدالرضا عقيل | C31: =CHOOSE(WEEKDAY(A31,2),"الاثنين","الثلاثاء","الأربعاء","الخميس","الجمعة","السبت","الأحد") -> الأربعاء | D31: 0.36736111 | E31: 0.89861111 | F31: 650000 | G31: =F31/235 -> 2765.9574 | H31: =IF(ISNUMBER(SEARCH("جمعة",C31)), 0, IF(OR(D31="", E31=""), 0, MIN(12,MAX(0,(MIN(E31,TIME(18,0,0))-MAX(D31,TIME(6,0,0)))*24)))) -> 9.1833333 | I31: =IF(ISNUMBER(SEARCH("جمعة",C31)), 0, MAX(0,(MOD(E31-D31,1)*24)-H31)) -> 3.5666667 | J31: =IF(C31="الجمعة",MOD(E31-D31,1)*24,0) -> 0 | K31: =sum(H31*G31)+(I31*1.5*G31)+(J31*2*G31) -> 40198.582 | N31: =IF(C31="الجمعة",0,IF(D31>TIME(9,0,0),(D31-TIME(9,0,0))*24*60*(G31/60),0)) -> 0 | O31: =K31+L31-M31-N31 -> 40198.582
A32: 45904 | B32: عبدالرضا عقيل | C32: =CHOOSE(WEEKDAY(A32,2),"الاثنين","الثلاثاء","الأربعاء","الخميس","الجمعة","السبت","الأحد") -> الخميس | D32: 0.375 | E32: 0.89583333 | F32: 650000 | G32: =F32/235 -> 2765.9574 | H32: =IF(ISNUMBER(SEARCH("جمعة",C32)), 0, IF(OR(D32="", E32=""), 0, MIN(12,MAX(0,(MIN(E32,TIME(18,0,0))-MAX(D32,TIME(6,0,0)))*24)))) -> 9 | I32: =IF(ISNUMBER(SEARCH("جمعة",C32)), 0, MAX(0,(MOD(E32-D32,1)*24)-H32)) -> 3.5 | J32: =IF(C32="الجمعة",MOD(E32-D32,1)*24,0) -> 0 | K32: =sum(H32*G32)+(I32*1.5*G32)+(J32*2*G32) -> 39414.894 | N32: =IF(C32="الجمعة",0,IF(D32>TIME(9,0,0),(D32-TIME(9,0,0))*24*60*(G32/60),0)) -> 0 | O32: =K32+L32-M32-N32 -> 39414.894
A33: 45905 | B33: عبدالرضا عقيل | C33: =CHOOSE(WEEKDAY(A33,2),"الاثنين","الثلاثاء","الأربعاء","الخميس","الجمعة","السبت","الأحد") -> الجمعة | D33: 0.46666667 | E33: 0.97916667 | F33: 650000 | G33: =F33/235 -> 2765.9574 | H33: =IF(ISNUMBER(SEARCH("جمعة",C33)), 0, IF(OR(D33="", E33=""), 0, MIN(12,MAX(0,(MIN(E33,TIME(18,0,0))-MAX(D33,TIME(6,0,0)))*24)))) -> 0 | I33: =IF(ISNUMBER(SEARCH("جمعة",C33)), 0, MAX(0,(MOD(E33-D33,1)*24)-H33)) -> 0 | J33: =IF(C33="الجمعة",MOD(E33-D33,1)*24,0) -> 12.3 | K33: =sum(H33*G33)+(I33*1.5*G33)+(J33*2*G33) -> 68042.553 | N33: =IF(C33="الجمعة",0,IF(D33>TIME(9,0,0),(D33-TIME(9,0,0))*24*60*(G33/60),0)) -> 0 | O33: =K33+L33-M33-N33 -> 68042.553
A34: 45906 | B34: عبدالرضا عقيل | C34: =CHOOSE(WEEKDAY(A34,2),"الاثنين","الثلاثاء","الأربعاء","الخميس","الجمعة","السبت","الأحد") -> السبت | D34: 0.40486111 | E34: 0.89583333 | F34: 650000 | G34: =F34/235 -> 2765.9574 | H34: =IF(ISNUMBER(SEARCH("جمعة",C34)), 0, IF(OR(D34="", E34=""), 0, MIN(12,MAX(0,(MIN(E34,TIME(18,0,0))-MAX(D34,TIME(6,0,0)))*24)))) -> 8.2833333 | I34: =IF(ISNUMBER(SEARCH("جمعة",C34)), 0, MAX(0,(MOD(E34-D34,1)*24)-H34)) -> 3.5 | J34: =IF(C34="الجمعة",MOD(E34-D34,1)*24,0) -> 0 | K34: =sum(H34*G34)+(I34*1.5*G34)+(J34*2*G34) -> 37432.624 | N34: =IF(C34="الجمعة",0,IF(D34>TIME(9,0,0),(D34-TIME(9,0,0))*24*60*(G34/60),0)) -> 1982.2695 | O34: =K34+L34-M34-N34 -> 35450.355
A35: 45907 | B35: عبدالرضا عقيل | C35: =CHOOSE(WEEKDAY(A35,2),"الاثنين","الثلاثاء","الأربعاء","الخميس","الجمعة","السبت","الأحد") -> الأحد | D35: 0.40347222 | E35: 0.91666667 | F35: 650000 | G35: =F35/235 -> 2765.9574 | H35: =IF(ISNUMBER(SEARCH("جمعة",C35)), 0, IF(OR(D35="", E35=""), 0, MIN(12,MAX(0,(MIN(E35,TIME(18,0,0))-MAX(D35,TIME(6,0,0)))*24)))) -> 8.3166667 | I35: =IF(ISNUMBER(SEARCH("جمعة",C35)), 0, MAX(0,(MOD(E35-D35,1)*24)-H35)) -> 4 | J35: =IF(C35="الجمعة",MOD(E35-D35,1)*24,0) -> 0 | K35: =sum(H35*G35)+(I35*1.5*G35)+(J35*2*G35) -> 39599.291 | N35: =IF(C35="الجمعة",0,IF(D35>TIME(9,0,0),(D35-TIME(9,0,0))*24*60*(G35/60),0)) -> 1890.0709 | O35: =K35+L35-M35-N35 -> 37709.22
A36: 45908 | B36: عبدالرضا عقيل | C36: =CHOOSE(WEEKDAY(A36,2),"الاثنين","الثلاثاء","الأربعاء","الخميس","الجمعة","السبت","الأحد") -> الاثنين | D36: 0.39097222 | E36: 0.99930556 | F36: 650000 | G36: =F36/235 -> 2765.9574 | H36: =IF(ISNUMBER(SEARCH("جمعة",C36)), 0, IF(OR(D36="", E36=""), 0, MIN(12,MAX(0,(MIN(E36,TIME(18,0,0))-MAX(D36,TIME(6,0,0)))*24)))) -> 8.6166667 | I36: =IF(ISNUMBER(SEARCH("جمعة",C36)), 0, MAX(0,(MOD(E36-D36,1)*24)-H36)) -> 5.9833333 | J36: =IF(C36="الجمعة",MOD(E36-D36,1)*24,0) -> 0 | K36: =sum(H36*G36)+(I36*1.5*G36)+(J36*2*G36) -> 48657.801 | N36: =IF(C36="الجمعة",0,IF(D36>TIME(9,0,0),(D36-TIME(9,0,0))*24*60*(G36/60),0)) -> 1060.2837 | O36: =K36+L36-M36-N36 -> 47597.518
A37: 45909 | B37: عبدالرضا عقيل | C37: =CHOOSE(WEEKDAY(A37,2),"الاثنين","الثلاثاء","الأربعاء","الخميس","الجمعة","السبت","الأحد") -> الثلاثاء | D37: 0.375 | E37: 0.77430556 | F37: 650000 | G37: =F37/235 -> 2765.9574 | H37: =IF(ISNUMBER(SEARCH("جمعة",C37)), 0, IF(OR(D37="", E37=""), 0, MIN(12,MAX(0,(MIN(E37,TIME(18,0,0))-MAX(D37,TIME(6,0,0)))*24)))) -> 9 | I37: =IF(ISNUMBER(SEARCH("جمعة",C37)), 0, MAX(0,(MOD(E37-D37,1)*24)-H37)) -> 0.58333333 | J37: =IF(C37="الجمعة",MOD(E37-D37,1)*24,0) -> 0 | K37: =sum(H37*G37)+(I37*1.5*G37)+(J37*2*G37) -> 27313.83 | N37: =IF(C37="الجمعة",0,IF(D37>TIME(9,0,0),(D37-TIME(9,0,0))*24*60*(G37/60),0)) -> 0 | O37: =K37+L37-M37-N37 -> 27313.83
A38: 45910 | B38: عبدالرضا عقيل | C38: =CHOOSE(WEEKDAY(A38,2),"الاثنين","الثلاثاء","الأربعاء","الخميس","الجمعة","السبت","الأحد") -> الأربعاء | D38: 0.375 | E38: 0.99930556 | F38: 650000 | G38: =F38/235 -> 2765.9574 | H38: =IF(ISNUMBER(SEARCH("جمعة",C38)), 0, IF(OR(D38="", E38=""), 0, MIN(12,MAX(0,(MIN(E38,TIME(18,0,0))-MAX(D38,TIME(6,0,0)))*24)))) -> 9 | I38: =IF(ISNUMBER(SEARCH("جمعة",C38)), 0, MAX(0,(MOD(E38-D38,1)*24)-H38)) -> 5.9833333 | J38: =IF(C38="الجمعة",MOD(E38-D38,1)*24,0) -> 0 | K38: =sum(H38*G38)+(I38*1.5*G38)+(J38*2*G38) -> 49718.085 | N38: =IF(C38="الجمعة",0,IF(D38>TIME(9,0,0),(D38-TIME(9,0,0))*24*60*(G38/60),0)) -> 0 | O38: =K38+L38-M38-N38 -> 49718.085
A39: 45911 | B39: عبدالرضا عقيل | C39: =CHOOSE(WEEKDAY(A39,2),"الاثنين","الثلاثاء","الأربعاء","الخميس","الجمعة","السبت","الأحد") -> الخميس | D39: 0.41875 | E39: 0.99930556 | F39: 650000 | G39: =F39/235 -> 2765.9574 | H39: =IF(ISNUMBER(SEARCH("جمعة",C39)), 0, IF(OR(D39="", E39=""), 0, MIN(12,MAX(0,(MIN(E39,TIME(18,0,0))-MAX(D39,TIME(6,0,0)))*24)))) -> 7.95 | I39: =IF(ISNUMBER(SEARCH("جمعة",C39)), 0, MAX(0,(MOD(E39-D39,1)*24)-H39)) -> 5.9833333 | J39: =IF(C39="الجمعة",MOD(E39-D39,1)*24,0) -> 0 | K39: =sum(H39*G39)+(I39*1.5*G39)+(J39*2*G39) -> 46813.83 | M39: 50000 | N39: =IF(C39="الجمعة",0,IF(D39>TIME(9,0,0),(D39-TIME(9,0,0))*24*60*(G39/60),0)) -> 2904.2553 | O39: =K39+L39-M39-N39 -> -6090.4255
A40: 45912 | B40: عبدالرضا عقيل | C40: =CHOOSE(WEEKDAY(A40,2),"الاثنين","الثلاثاء","الأربعاء","الخميس","الجمعة","السبت","الأحد") -> الجمعة | D40: 0.375 | E40: 0.99930556 | F40: 650000 | G40: =F40/235 -> 2765.9574 | H40: =IF(ISNUMBER(SEARCH("جمعة",C40)), 0, IF(OR(D40="", E40=""), 0, MIN(12,MAX(0,(MIN(E40,TIME(18,0,0))-MAX(D40,TIME(6,0,0)))*24)))) -> 0 | I40: =IF(ISNUMBER(SEARCH("جمعة",C40)), 0, MAX(0,(MOD(E40-D40,1)*24)-H40)) -> 0 | J40: =IF(C40="الجمعة",MOD(E40-D40,1)*24,0) -> 14.983333 | K40: =sum(H40*G40)+(I40*1.5*G40)+(J40*2*G40) -> 82886.525 | N40: =IF(C40="الجمعة",0,IF(D40>TIME(9,0,0),(D40-TIME(9,0,0))*24*60*(G40/60),0)) -> 0 | O40: =K40+L40-M40-N40 -> 82886.525
A41: 45914 | B41: عبدالرضا عقيل | C41: =CHOOSE(WEEKDAY(A41,2),"الاثنين","الثلاثاء","الأربعاء","الخميس","الجمعة","السبت","الأحد") -> الأحد | D41: 0.34305556 | E41: 0.75 | F41: 650000 | G41: =F41/235 -> 2765.9574 | H41: =IF(ISNUMBER(SEARCH("جمعة",C41)), 0, IF(OR(D41="", E41=""), 0, MIN(12,MAX(0,(MIN(E41,TIME(18,0,0))-MAX(D41,TIME(6,0,0)))*24)))) -> 9.7666667 | I41: =IF(ISNUMBER(SEARCH("جمعة",C41)), 0, MAX(0,(MOD(E41-D41,1)*24)-H41)) -> 0 | J41: =IF(C41="الجمعة",MOD(E41-D41,1)*24,0) -> 0 | K41: =sum(H41*G41)+(I41*1.5*G41)+(J41*2*G41) -> 27014.184 | M41: 75000 | N41: =IF(C41="الجمعة",0,IF(D41>TIME(9,0,0),(D41-TIME(9,0,0))*24*60*(G41/60),0)) -> 0 | O41: =K41+L41-M41-N41 -> -47985.816
A42: 45915 | B42: عبدالرضا عقيل | C42: =CHOOSE(WEEKDAY(A42,2),"الاثنين","الثلاثاء","الأربعاء","الخميس","الجمعة","السبت","الأحد") -> الاثنين | D42: 0.39375 | E42: 0.75 | F42: 650000 | G42: =F42/235 -> 2765.9574 | H42: =IF(ISNUMBER(SEARCH("جمعة",C42)), 0, IF(OR(D42="", E42=""), 0, MIN(12,MAX(0,(MIN(E42,TIME(18,0,0))-MAX(D42,TIME(6,0,0)))*24)))) -> 8.55 | I42: =IF(ISNUMBER(SEARCH("جمعة",C42)), 0, MAX(0,(MOD(E42-D42,1)*24)-H42)) -> 0 | J42: =IF(C42="الجمعة",MOD(E42-D42,1)*24,0) -> 0 | K42: =sum(H42*G42)+(I42*1.5*G42)+(J42*2*G42) -> 23648.936 | N42: =IF(C42="الجمعة",0,IF(D42>TIME(9,0,0),(D42-TIME(9,0,0))*24*60*(G42/60),0)) -> 1244.6809 | O42: =K42+L42-M42-N42 -> 22404.255
A43: 45916 | B43: عبدالرضا عقيل | C43: =CHOOSE(WEEKDAY(A43,2),"الاثنين","الثلاثاء","الأربعاء","الخميس","الجمعة","السبت","الأحد") -> الثلاثاء | D43: 0.34791667 | E43: 0.77291667 | F43: 650000 | G43: =F43/235 -> 2765.9574 | H43: =IF(ISNUMBER(SEARCH("جمعة",C43)), 0, IF(OR(D43="", E43=""), 0, MIN(12,MAX(0,(MIN(E43,TIME(18,0,0))-MAX(D43,TIME(6,0,0)))*24)))) -> 9.65 | I43: =IF(ISNUMBER(SEARCH("جمعة",C43)), 0, MAX(0,(MOD(E43-D43,1)*24)-H43)) -> 0.55 | J43: =IF(C43="الجمعة",MOD(E43-D43,1)*24,0) -> 0 | K43: =sum(H43*G43)+(I43*1.5*G43)+(J43*2*G43) -> 28973.404 | N43: =IF(C43="الجمعة",0,IF(D43>TIME(9,0,0),(D43-TIME(9,0,0))*24*60*(G43/60),0)) -> 0 | O43: =K43+L43-M43-N43 -> 28973.404
A44: 45917 | B44: عبدالرضا عقيل | C44: =CHOOSE(WEEKDAY(A44,2),"الاثنين","الثلاثاء","الأربعاء","الخميس","الجمعة","السبت","الأحد") -> الأربعاء | D44: 0.375 | E44: 0.89375 | F44: 650000 | G44: =F44/235 -> 2765.9574 | H44: =IF(ISNUMBER(SEARCH("جمعة",C44)), 0, IF(OR(D44="", E44=""), 0, MIN(12,MAX(0,(MIN(E44,TIME(18,0,0))-MAX(D44,TIME(6,0,0)))*24)))) -> 9 | I44: =IF(ISNUMBER(SEARCH("جمعة",C44)), 0, MAX(0,(MOD(E44-D44,1)*24)-H44)) -> 3.45 | J44: =IF(C44="الجمعة",MOD(E44-D44,1)*24,0) -> 0 | K44: =sum(H44*G44)+(I44*1.5*G44)+(J44*2*G44) -> 39207.447 | N44: =IF(C44="الجمعة",0,IF(D44>TIME(9,0,0),(D44-TIME(9,0,0))*24*60*(G44/60),0)) -> 0 | O44: =K44+L44-M44-N44 -> 39207.447
A45: 45918 | B45: عبدالرضا عقيل | C45: =CHOOSE(WEEKDAY(A45,2),"الاثنين","الثلاثاء","الأربعاء","الخميس","الجمعة","السبت","الأحد") -> الخميس | D45: 0.39513889 | E45: 0.99930556 | F45: 650000 | G45: =F45/235 -> 2765.9574 | H45: =IF(ISNUMBER(SEARCH("جمعة",C45)), 0, IF(OR(D45="", E45=""), 0, MIN(12,MAX(0,(MIN(E45,TIME(18,0,0))-MAX(D45,TIME(6,0,0)))*24)))) -> 8.5166667 | I45: =IF(ISNUMBER(SEARCH("جمعة",C45)), 0, MAX(0,(MOD(E45-D45,1)*24)-H45)) -> 5.9833333 | J45: =IF(C45="الجمعة",MOD(E45-D45,1)*24,0) -> 0 | K45: =sum(H45*G45)+(I45*1.5*G45)+(J45*2*G45) -> 48381.206 | M45: 5000 | N45: =IF(C45="الجمعة",0,IF(D45>TIME(9,0,0),(D45-TIME(9,0,0))*24*60*(G45/60),0)) -> 1336.8794 | O45: =K45+L45-M45-N45 -> 42044.326
A46: 45919 | B46: عبدالرضا عقيل | C46: =CHOOSE(WEEKDAY(A46,2),"الاثنين","الثلاثاء","الأربعاء","الخميس","الجمعة","السبت","الأحد") -> الجمعة | D46: 0 | E46: 0.125 | F46: 650000 | G46: =F46/235 -> 2765.9574 | H46: =IF(ISNUMBER(SEARCH("جمعة",C46)), 0, IF(OR(D46="", E46=""), 0, MIN(12,MAX(0,(MIN(E46,TIME(18,0,0))-MAX(D46,TIME(6,0,0)))*24)))) -> 0 | I46: =IF(ISNUMBER(SEARCH("جمعة",C46)), 0, MAX(0,(MOD(E46-D46,1)*24)-H46)) -> 0 | J46: =IF(C46="الجمعة",MOD(E46-D46,1)*24,0) -> 3 | K46: =sum(H46*G46)+(I46*1.5*G46)+(J46*2*G46) -> 16595.745 | N46: =IF(C46="الجمعة",0,IF(D46>TIME(9,0,0),(D46-TIME(9,0,0))*24*60*(G46/60),0)) -> 0 | O46: =K46+L46-M46-N46 -> 16595.745
A47: 45920 | B47: عبدالرضا عقيل | C47: =CHOOSE(WEEKDAY(A47,2),"الاثنين","الثلاثاء","الأربعاء","الخميس","الجمعة","السبت","الأحد") -> السبت | D47: 0.39236111 | E47: 0.68402778 | F47: 650000 | G47: =F47/235 -> 2765.9574 | H47: =IF(ISNUMBER(SEARCH("جمعة",C47)), 0, IF(OR(D47="", E47=""), 0, MIN(12,MAX(0,(MIN(E47,TIME(18,0,0))-MAX(D47,TIME(6,0,0)))*24)))) -> 7 | I47: =IF(ISNUMBER(SEARCH("جمعة",C47)), 0, MAX(0,(MOD(E47-D47,1)*24)-H47)) -> 0 | J47: =IF(C47="الجمعة",MOD(E47-D47,1)*24,0) -> 0 | K47: =sum(H47*G47)+(I47*1.5*G47)+(J47*2*G47) -> 19361.702 | N47: =IF(C47="الجمعة",0,IF(D47>TIME(9,0,0),(D47-TIME(9,0,0))*24*60*(G47/60),0)) -> 1152.4823 | O47: =K47+L47-M47-N47 -> 18209.22
A48: 45923 | B48: عبدالرضا عقيل | C48: =CHOOSE(WEEKDAY(A48,2),"الاثنين","الثلاثاء","الأربعاء","الخميس","الجمعة","السبت","الأحد") -> الثلاثاء | D48: 0.39166667 | E48: 0.66944444 | F48: 650000 | G48: =F48/235 -> 2765.9574 | H48: =IF(ISNUMBER(SEARCH("جمعة",C48)), 0, IF(OR(D48="", E48=""), 0, MIN(12,MAX(0,(MIN(E48,TIME(18,0,0))-MAX(D48,TIME(6,0,0)))*24)))) -> 6.6666667 | I48: =IF(ISNUMBER(SEARCH("جمعة",C48)), 0, MAX(0,(MOD(E48-D48,1)*24)-H48)) -> 0 | J48: =IF(C48="الجمعة",MOD(E48-D48,1)*24,0) -> 0 | K48: =sum(H48*G48)+(I48*1.5*G48)+(J48*2*G48) -> 18439.716 | M48: 100000 | N48: =IF(C48="الجمعة",0,IF(D48>TIME(9,0,0),(D48-TIME(9,0,0))*24*60*(G48/60),0)) -> 1106.383 | O48: =K48+L48-M48-N48 -> -82666.667
A49: 45924 | B49: عبدالرضا عقيل | C49: =CHOOSE(WEEKDAY(A49,2),"الاثنين","الثلاثاء","الأربعاء","الخميس","الجمعة","السبت","الأحد") -> الأربعاء | D49: 0.42638889 | E49: 0.69513889 | F49: 650000 | G49: =F49/235 -> 2765.9574 | H49: =IF(ISNUMBER(SEARCH("جمعة",C49)), 0, IF(OR(D49="", E49=""), 0, MIN(12,MAX(0,(MIN(E49,TIME(18,0,0))-MAX(D49,TIME(6,0,0)))*24)))) -> 6.45 | I49: =IF(ISNUMBER(SEARCH("جمعة",C49)), 0, MAX(0,(MOD(E49-D49,1)*24)-H49)) -> 0 | J49: =IF(C49="الجمعة",MOD(E49-D49,1)*24,0) -> 0 | K49: =sum(H49*G49)+(I49*1.5*G49)+(J49*2*G49) -> 17840.426 | N49: =IF(C49="الجمعة",0,IF(D49>TIME(9,0,0),(D49-TIME(9,0,0))*24*60*(G49/60),0)) -> 3411.3475 | O49: =K49+L49-M49-N49 -> 14429.078
A50: 45927 | B50: عبدالرضا عقيل | C50: =CHOOSE(WEEKDAY(A50,2),"الاثنين","الثلاثاء","الأربعاء","الخميس","الجمعة","السبت","الأحد") -> السبت | D50: 0.40486111 | E50: 0.75694444 | F50: 650000 | G50: =F50/235 -> 2765.9574 | H50: =IF(ISNUMBER(SEARCH("جمعة",C50)), 0, IF(OR(D50="", E50=""), 0, MIN(12,MAX(0,(MIN(E50,TIME(18,0,0))-MAX(D50,TIME(6,0,0)))*24)))) -> 8.2833333 | I50: =IF(ISNUMBER(SEARCH("جمعة",C50)), 0, MAX(0,(MOD(E50-D50,1)*24)-H50)) -> 0.16666667 | J50: =IF(C50="الجمعة",MOD(E50-D50,1)*24,0) -> 0 | K50: =sum(H50*G50)+(I50*1.5*G50)+(J50*2*G50) -> 23602.837 | N50: =IF(C50="الجمعة",0,IF(D50>TIME(9,0,0),(D50-TIME(9,0,0))*24*60*(G50/60),0)) -> 1982.2695 | O50: =K50+L50-M50-N50 -> 21620.567
A51: 45928 | B51: عبدالرضا عقيل | C51: =CHOOSE(WEEKDAY(A51,2),"الاثنين","الثلاثاء","الأربعاء","الخميس","الجمعة","السبت","الأحد") -> الأحد | D51: 0.42638889 | E51: 0.75277778 | F51: 650000 | G51: =F51/235 -> 2765.9574 | H51: =IF(ISNUMBER(SEARCH("جمعة",C51)), 0, IF(OR(D51="", E51=""), 0, MIN(12,MAX(0,(MIN(E51,TIME(18,0,0))-MAX(D51,TIME(6,0,0)))*24)))) -> 7.7666667 | I51: =IF(ISNUMBER(SEARCH("جمعة",C51)), 0, MAX(0,(MOD(E51-D51,1)*24)-H51)) -> 0.066666667 | J51: =IF(C51="الجمعة",MOD(E51-D51,1)*24,0) -> 0 | K51: =sum(H51*G51)+(I51*1.5*G51)+(J51*2*G51) -> 21758.865 | N51: =IF(C51="الجمعة",0,IF(D51>TIME(9,0,0),(D51-TIME(9,0,0))*24*60*(G51/60),0)) -> 3411.3475 | O51: =K51+L51-M51-N51 -> 18347.518
A52: 45929 | B52: عبدالرضا عقيل | C52: =CHOOSE(WEEKDAY(A52,2),"الاثنين","الثلاثاء","الأربعاء","الخميس","الجمعة","السبت","الأحد") -> الاثنين | D52: 0.42291667 | E52: 0.82361111 | F52: 650000 | G52: =F52/235 -> 2765.9574 | H52: =IF(ISNUMBER(SEARCH("جمعة",C52)), 0, IF(OR(D52="", E52=""), 0, MIN(12,MAX(0,(MIN(E52,TIME(18,0,0))-MAX(D52,TIME(6,0,0)))*24)))) -> 7.85 | I52: =IF(ISNUMBER(SEARCH("جمعة",C52)), 0, MAX(0,(MOD(E52-D52,1)*24)-H52)) -> 1.7666667 | J52: =IF(C52="الجمعة",MOD(E52-D52,1)*24,0) -> 0 | K52: =sum(H52*G52)+(I52*1.5*G52)+(J52*2*G52) -> 29042.553 | N52: =IF(C52="الجمعة",0,IF(D52>TIME(9,0,0),(D52-TIME(9,0,0))*24*60*(G52/60),0)) -> 3180.8511 | O52: =K52+L52-M52-N52 -> 25861.702
A53: 45930 | B53: عبدالرضا عقيل | C53: =CHOOSE(WEEKDAY(A53,2),"الاثنين","الثلاثاء","الأربعاء","الخميس","الجمعة","السبت","الأحد") -> الثلاثاء | D53: 0.39930556 | E53: 0.78541667 | F53: 650000 | G53: =F53/235 -> 2765.9574 | H53: =IF(ISNUMBER(SEARCH("جمعة",C53)), 0, IF(OR(D53="", E53=""), 0, MIN(12,MAX(0,(MIN(E53,TIME(18,0,0))-MAX(D53,TIME(6,0,0)))*24)))) -> 8.4166667 | I53: =IF(ISNUMBER(SEARCH("جمعة",C53)), 0, MAX(0,(MOD(E53-D53,1)*24)-H53)) -> 0.85 | J53: =IF(C53="الجمعة",MOD(E53-D53,1)*24,0) -> 0 | K53: =sum(H53*G53)+(I53*1.5*G53)+(J53*2*G53) -> 26806.738 | N53: =IF(C53="الجمعة",0,IF(D53>TIME(9,0,0),(D53-TIME(9,0,0))*24*60*(G53/60),0)) -> 1613.4752 | O53: =K53+L53-M53-N53 -> 25193.262
A54: 45901 | B54: حيدر يافوز | C54: =CHOOSE(WEEKDAY(A54,2),"الاثنين","الثلاثاء","الأربعاء","الخميس","الجمعة","السبت","الأحد") -> الاثنين | D54: 0.43680556 | E54: 0.75 | F54: 400000 | G54: =F54/235 -> 1702.1277 | H54: =IF(ISNUMBER(SEARCH("جمعة",C54)), 0, IF(OR(D54="", E54=""), 0, MIN(12,MAX(0,(MIN(E54,TIME(18,0,0))-MAX(D54,TIME(6,0,0)))*24)))) -> 7.5166667 | I54: =IF(ISNUMBER(SEARCH("جمعة",C54)), 0, MAX(0,(MOD(E54-D54,1)*24)-H54)) -> 0 | J54: =IF(C54="الجمعة",MOD(E54-D54,1)*24,0) -> 0 | K54: =sum(H54*G54)+(I54*1.5*G54)+(J54*2*G54) -> 12794.326 | N54: =IF(C54="الجمعة",0,IF(D54>TIME(9,0,0),(D54-TIME(9,0,0))*24*60*(G54/60),0)) -> 2524.8227 | O54: =K54+L54-M54-N54 -> 10269.504
A55: 45902 | B55: حيدر يافوز | C55: =CHOOSE(WEEKDAY(A55,2),"الاثنين","الثلاثاء","الأربعاء","الخميس","الجمعة","السبت","الأحد") -> الثلاثاء | D55: 0.35208333 | E55: 0.75 | F55: 400000 | G55: =F55/235 -> 1702.1277 | H55: =IF(ISNUMBER(SEARCH("جمعة",C55)), 0, IF(OR(D55="", E55=""), 0, MIN(12,MAX(0,(MIN(E55,TIME(18,0,0))-MAX(D55,TIME(6,0,0)))*24)))) -> 9.55 | I55: =IF(ISNUMBER(SEARCH("جمعة",C55)), 0, MAX(0,(MOD(E55-D55,1)*24)-H55)) -> 0 | J55: =IF(C55="الجمعة",MOD(E55-D55,1)*24,0) -> 0 | K55: =sum(H55*G55)+(I55*1.5*G55)+(J55*2*G55) -> 16255.319 | N55: 10000 | O55: =K55+L55-M55-N55 -> 6255.3191 | P55: اشرطة اكرلك تلف
A56: 45903 | B56: حيدر يافوز | C56: =CHOOSE(WEEKDAY(A56,2),"الاثنين","الثلاثاء","الأربعاء","الخميس","الجمعة","السبت","الأحد") -> الأربعاء | D56: 0.27916667 | E56: 0.75 | F56: 400000 | G56: =F56/235 -> 1702.1277 | H56: =IF(ISNUMBER(SEARCH("جمعة",C56)), 0, IF(OR(D56="", E56=""), 0, MIN(12,MAX(0,(MIN(E56,TIME(18,0,0))-MAX(D56,TIME(6,0,0)))*24)))) -> 11.3 | I56: =IF(ISNUMBER(SEARCH("جمعة",C56)), 0, MAX(0,(MOD(E56-D56,1)*24)-H56)) -> 0 | J56: =IF(C56="الجمعة",MOD(E56-D56,1)*24,0) -> 0 | K56: =sum(H56*G56)+(I56*1.5*G56)+(J56*2*G56) -> 19234.043 | L56: 35000 | N56: 11000 | O56: =K56+L56-M56-N56 -> 43234.043 | P56: ربع شفاف
A57: 45904 | B57: حيدر يافوز | C57: =CHOOSE(WEEKDAY(A57,2),"الاثنين","الثلاثاء","الأربعاء","الخميس","الجمعة","السبت","الأحد") -> الخميس | D57: 0.375 | E57: 0.46805556 | F57: 400000 | G57: =F57/235 -> 1702.1277 | H57: =IF(ISNUMBER(SEARCH("جمعة",C57)), 0, IF(OR(D57="", E57=""), 0, MIN(12,MAX(0,(MIN(E57,TIME(18,0,0))-MAX(D57,TIME(6,0,0)))*24)))) -> 2.2333333 | I57: =IF(ISNUMBER(SEARCH("جمعة",C57)), 0, MAX(0,(MOD(E57-D57,1)*24)-H57)) -> 0 | J57: =IF(C57="الجمعة",MOD(E57-D57,1)*24,0) -> 0 | K57: =sum(H57*G57)+(I57*1.5*G57)+(J57*2*G57) -> 3801.4184 | M57: 50000 | N57: =IF(C57="الجمعة",0,IF(D57>TIME(9,0,0),(D57-TIME(9,0,0))*24*60*(G57/60),0)) -> 0 | O57: =K57+L57-M57-N57 -> -46198.582
A58: 45905 | B58: حيدر يافوز | C58: =CHOOSE(WEEKDAY(A58,2),"الاثنين","الثلاثاء","الأربعاء","الخميس","الجمعة","السبت","الأحد") -> الجمعة | D58: 0.75 | E58: 0.99930556 | F58: 400000 | G58: =F58/235 -> 1702.1277 | H58: =IF(ISNUMBER(SEARCH("جمعة",C58)), 0, IF(OR(D58="", E58=""), 0, MIN(12,MAX(0,(MIN(E58,TIME(18,0,0))-MAX(D58,TIME(6,0,0)))*24)))) -> 0 | I58: =IF(ISNUMBER(SEARCH("جمعة",C58)), 0, MAX(0,(MOD(E58-D58,1)*24)-H58)) -> 0 | J58: =IF(C58="الجمعة",MOD(E58-D58,1)*24,0) -> 5.9833333 | K58: =sum(H58*G58)+(I58*1.5*G58)+(J58*2*G58) -> 20368.794 | M58: 50000 | N58: =IF(C58="الجمعة",0,IF(D58>TIME(9,0,0),(D58-TIME(9,0,0))*24*60*(G58/60),0)) -> 0 | O58: =K58+L58-M58-N58 -> -29631.206 | P58: طلب على حيدر من سيف 5030.00 بافي 453000
A59: 45906 | B59: حيدر يافوز | C59: =CHOOSE(WEEKDAY(A59,2),"الاثنين","الثلاثاء","الأربعاء","الخميس","الجمعة","السبت","الأحد") -> السبت | D59: 0.40416667 | E59: 0.78333333 | F59: 400000 | G59: =F59/235 -> 1702.1277 | H59: =IF(ISNUMBER(SEARCH("جمعة",C59)), 0, IF(OR(D59="", E59=""), 0, MIN(12,MAX(0,(MIN(E59,TIME(18,0,0))-MAX(D59,TIME(6,0,0)))*24)))) -> 8.3 | I59: =IF(ISNUMBER(SEARCH("جمعة",C59)), 0, MAX(0,(MOD(E59-D59,1)*24)-H59)) -> 0.8 | J59: =IF(C59="الجمعة",MOD(E59-D59,1)*24,0) -> 0 | K59: =sum(H59*G59)+(I59*1.5*G59)+(J59*2*G59) -> 16170.213 | N59: =IF(C59="الجمعة",0,IF(D59>TIME(9,0,0),(D59-TIME(9,0,0))*24*60*(G59/60),0)) -> 1191.4894 | O59: =K59+L59-M59-N59 -> 14978.723
A60: 45907 | B60: حيدر يافوز | C60: =CHOOSE(WEEKDAY(A60,2),"الاثنين","الثلاثاء","الأربعاء","الخميس","الجمعة","السبت","الأحد") -> الأحد | D60: 0.38680556 | E60: 0.99930556 | F60: 400000 | G60: =F60/235 -> 1702.1277 | H60: =IF(ISNUMBER(SEARCH("جمعة",C60)), 0, IF(OR(D60="", E60=""), 0, MIN(12,MAX(0,(MIN(E60,TIME(18,0,0))-MAX(D60,TIME(6,0,0)))*24)))) -> 8.7166667 | I60: =IF(ISNUMBER(SEARCH("جمعة",C60)), 0, MAX(0,(MOD(E60-D60,1)*24)-H60)) -> 5.9833333 | J60: =IF(C60="الجمعة",MOD(E60-D60,1)*24,0) -> 0 | K60: =sum(H60*G60)+(I60*1.5*G60)+(J60*2*G60) -> 30113.475 | N60: =IF(C60="الجمعة",0,IF(D60>TIME(9,0,0),(D60-TIME(9,0,0))*24*60*(G60/60),0)) -> 482.2695 | O60: =K60+L60-M60-N60 -> 29631.206
A61: 45908 | B61: حيدر يافوز | C61: =CHOOSE(WEEKDAY(A61,2),"الاثنين","الثلاثاء","الأربعاء","الخميس","الجمعة","السبت","الأحد") -> الاثنين | D61: 0 | E61: 0.77638889 | F61: 400000 | G61: =F61/235 -> 1702.1277 | H61: =IF(ISNUMBER(SEARCH("جمعة",C61)), 0, IF(OR(D61="", E61=""), 0, MIN(12,MAX(0,(MIN(E61,TIME(18,0,0))-MAX(D61,TIME(6,0,0)))*24)))) -> 12 | I61: =IF(ISNUMBER(SEARCH("جمعة",C61)), 0, MAX(0,(MOD(E61-D61,1)*24)-H61)) -> 6.6333333 | J61: =IF(C61="الجمعة",MOD(E61-D61,1)*24,0) -> 0 | K61: =sum(H61*G61)+(I61*1.5*G61)+(J61*2*G61) -> 37361.702 | N61: =IF(C61="الجمعة",0,IF(D61>TIME(9,0,0),(D61-TIME(9,0,0))*24*60*(G61/60),0)) -> 0 | O61: =K61+L61-M61-N61 -> 37361.702
A62: 45909 | B62: حيدر يافوز | C62: =CHOOSE(WEEKDAY(A62,2),"الاثنين","الثلاثاء","الأربعاء","الخميس","الجمعة","السبت","الأحد") -> الثلاثاء | D62: 0.40902778 | E62: 0.75 | F62: 400000 | G62: =F62/235 -> 1702.1277 | H62: =IF(ISNUMBER(SEARCH("جمعة",C62)), 0, IF(OR(D62="", E62=""), 0, MIN(12,MAX(0,(MIN(E62,TIME(18,0,0))-MAX(D62,TIME(6,0,0)))*24)))) -> 8.1833333 | I62: =IF(ISNUMBER(SEARCH("جمعة",C62)), 0, MAX(0,(MOD(E62-D62,1)*24)-H62)) -> 0 | J62: =IF(C62="الجمعة",MOD(E62-D62,1)*24,0) -> 0 | K62: =sum(H62*G62)+(I62*1.5*G62)+(J62*2*G62) -> 13929.078 | N62: =IF(C62="الجمعة",0,IF(D62>TIME(9,0,0),(D62-TIME(9,0,0))*24*60*(G62/60),0)) -> 1390.0709 | O62: =K62+L62-M62-N62 -> 12539.007
A63: 45910 | B63: حيدر يافوز | C63: =CHOOSE(WEEKDAY(A63,2),"الاثنين","الثلاثاء","الأربعاء","الخميس","الجمعة","السبت","الأحد") -> الأربعاء | D63: 0.41666667 | E63: 0.95833333 | F63: 400000 | G63: =F63/235 -> 1702.1277 | H63: =IF(ISNUMBER(SEARCH("جمعة",C63)), 0, IF(OR(D63="", E63=""), 0, MIN(12,MAX(0,(MIN(E63,TIME(18,0,0))-MAX(D63,TIME(6,0,0)))*24)))) -> 8 | I63: =IF(ISNUMBER(SEARCH("جمعة",C63)), 0, MAX(0,(MOD(E63-D63,1)*24)-H63)) -> 5 | J63: =IF(C63="الجمعة",MOD(E63-D63,1)*24,0) -> 0 | K63: =sum(H63*G63)+(I63*1.5*G63)+(J63*2*G63) -> 26382.979 | N63: =IF(C63="الجمعة",0,IF(D63>TIME(9,0,0),(D63-TIME(9,0,0))*24*60*(G63/60),0)) -> 1702.1277 | O63: =K63+L63-M63-N63 -> 24680.851
A64: 45911 | B64: حيدر يافوز | C64: =CHOOSE(WEEKDAY(A64,2),"الاثنين","الثلاثاء","الأربعاء","الخميس","الجمعة","السبت","الأحد") -> الخميس | D64: 0.47222222 | E64: 0.99930556 | F64: 400000 | G64: =F64/235 -> 1702.1277 | H64: =IF(ISNUMBER(SEARCH("جمعة",C64)), 0, IF(OR(D64="", E64=""), 0, MIN(12,MAX(0,(MIN(E64,TIME(18,0,0))-MAX(D64,TIME(6,0,0)))*24)))) -> 6.6666667 | I64: =IF(ISNUMBER(SEARCH("جمعة",C64)), 0, MAX(0,(MOD(E64-D64,1)*24)-H64)) -> 5.9833333 | J64: =IF(C64="الجمعة",MOD(E64-D64,1)*24,0) -> 0 | K64: =sum(H64*G64)+(I64*1.5*G64)+(J64*2*G64) -> 26624.113 | M64: 50000 | N64: =IF(C64="الجمعة",0,IF(D64>TIME(9,0,0),(D64-TIME(9,0,0))*24*60*(G64/60),0)) -> 3971.6312 | O64: =K64+L64-M64-N64 -> -27347.518 | P64: السلفة اجور طعام مصروفة الى علي الكهربائي
A65: 45912 | B65: حيدر يافوز | C65: =CHOOSE(WEEKDAY(A65,2),"الاثنين","الثلاثاء","الأربعاء","الخميس","الجمعة","السبت","الأحد") -> الجمعة | D65: 0 | E65: 0.75 | F65: 400000 | G65: =F65/235 -> 1702.1277 | H65: =IF(ISNUMBER(SEARCH("جمعة",C65)), 0, IF(OR(D65="", E65=""), 0, MIN(12,MAX(0,(MIN(E65,TIME(18,0,0))-MAX(D65,TIME(6,0,0)))*24)))) -> 0 | I65: =IF(ISNUMBER(SEARCH("جمعة",C65)), 0, MAX(0,(MOD(E65-D65,1)*24)-H65)) -> 0 | J65: =IF(C65="الجمعة",MOD(E65-D65,1)*24,0) -> 18 | K65: =sum(H65*G65)+(I65*1.5*G65)+(J65*2*G65) -> 61276.596 | N65: =IF(C65="الجمعة",0,IF(D65>TIME(9,0,0),(D65-TIME(9,0,0))*24*60*(G65/60),0)) -> 0 | O65: =K65+L65-M65-N65 -> 61276.596
A66: 45914 | B66: حيدر يافوز | C66: =CHOOSE(WEEKDAY(A66,2),"الاثنين","الثلاثاء","الأربعاء","الخميس","الجمعة","السبت","الأحد") -> الأحد | D66: 0.375 | E66: 0.76388889 | F66: 400000 | G66: =F66/235 -> 1702.1277 | H66: =IF(ISNUMBER(SEARCH("جمعة",C66)), 0, IF(OR(D66="", E66=""), 0, MIN(12,MAX(0,(MIN(E66,TIME(18,0,0))-MAX(D66,TIME(6,0,0)))*24)))) -> 9 | I66: =IF(ISNUMBER(SEARCH("جمعة",C66)), 0, MAX(0,(MOD(E66-D66,1)*24)-H66)) -> 0.33333333 | J66: =IF(C66="الجمعة",MOD(E66-D66,1)*24,0) -> 0 | K66: =sum(H66*G66)+(I66*1.5*G66)+(J66*2*G66) -> 16170.213 | M66: 130000 | N66: =IF(C66="الجمعة",0,IF(D66>TIME(9,0,0),(D66-TIME(9,0,0))*24*60*(G66/60),0)) -> 0 | O66: =K66+L66-M66-N66 -> -113829.79
A67: 45915 | B67: حيدر يافوز | C67: =CHOOSE(WEEKDAY(A67,2),"الاثنين","الثلاثاء","الأربعاء","الخميس","الجمعة","السبت","الأحد") -> الاثنين | D67: 0.375 | E67: 0.76180556 | F67: 400000 | G67: =F67/235 -> 1702.1277 | H67: =IF(ISNUMBER(SEARCH("جمعة",C67)), 0, IF(OR(D67="", E67=""), 0, MIN(12,MAX(0,(MIN(E67,TIME(18,0,0))-MAX(D67,TIME(6,0,0)))*24)))) -> 9 | I67: =IF(ISNUMBER(SEARCH("جمعة",C67)), 0, MAX(0,(MOD(E67-D67,1)*24)-H67)) -> 0.28333333 | J67: =IF(C67="الجمعة",MOD(E67-D67,1)*24,0) -> 0 | K67: =sum(H67*G67)+(I67*1.5*G67)+(J67*2*G67) -> 16042.553 | N67: =IF(C67="الجمعة",0,IF(D67>TIME(9,0,0),(D67-TIME(9,0,0))*24*60*(G67/60),0)) -> 0 | O67: =K67+L67-M67-N67 -> 16042.553
A68: 45916 | B68: حيدر يافوز | C68: =CHOOSE(WEEKDAY(A68,2),"الاثنين","الثلاثاء","الأربعاء","الخميس","الجمعة","السبت","الأحد") -> الثلاثاء | D68: 0.37777778 | E68: 0.76666667 | F68: 400000 | G68: =F68/235 -> 1702.1277 | H68: =IF(ISNUMBER(SEARCH("جمعة",C68)), 0, IF(OR(D68="", E68=""), 0, MIN(12,MAX(0,(MIN(E68,TIME(18,0,0))-MAX(D68,TIME(6,0,0)))*24)))) -> 8.9333333 | I68: =IF(ISNUMBER(SEARCH("جمعة",C68)), 0, MAX(0,(MOD(E68-D68,1)*24)-H68)) -> 0.4 | J68: =IF(C68="الجمعة",MOD(E68-D68,1)*24,0) -> 0 | K68: =sum(H68*G68)+(I68*1.5*G68)+(J68*2*G68) -> 16226.95 | N68: =IF(C68="الجمعة",0,IF(D68>TIME(9,0,0),(D68-TIME(9,0,0))*24*60*(G68/60),0)) -> 113.47518 | O68: =K68+L68-M68-N68 -> 16113.475
A69: 45917 | B69: حيدر يافوز | C69: =CHOOSE(WEEKDAY(A69,2),"الاثنين","الثلاثاء","الأربعاء","الخميس","الجمعة","السبت","الأحد") -> الأربعاء | D69: 0.375 | E69: 0.75 | F69: 400000 | G69: =F69/235 -> 1702.1277 | H69: =IF(ISNUMBER(SEARCH("جمعة",C69)), 0, IF(OR(D69="", E69=""), 0, MIN(12,MAX(0,(MIN(E69,TIME(18,0,0))-MAX(D69,TIME(6,0,0)))*24)))) -> 9 | I69: =IF(ISNUMBER(SEARCH("جمعة",C69)), 0, MAX(0,(MOD(E69-D69,1)*24)-H69)) -> 0 | J69: =IF(C69="الجمعة",MOD(E69-D69,1)*24,0) -> 0 | K69: =sum(H69*G69)+(I69*1.5*G69)+(J69*2*G69) -> 15319.149 | N69: =IF(C69="الجمعة",0,IF(D69>TIME(9,0,0),(D69-TIME(9,0,0))*24*60*(G69/60),0)) -> 0 | O69: =K69+L69-M69-N69 -> 15319.149
A70: 45918 | B70: حيدر يافوز | C70: =CHOOSE(WEEKDAY(A70,2),"الاثنين","الثلاثاء","الأربعاء","الخميس","الجمعة","السبت","الأحد") -> الخميس | D70: 0.375 | E70: 0.50138889 | F70: 400000 | G70: =F70/235 -> 1702.1277 | H70: =IF(ISNUMBER(SEARCH("جمعة",C70)), 0, IF(OR(D70="", E70=""), 0, MIN(12,MAX(0,(MIN(E70,TIME(18,0,0))-MAX(D70,TIME(6,0,0)))*24)))) -> 3.0333333 | I70: =IF(ISNUMBER(SEARCH("جمعة",C70)), 0, MAX(0,(MOD(E70-D70,1)*24)-H70)) -> 0 | J70: =IF(C70="الجمعة",MOD(E70-D70,1)*24,0) -> 0 | K70: =sum(H70*G70)+(I70*1.5*G70)+(J70*2*G70) -> 5163.1206 | M70: 25000 | N70: =IF(C70="الجمعة",0,IF(D70>TIME(9,0,0),(D70-TIME(9,0,0))*24*60*(G70/60),0)) -> 0 | O70: =K70+L70-M70-N70 -> -19836.879
A71: 45919 | B71: حيدر يافوز | C71: =CHOOSE(WEEKDAY(A71,2),"الاثنين","الثلاثاء","الأربعاء","الخميس","الجمعة","السبت","الأحد") -> الجمعة | D71: 0.57291667 | E71: 0.77638889 | F71: 400000 | G71: =F71/235 -> 1702.1277 | H71: =IF(ISNUMBER(SEARCH("جمعة",C71)), 0, IF(OR(D71="", E71=""), 0, MIN(12,MAX(0,(MIN(E71,TIME(18,0,0))-MAX(D71,TIME(6,0,0)))*24)))) -> 0 | I71: =IF(ISNUMBER(SEARCH("جمعة",C71)), 0, MAX(0,(MOD(E71-D71,1)*24)-H71)) -> 0 | J71: =IF(C71="الجمعة",MOD(E71-D71,1)*24,0) -> 4.8833333 | K71: =sum(H71*G71)+(I71*1.5*G71)+(J71*2*G71) -> 16624.113 | N71: =IF(C71="الجمعة",0,IF(D71>TIME(9,0,0),(D71-TIME(9,0,0))*24*60*(G71/60),0)) -> 0 | O71: =K71+L71-M71-N71 -> 16624.113
A72: 45920 | B72: حيدر يافوز | C72: =CHOOSE(WEEKDAY(A72,2),"الاثنين","الثلاثاء","الأربعاء","الخميس","الجمعة","السبت","الأحد") -> السبت | D72: 0.38680556 | E72: 0.79027778 | F72: 400000 | G72: =F72/235 -> 1702.1277 | H72: =IF(ISNUMBER(SEARCH("جمعة",C72)), 0, IF(OR(D72="", E72=""), 0, MIN(12,MAX(0,(MIN(E72,TIME(18,0,0))-MAX(D72,TIME(6,0,0)))*24)))) -> 8.7166667 | I72: =IF(ISNUMBER(SEARCH("جمعة",C72)), 0, MAX(0,(MOD(E72-D72,1)*24)-H72)) -> 0.96666667 | J72: =IF(C72="الجمعة",MOD(E72-D72,1)*24,0) -> 0 | K72: =sum(H72*G72)+(I72*1.5*G72)+(J72*2*G72) -> 17304.965 | N72: =IF(C72="الجمعة",0,IF(D72>TIME(9,0,0),(D72-TIME(9,0,0))*24*60*(G72/60),0)) -> 482.2695 | O72: =K72+L72-M72-N72 -> 16822.695
A73: 45921 | B73: حيدر يافوز | C73: =CHOOSE(WEEKDAY(A73,2),"الاثنين","الثلاثاء","الأربعاء","الخميس","الجمعة","السبت","الأحد") -> الأحد | D73: 0.35833333 | E73: 0.75 | F73: 400000 | G73: =F73/235 -> 1702.1277 | H73: =IF(ISNUMBER(SEARCH("جمعة",C73)), 0, IF(OR(D73="", E73=""), 0, MIN(12,MAX(0,(MIN(E73,TIME(18,0,0))-MAX(D73,TIME(6,0,0)))*24)))) -> 9.4 | I73: =IF(ISNUMBER(SEARCH("جمعة",C73)), 0, MAX(0,(MOD(E73-D73,1)*24)-H73)) -> 0 | J73: =IF(C73="الجمعة",MOD(E73-D73,1)*24,0) -> 0 | K73: =sum(H73*G73)+(I73*1.5*G73)+(J73*2*G73) -> 16000 | N73: =IF(C73="الجمعة",0,IF(D73>TIME(9,0,0),(D73-TIME(9,0,0))*24*60*(G73/60),0)) -> 0 | O73: =K73+L73-M73-N73 -> 16000
A74: 45922 | B74: حيدر يافوز | C74: =CHOOSE(WEEKDAY(A74,2),"الاثنين","الثلاثاء","الأربعاء","الخميس","الجمعة","السبت","الأحد") -> الاثنين | D74: 0.39166667 | E74: 0.75 | F74: 400000 | G74: =F74/235 -> 1702.1277 | H74: =IF(ISNUMBER(SEARCH("جمعة",C74)), 0, IF(OR(D74="", E74=""), 0, MIN(12,MAX(0,(MIN(E74,TIME(18,0,0))-MAX(D74,TIME(6,0,0)))*24)))) -> 8.6 | I74: =IF(ISNUMBER(SEARCH("جمعة",C74)), 0, MAX(0,(MOD(E74-D74,1)*24)-H74)) -> 0 | J74: =IF(C74="الجمعة",MOD(E74-D74,1)*24,0) -> 0 | K74: =sum(H74*G74)+(I74*1.5*G74)+(J74*2*G74) -> 14638.298 | N74: =IF(C74="الجمعة",0,IF(D74>TIME(9,0,0),(D74-TIME(9,0,0))*24*60*(G74/60),0)) -> 680.85106 | O74: =K74+L74-M74-N74 -> 13957.447
A75: 45923 | B75: حيدر يافوز | C75: =CHOOSE(WEEKDAY(A75,2),"الاثنين","الثلاثاء","الأربعاء","الخميس","الجمعة","السبت","الأحد") -> الثلاثاء | D75: 0.38611111 | E75: 0.75 | F75: 400000 | G75: =F75/235 -> 1702.1277 | H75: =IF(ISNUMBER(SEARCH("جمعة",C75)), 0, IF(OR(D75="", E75=""), 0, MIN(12,MAX(0,(MIN(E75,TIME(18,0,0))-MAX(D75,TIME(6,0,0)))*24)))) -> 8.7333333 | I75: =IF(ISNUMBER(SEARCH("جمعة",C75)), 0, MAX(0,(MOD(E75-D75,1)*24)-H75)) -> 0 | J75: =IF(C75="الجمعة",MOD(E75-D75,1)*24,0) -> 0 | K75: =sum(H75*G75)+(I75*1.5*G75)+(J75*2*G75) -> 14865.248 | N75: =IF(C75="الجمعة",0,IF(D75>TIME(9,0,0),(D75-TIME(9,0,0))*24*60*(G75/60),0)) -> 453.90071 | O75: =K75+L75-M75-N75 -> 14411.348
A76: 45924 | B76: حيدر يافوز | C76: =CHOOSE(WEEKDAY(A76,2),"الاثنين","الثلاثاء","الأربعاء","الخميس","الجمعة","السبت","الأحد") -> الأربعاء | D76: 0.38819444 | E76: 0.75 | F76: 400000 | G76: =F76/235 -> 1702.1277 | H76: =IF(ISNUMBER(SEARCH("جمعة",C76)), 0, IF(OR(D76="", E76=""), 0, MIN(12,MAX(0,(MIN(E76,TIME(18,0,0))-MAX(D76,TIME(6,0,0)))*24)))) -> 8.6833333 | I76: =IF(ISNUMBER(SEARCH("جمعة",C76)), 0, MAX(0,(MOD(E76-D76,1)*24)-H76)) -> 0 | J76: =IF(C76="الجمعة",MOD(E76-D76,1)*24,0) -> 0 | K76: =sum(H76*G76)+(I76*1.5*G76)+(J76*2*G76) -> 14780.142 | N76: =IF(C76="الجمعة",0,IF(D76>TIME(9,0,0),(D76-TIME(9,0,0))*24*60*(G76/60),0)) -> 539.00709 | O76: =K76+L76-M76-N76 -> 14241.135
A77: 45925 | B77: حيدر يافوز | C77: =CHOOSE(WEEKDAY(A77,2),"الاثنين","الثلاثاء","الأربعاء","الخميس","الجمعة","السبت","الأحد") -> الخميس | D77: 0.37777778 | E77: 0.75 | F77: 400000 | G77: =F77/235 -> 1702.1277 | H77: =IF(ISNUMBER(SEARCH("جمعة",C77)), 0, IF(OR(D77="", E77=""), 0, MIN(12,MAX(0,(MIN(E77,TIME(18,0,0))-MAX(D77,TIME(6,0,0)))*24)))) -> 8.9333333 | I77: =IF(ISNUMBER(SEARCH("جمعة",C77)), 0, MAX(0,(MOD(E77-D77,1)*24)-H77)) -> 0 | J77: =IF(C77="الجمعة",MOD(E77-D77,1)*24,0) -> 0 | K77: =sum(H77*G77)+(I77*1.5*G77)+(J77*2*G77) -> 15205.674 | M77: 75000 | N77: =IF(C77="الجمعة",0,IF(D77>TIME(9,0,0),(D77-TIME(9,0,0))*24*60*(G77/60),0)) -> 113.47518 | O77: =K77+L77-M77-N77 -> -59907.801
A78: 45927 | B78: حيدر يافوز | C78: =CHOOSE(WEEKDAY(A78,2),"الاثنين","الثلاثاء","الأربعاء","الخميس","الجمعة","السبت","الأحد") -> السبت | D78: 0.39583333 | E78: 0.75 | F78: 400000 | G78: =F78/235 -> 1702.1277 | H78: =IF(ISNUMBER(SEARCH("جمعة",C78)), 0, IF(OR(D78="", E78=""), 0, MIN(12,MAX(0,(MIN(E78,TIME(18,0,0))-MAX(D78,TIME(6,0,0)))*24)))) -> 8.5 | I78: =IF(ISNUMBER(SEARCH("جمعة",C78)), 0, MAX(0,(MOD(E78-D78,1)*24)-H78)) -> 0 | J78: =IF(C78="الجمعة",MOD(E78-D78,1)*24,0) -> 0 | K78: =sum(H78*G78)+(I78*1.5*G78)+(J78*2*G78) -> 14468.085 | M78: 30000 | N78: =IF(C78="الجمعة",0,IF(D78>TIME(9,0,0),(D78-TIME(9,0,0))*24*60*(G78/60),0)) -> 851.06383 | O78: =K78+L78-M78-N78 -> -16382.979
A79: 45928 | B79: حيدر يافوز | C79: =CHOOSE(WEEKDAY(A79,2),"الاثنين","الثلاثاء","الأربعاء","الخميس","الجمعة","السبت","الأحد") -> الأحد | D79: 0.39583333 | E79: 0.93125 | F79: 400000 | G79: =F79/235 -> 1702.1277 | H79: =IF(ISNUMBER(SEARCH("جمعة",C79)), 0, IF(OR(D79="", E79=""), 0, MIN(12,MAX(0,(MIN(E79,TIME(18,0,0))-MAX(D79,TIME(6,0,0)))*24)))) -> 8.5 | I79: =IF(ISNUMBER(SEARCH("جمعة",C79)), 0, MAX(0,(MOD(E79-D79,1)*24)-H79)) -> 4.35 | J79: =IF(C79="الجمعة",MOD(E79-D79,1)*24,0) -> 0 | K79: =sum(H79*G79)+(I79*1.5*G79)+(J79*2*G79) -> 25574.468 | N79: =IF(C79="الجمعة",0,IF(D79>TIME(9,0,0),(D79-TIME(9,0,0))*24*60*(G79/60),0)) -> 851.06383 | O79: =K79+L79-M79-N79 -> 24723.404
A80: 45929 | B80: حيدر يافوز | C80: =CHOOSE(WEEKDAY(A80,2),"الاثنين","الثلاثاء","الأربعاء","الخميس","الجمعة","السبت","الأحد") -> الاثنين | D80: 0.39513889 | E80: 0.75 | F80: 400000 | G80: =F80/235 -> 1702.1277 | H80: =IF(ISNUMBER(SEARCH("جمعة",C80)), 0, IF(OR(D80="", E80=""), 0, MIN(12,MAX(0,(MIN(E80,TIME(18,0,0))-MAX(D80,TIME(6,0,0)))*24)))) -> 8.5166667 | I80: =IF(ISNUMBER(SEARCH("جمعة",C80)), 0, MAX(0,(MOD(E80-D80,1)*24)-H80)) -> 0 | J80: =IF(C80="الجمعة",MOD(E80-D80,1)*24,0) -> 0 | K80: =sum(H80*G80)+(I80*1.5*G80)+(J80*2*G80) -> 14496.454 | N80: =IF(C80="الجمعة",0,IF(D80>TIME(9,0,0),(D80-TIME(9,0,0))*24*60*(G80/60),0)) -> 822.69504 | O80: =K80+L80-M80-N80 -> 13673.759
A81: 45930 | B81: حيدر يافوز | C81: =CHOOSE(WEEKDAY(A81,2),"الاثنين","الثلاثاء","الأربعاء","الخميس","الجمعة","السبت","الأحد") -> الثلاثاء | D81: 0.37777778 | E81: 0.75 | F81: 400000 | G81: =F81/235 -> 1702.1277 | H81: =IF(ISNUMBER(SEARCH("جمعة",C81)), 0, IF(OR(D81="", E81=""), 0, MIN(12,MAX(0,(MIN(E81,TIME(18,0,0))-MAX(D81,TIME(6,0,0)))*24)))) -> 8.9333333 | I81: =IF(ISNUMBER(SEARCH("جمعة",C81)), 0, MAX(0,(MOD(E81-D81,1)*24)-H81)) -> 0 | J81: =IF(C81="الجمعة",MOD(E81-D81,1)*24,0) -> 0 | K81: =sum(H81*G81)+(I81*1.5*G81)+(J81*2*G81) -> 15205.674 | N81: =IF(C81="الجمعة",0,IF(D81>TIME(9,0,0),(D81-TIME(9,0,0))*24*60*(G81/60),0)) -> 113.47518 | O81: =K81+L81-M81-N81 -> 15092.199
A82: 45901 | B82: سراج نزار | C82: =CHOOSE(WEEKDAY(A82,2),"الاثنين","الثلاثاء","الأربعاء","الخميس","الجمعة","السبت","الأحد") -> الاثنين | D82: 0.38819444 | E82: 0.77777778 | F82: 600000 | G82: =F82/235 -> 2553.1915 | H82: =IF(ISNUMBER(SEARCH("جمعة",C82)), 0, IF(OR(D82="", E82=""), 0, MIN(12,MAX(0,(MIN(E82,TIME(18,0,0))-MAX(D82,TIME(6,0,0)))*24)))) -> 8.6833333 | I82: =IF(ISNUMBER(SEARCH("جمعة",C82)), 0, MAX(0,(MOD(E82-D82,1)*24)-H82)) -> 0.66666667 | J82: =IF(C82="الجمعة",MOD(E82-D82,1)*24,0) -> 0 | K82: =sum(H82*G82)+(I82*1.5*G82)+(J82*2*G82) -> 24723.404 | N82: =IF(C82="الجمعة",0,IF(D82>TIME(9,0,0),(D82-TIME(9,0,0))*24*60*(G82/60),0)) -> 808.51064 | O82: =K82+L82-M82-N82 -> 23914.894
A83: 45902 | B83: سراج نزار | C83: =CHOOSE(WEEKDAY(A83,2),"الاثنين","الثلاثاء","الأربعاء","الخميس","الجمعة","السبت","الأحد") -> الثلاثاء | D83: 0.4375 | E83: 0.77013889 | F83: 600000 | G83: =F83/235 -> 2553.1915 | H83: =IF(ISNUMBER(SEARCH("جمعة",C83)), 0, IF(OR(D83="", E83=""), 0, MIN(12,MAX(0,(MIN(E83,TIME(18,0,0))-MAX(D83,TIME(6,0,0)))*24)))) -> 7.5 | I83: =IF(ISNUMBER(SEARCH("جمعة",C83)), 0, MAX(0,(MOD(E83-D83,1)*24)-H83)) -> 0.48333333 | J83: =IF(C83="الجمعة",MOD(E83-D83,1)*24,0) -> 0 | K83: =sum(H83*G83)+(I83*1.5*G83)+(J83*2*G83) -> 21000 | L83: 48000 | N83: =IF(C83="الجمعة",0,IF(D83>TIME(9,0,0),(D83-TIME(9,0,0))*24*60*(G83/60),0)) -> 3829.7872 | O83: =K83+L83-M83-N83 -> 65170.213 | P83: نسب اعلانات
A84: 45903 | B84: سراج نزار | C84: =CHOOSE(WEEKDAY(A84,2),"الاثنين","الثلاثاء","الأربعاء","الخميس","الجمعة","السبت","الأحد") -> الأربعاء | D84: 0.41041667 | E84: 0.75 | F84: 600000 | G84: =F84/235 -> 2553.1915 | H84: =IF(ISNUMBER(SEARCH("جمعة",C84)), 0, IF(OR(D84="", E84=""), 0, MIN(12,MAX(0,(MIN(E84,TIME(18,0,0))-MAX(D84,TIME(6,0,0)))*24)))) -> 8.15 | I84: =IF(ISNUMBER(SEARCH("جمعة",C84)), 0, MAX(0,(MOD(E84-D84,1)*24)-H84)) -> 0 | J84: =IF(C84="الجمعة",MOD(E84-D84,1)*24,0) -> 0 | K84: =sum(H84*G84)+(I84*1.5*G84)+(J84*2*G84) -> 20808.511 | L84: 45000 | N84: =IF(C84="الجمعة",0,IF(D84>TIME(9,0,0),(D84-TIME(9,0,0))*24*60*(G84/60),0)) -> 2170.2128 | O84: =K84+L84-M84-N84 -> 63638.298 | P84: ساعات خارجية
A85: 45904 | B85: سراج نزار | C85: =CHOOSE(WEEKDAY(A85,2),"الاثنين","الثلاثاء","الأربعاء","الخميس","الجمعة","السبت","الأحد") -> الخميس | D85: 0.41666667 | E85: 0.75 | F85: 600000 | G85: =F85/235 -> 2553.1915 | H85: =IF(ISNUMBER(SEARCH("جمعة",C85)), 0, IF(OR(D85="", E85=""), 0, MIN(12,MAX(0,(MIN(E85,TIME(18,0,0))-MAX(D85,TIME(6,0,0)))*24)))) -> 8 | I85: =IF(ISNUMBER(SEARCH("جمعة",C85)), 0, MAX(0,(MOD(E85-D85,1)*24)-H85)) -> 0 | J85: =IF(C85="الجمعة",MOD(E85-D85,1)*24,0) -> 0 | K85: =sum(H85*G85)+(I85*1.5*G85)+(J85*2*G85) -> 20425.532 | L85: 52000 | N85: =IF(C85="الجمعة",0,IF(D85>TIME(9,0,0),(D85-TIME(9,0,0))*24*60*(G85/60),0)) -> 2553.1915 | O85: =K85+L85-M85-N85 -> 69872.34
A86: 45905 | B86: سراج نزار | C86: =CHOOSE(WEEKDAY(A86,2),"الاثنين","الثلاثاء","الأربعاء","الخميس","الجمعة","السبت","الأحد") -> الجمعة | D86: 0.375 | E86: 0.79791667 | F86: 600000 | G86: =F86/235 -> 2553.1915 | H86: =IF(ISNUMBER(SEARCH("جمعة",C86)), 0, IF(OR(D86="", E86=""), 0, MIN(12,MAX(0,(MIN(E86,TIME(18,0,0))-MAX(D86,TIME(6,0,0)))*24)))) -> 0 | I86: =IF(ISNUMBER(SEARCH("جمعة",C86)), 0, MAX(0,(MOD(E86-D86,1)*24)-H86)) -> 0 | J86: =IF(C86="الجمعة",MOD(E86-D86,1)*24,0) -> 10.15 | K86: =sum(H86*G86)+(I86*1.5*G86)+(J86*2*G86) -> 51829.787 | N86: 245 | O86: =K86+L86-M86-N86 -> 51584.787
A87: 45906 | B87: سراج نزار | C87: =CHOOSE(WEEKDAY(A87,2),"الاثنين","الثلاثاء","الأربعاء","الخميس","الجمعة","السبت","الأحد") -> السبت | D87: 0.38680556 | E87: 0.75347222 | F87: 600000 | G87: =F87/235 -> 2553.1915 | H87: =IF(ISNUMBER(SEARCH("جمعة",C87)), 0, IF(OR(D87="", E87=""), 0, MIN(12,MAX(0,(MIN(E87,TIME(18,0,0))-MAX(D87,TIME(6,0,0)))*24)))) -> 8.7166667 | I87: =IF(ISNUMBER(SEARCH("جمعة",C87)), 0, MAX(0,(MOD(E87-D87,1)*24)-H87)) -> 0.083333333 | J87: =IF(C87="الجمعة",MOD(E87-D87,1)*24,0) -> 0 | K87: =sum(H87*G87)+(I87*1.5*G87)+(J87*2*G87) -> 22574.468 | N87: =IF(C87="الجمعة",0,IF(D87>TIME(9,0,0),(D87-TIME(9,0,0))*24*60*(G87/60),0)) -> 723.40426 | O87: =K87+L87-M87-N87 -> 21851.064
A88: 45907 | B88: سراج نزار | C88: =CHOOSE(WEEKDAY(A88,2),"الاثنين","الثلاثاء","الأربعاء","الخميس","الجمعة","السبت","الأحد") -> الأحد | D88: 0.39166667 | E88: 0.96041667 | F88: 600000 | G88: =F88/235 -> 2553.1915 | H88: =IF(ISNUMBER(SEARCH("جمعة",C88)), 0, IF(OR(D88="", E88=""), 0, MIN(12,MAX(0,(MIN(E88,TIME(18,0,0))-MAX(D88,TIME(6,0,0)))*24)))) -> 8.6 | I88: =IF(ISNUMBER(SEARCH("جمعة",C88)), 0, MAX(0,(MOD(E88-D88,1)*24)-H88)) -> 5.05 | J88: =IF(C88="الجمعة",MOD(E88-D88,1)*24,0) -> 0 | K88: =sum(H88*G88)+(I88*1.5*G88)+(J88*2*G88) -> 41297.872 | N88: =IF(C88="الجمعة",0,IF(D88>TIME(9,0,0),(D88-TIME(9,0,0))*24*60*(G88/60),0)) -> 1021.2766 | O88: =K88+L88-M88-N88 -> 40276.596
A89: 45908 | B89: سراج نزار | C89: =CHOOSE(WEEKDAY(A89,2),"الاثنين","الثلاثاء","الأربعاء","الخميس","الجمعة","السبت","الأحد") -> الاثنين | D89: 0.42638889 | E89: 0.76875 | F89: 600000 | G89: =F89/235 -> 2553.1915 | H89: =IF(ISNUMBER(SEARCH("جمعة",C89)), 0, IF(OR(D89="", E89=""), 0, MIN(12,MAX(0,(MIN(E89,TIME(18,0,0))-MAX(D89,TIME(6,0,0)))*24)))) -> 7.7666667 | I89: =IF(ISNUMBER(SEARCH("جمعة",C89)), 0, MAX(0,(MOD(E89-D89,1)*24)-H89)) -> 0.45 | J89: =IF(C89="الجمعة",MOD(E89-D89,1)*24,0) -> 0 | K89: =sum(H89*G89)+(I89*1.5*G89)+(J89*2*G89) -> 21553.191 | N89: =IF(C89="الجمعة",0,IF(D89>TIME(9,0,0),(D89-TIME(9,0,0))*24*60*(G89/60),0)) -> 3148.9362 | O89: =K89+L89-M89-N89 -> 18404.255
A90: 45909 | B90: سراج نزار | C90: =CHOOSE(WEEKDAY(A90,2),"الاثنين","الثلاثاء","الأربعاء","الخميس","الجمعة","السبت","الأحد") -> الثلاثاء | D90: 0.41041667 | E90: 0.82291667 | F90: 600000 | G90: =F90/235 -> 2553.1915 | H90: =IF(ISNUMBER(SEARCH("جمعة",C90)), 0, IF(OR(D90="", E90=""), 0, MIN(12,MAX(0,(MIN(E90,TIME(18,0,0))-MAX(D90,TIME(6,0,0)))*24)))) -> 8.15 | I90: =IF(ISNUMBER(SEARCH("جمعة",C90)), 0, MAX(0,(MOD(E90-D90,1)*24)-H90)) -> 1.75 | J90: =IF(C90="الجمعة",MOD(E90-D90,1)*24,0) -> 0 | K90: =sum(H90*G90)+(I90*1.5*G90)+(J90*2*G90) -> 27510.638 | N90: =IF(C90="الجمعة",0,IF(D90>TIME(9,0,0),(D90-TIME(9,0,0))*24*60*(G90/60),0)) -> 2170.2128 | O90: =K90+L90-M90-N90 -> 25340.426
A91: 45910 | B91: سراج نزار | C91: =CHOOSE(WEEKDAY(A91,2),"الاثنين","الثلاثاء","الأربعاء","الخميس","الجمعة","السبت","الأحد") -> الأربعاء | D91: 0.39236111 | E91: 0.91944444 | F91: 600000 | G91: =F91/235 -> 2553.1915 | H91: =IF(ISNUMBER(SEARCH("جمعة",C91)), 0, IF(OR(D91="", E91=""), 0, MIN(12,MAX(0,(MIN(E91,TIME(18,0,0))-MAX(D91,TIME(6,0,0)))*24)))) -> 8.5833333 | I91: =IF(ISNUMBER(SEARCH("جمعة",C91)), 0, MAX(0,(MOD(E91-D91,1)*24)-H91)) -> 4.0666667 | J91: =IF(C91="الجمعة",MOD(E91-D91,1)*24,0) -> 0 | K91: =sum(H91*G91)+(I91*1.5*G91)+(J91*2*G91) -> 37489.362 | N91: =IF(C91="الجمعة",0,IF(D91>TIME(9,0,0),(D91-TIME(9,0,0))*24*60*(G91/60),0)) -> 1063.8298 | O91: =K91+L91-M91-N91 -> 36425.532
A92: 45911 | B92: سراج نزار | C92: =CHOOSE(WEEKDAY(A92,2),"الاثنين","الثلاثاء","الأربعاء","الخميس","الجمعة","السبت","الأحد") -> الخميس | D92: 0.42638889 | E92: 0.75 | F92: 600000 | G92: =F92/235 -> 2553.1915 | H92: =IF(ISNUMBER(SEARCH("جمعة",C92)), 0, IF(OR(D92="", E92=""), 0, MIN(12,MAX(0,(MIN(E92,TIME(18,0,0))-MAX(D92,TIME(6,0,0)))*24)))) -> 7.7666667 | I92: =IF(ISNUMBER(SEARCH("جمعة",C92)), 0, MAX(0,(MOD(E92-D92,1)*24)-H92)) -> 0 | J92: =IF(C92="الجمعة",MOD(E92-D92,1)*24,0) -> 0 | K92: =sum(H92*G92)+(I92*1.5*G92)+(J92*2*G92) -> 19829.787 | N92: =IF(C92="الجمعة",0,IF(D92>TIME(9,0,0),(D92-TIME(9,0,0))*24*60*(G92/60),0)) -> 3148.9362 | O92: =K92+L92-M92-N92 -> 16680.851
A93: 45912 | B93: سراج نزار | C93: =CHOOSE(WEEKDAY(A93,2),"الاثنين","الثلاثاء","الأربعاء","الخميس","الجمعة","السبت","الأحد") -> الجمعة | D93: 0.071527778 | E93: 0.75 | F93: 600000 | G93: =F93/235 -> 2553.1915 | H93: =IF(ISNUMBER(SEARCH("جمعة",C93)), 0, IF(OR(D93="", E93=""), 0, MIN(12,MAX(0,(MIN(E93,TIME(18,0,0))-MAX(D93,TIME(6,0,0)))*24)))) -> 0 | I93: =IF(ISNUMBER(SEARCH("جمعة",C93)), 0, MAX(0,(MOD(E93-D93,1)*24)-H93)) -> 0 | J93: =IF(C93="الجمعة",MOD(E93-D93,1)*24,0) -> 16.283333 | K93: =sum(H93*G93)+(I93*1.5*G93)+(J93*2*G93) -> 83148.936 | N93: =IF(C93="الجمعة",0,IF(D93>TIME(9,0,0),(D93-TIME(9,0,0))*24*60*(G93/60),0)) -> 0 | O93: =K93+L93-M93-N93 -> 83148.936
A94: 45914 | B94: سراج نزار | C94: =CHOOSE(WEEKDAY(A94,2),"الاثنين","الثلاثاء","الأربعاء","الخميس","الجمعة","السبت","الأحد") -> الأحد | D94: 0.43888889 | E94: 0.75347222 | F94: 600000 | G94: =F94/235 -> 2553.1915 | H94: =IF(ISNUMBER(SEARCH("جمعة",C94)), 0, IF(OR(D94="", E94=""), 0, MIN(12,MAX(0,(MIN(E94,TIME(18,0,0))-MAX(D94,TIME(6,0,0)))*24)))) -> 7.4666667 | I94: =IF(ISNUMBER(SEARCH("جمعة",C94)), 0, MAX(0,(MOD(E94-D94,1)*24)-H94)) -> 0.083333333 | J94: =IF(C94="الجمعة",MOD(E94-D94,1)*24,0) -> 0 | K94: =sum(H94*G94)+(I94*1.5*G94)+(J94*2*G94) -> 19382.979 | N94: =IF(C94="الجمعة",0,IF(D94>TIME(9,0,0),(D94-TIME(9,0,0))*24*60*(G94/60),0)) -> 3914.8936 | O94: =K94+L94-M94-N94 -> 15468.085
