Workbook

Sheet الواجه الرئيسية
C1: WORKSHOP AUTO SERVICE CENTERACCOUNTING DASHBOARD
C6: تسديد خارجي | D6: الرواتب | E6: قبض | F6: صرف | G6: دفع الى الورشه | H6: ديون علينا | I6: دفع سيف اجمالي
C7: =I7-G7 -> 20812000 | D7: =SUMIFS('رواتب'!J:J,'رواتب'!A:A,"اجمالي") -> 13397242 | E7: =SUMIFS('الحركات'!D:D,'الحركات'!B:B,"سند قبض") -> 22343000 | F7: =SUMIFS('الحركات'!D:D,'الحركات'!B:B,"سند صرف") -> -4613991 | G7: =SUMIFS('الحركات'!D:D,'الحركات'!B:B,"سند دفع")+E7 -> 17798000 | H7: ='الديون'!F2 -> 19012000 | I7: =SUMIFS('الحركات'!H:H,'الحركات'!G:G,"sife") -> 38610000
D9: السلفة | E9: =SUM('الحركات'!D4:D32) -> 785000 | H9: ديون لنا
D10: =SUMIFS('رواتب'!G:G,'رواتب'!A:A,"اجمالي") -> 7306503.5 | H10: ='الديون'!G2 -> 10098250
B12: الاسم | C12: الاجر | D12: إجمالي السلف | E12: الغرامات | F12: الراتب الكلي | G12: صافي الراتب | H12: المستلم | I12: التاريخ
B13: =IFERROR(__xludf.DUMMYFUNCTION("QUERY('رواتب'!A24:M31,""select A,F,G,H,J,K,L,M order by A desc limit 12"",1)"),"حسين سالم") -> حسين سالم | C13: =IFERROR(__xludf.DUMMYFUNCTION("""COMPUTED_VALUE""")," IQD 692٬593") -> IQD 692٬593 | D13: =IFERROR(__xludf.DUMMYFUNCTION("""COMPUTED_VALUE""")," IQD 206٬750") -> IQD 206٬750 | E13: =IFERROR(__xludf.DUMMYFUNCTION("""COMPUTED_VALUE""")," IQD 50٬000") -> IQD 50٬000 | F13: =IFERROR(__xludf.DUMMYFUNCTION("""COMPUTED_VALUE""")," IQD 727٬689") -> IQD 727٬689 | G13: =IFERROR(__xludf.DUMMYFUNCTION("""COMPUTED_VALUE""")," IQD 470٬939") -> IQD 470٬939 | H13: =IFERROR(__xludf.DUMMYFUNCTION("""COMPUTED_VALUE"""),"") | I13: =IFERROR(__xludf.DUMMYFUNCTION("""COMPUTED_VALUE""")," مارس") -> مارس
B14: =IFERROR(__xludf.DUMMYFUNCTION("""COMPUTED_VALUE"""),"يوسف احمد") -> يوسف احمد | C14: =IFERROR(__xludf.DUMMYFUNCTION("""COMPUTED_VALUE"""),55555.555555555555) -> 55555.556 | D14: =IFERROR(__xludf.DUMMYFUNCTION("""COMPUTED_VALUE"""),0.0) -> 0 | E14: =IFERROR(__xludf.DUMMYFUNCTION("""COMPUTED_VALUE"""),0.0) -> 0 | F14: =IFERROR(__xludf.DUMMYFUNCTION("""COMPUTED_VALUE"""),47839.50617283951) -> 47839.506 | G14: =IFERROR(__xludf.DUMMYFUNCTION("""COMPUTED_VALUE"""),-0.49382716049149167) -> -0.49382716 | H14: =IFERROR(__xludf.DUMMYFUNCTION("""COMPUTED_VALUE"""),50000.0) -> 50000 | I14: =IFERROR(__xludf.DUMMYFUNCTION("""COMPUTED_VALUE"""),46099.0) -> 46099
B15: =IFERROR(__xludf.DUMMYFUNCTION("""COMPUTED_VALUE"""),"محمد فؤاد سالم") -> محمد فؤاد سالم | C15: =IFERROR(__xludf.DUMMYFUNCTION("""COMPUTED_VALUE"""),48148.148148148146) -> 48148.148 | D15: =IFERROR(__xludf.DUMMYFUNCTION("""COMPUTED_VALUE"""),0.0) -> 0 | E15: =IFERROR(__xludf.DUMMYFUNCTION("""COMPUTED_VALUE"""),0.0) -> 0 | F15: =IFERROR(__xludf.DUMMYFUNCTION("""COMPUTED_VALUE"""),45473.25102880658) -> 45473.251 | G15: =IFERROR(__xludf.DUMMYFUNCTION("""COMPUTED_VALUE"""),0.25102880658232607) -> 0.25102881 | H15: =IFERROR(__xludf.DUMMYFUNCTION("""COMPUTED_VALUE"""),50000.0) -> 50000 | I15: =IFERROR(__xludf.DUMMYFUNCTION("""COMPUTED_VALUE"""),46098.0) -> 46098
B16: =IFERROR(__xludf.DUMMYFUNCTION("""COMPUTED_VALUE"""),"علي الباكستاني") -> علي الباكستاني | C16: =IFERROR(__xludf.DUMMYFUNCTION("""COMPUTED_VALUE"""),0.0) -> 0 | D16: =IFERROR(__xludf.DUMMYFUNCTION("""COMPUTED_VALUE"""),15000.0) -> 15000 | E16: =IFERROR(__xludf.DUMMYFUNCTION("""COMPUTED_VALUE"""),50000.0) -> 50000 | F16: =IFERROR(__xludf.DUMMYFUNCTION("""COMPUTED_VALUE"""),550000.0) -> 550000 | G16: =IFERROR(__xludf.DUMMYFUNCTION("""COMPUTED_VALUE"""),485000.0) -> 485000 | I16: =IFERROR(__xludf.DUMMYFUNCTION("""COMPUTED_VALUE"""),46097.0) -> 46097
B17: =IFERROR(__xludf.DUMMYFUNCTION("""COMPUTED_VALUE"""),"خضر عبد الخالق") -> خضر عبد الخالق | C17: =IFERROR(__xludf.DUMMYFUNCTION("""COMPUTED_VALUE"""),222222.2222222222) -> 222222.22 | D17: =IFERROR(__xludf.DUMMYFUNCTION("""COMPUTED_VALUE"""),88500.0) -> 88500 | E17: =IFERROR(__xludf.DUMMYFUNCTION("""COMPUTED_VALUE"""),50000.0) -> 50000 | F17: =IFERROR(__xludf.DUMMYFUNCTION("""COMPUTED_VALUE"""),299691.35802469135) -> 299691.36 | G17: =IFERROR(__xludf.DUMMYFUNCTION("""COMPUTED_VALUE"""),161191.35802469135) -> 161191.36 | I17: =IFERROR(__xludf.DUMMYFUNCTION("""COMPUTED_VALUE"""),46095.0) -> 46095
B18: =IFERROR(__xludf.DUMMYFUNCTION("""COMPUTED_VALUE"""),"حيدر يافوز") -> حيدر يافوز | C18: =IFERROR(__xludf.DUMMYFUNCTION("""COMPUTED_VALUE"""),550000.0000000001) -> 550000 | D18: =IFERROR(__xludf.DUMMYFUNCTION("""COMPUTED_VALUE"""),353500.0) -> 353500 | E18: =IFERROR(__xludf.DUMMYFUNCTION("""COMPUTED_VALUE"""),0.0) -> 0 | F18: =IFERROR(__xludf.DUMMYFUNCTION("""COMPUTED_VALUE"""),722506.8587105622) -> 722506.86 | G18: =IFERROR(__xludf.DUMMYFUNCTION("""COMPUTED_VALUE"""),369006.8587105622) -> 369006.86 | I18: =IFERROR(__xludf.DUMMYFUNCTION("""COMPUTED_VALUE"""),46094.0) -> 46094
B19: =IFERROR(__xludf.DUMMYFUNCTION("""COMPUTED_VALUE"""),"حيدر المحاسب") -> حيدر المحاسب | C19: =IFERROR(__xludf.DUMMYFUNCTION("""COMPUTED_VALUE"""),0.0) -> 0 | D19: =IFERROR(__xludf.DUMMYFUNCTION("""COMPUTED_VALUE"""),182000.0) -> 182000 | E19: =IFERROR(__xludf.DUMMYFUNCTION("""COMPUTED_VALUE"""),25000.0) -> 25000 | F19: =IFERROR(__xludf.DUMMYFUNCTION("""COMPUTED_VALUE"""),350000.0) -> 350000 | G19: =IFERROR(__xludf.DUMMYFUNCTION("""COMPUTED_VALUE"""),143000.0) -> 143000 | I19: =IFERROR(__xludf.DUMMYFUNCTION("""COMPUTED_VALUE"""),46096.0) -> 46096

Sheet الديون
A1: الاسم | B1: نوع الدين | C1: المبلغ | D1: المسدد | E1: المتبقي | F1: علينا | G1: لنا
F2: =SUMIFS(E:E,B:B,"علينا") -> 19012000 | G2: =SUMIFS(E:E,B:B,"لنا") -> 10098250
A3: يوسف يعقوب | B3: علينا | C3: =SUMIFS('السجل'!C:C,'السجل'!B:B,A3) -> 45370000 | D3: =SUMIFS('السجل'!D:D,'السجل'!B:B,A3) -> 26455000 | E3: =IF(C3="","",C3-IF(D3="",0,D3)) -> 18915000
A4: نعيم حديد | B4: علينا | C4: =SUMIFS('السجل'!C:C,'السجل'!B:B,A4) -> 6181000 | D4: =SUMIFS('السجل'!D:D,'السجل'!B:B,A4) -> 6180000 | E4: =IF(C4="","",C4-IF(D4="",0,D4)) -> 1000
A5: الابرار | B5: علينا | C5: =SUMIFS('السجل'!C:C,'السجل'!B:B,A5) -> 9201000 | D5: =SUMIFS('السجل'!D:D,'السجل'!B:B,A5) -> 9200000 | E5: =IF(C5="","",C5-IF(D5="",0,D5)) -> 1000
A6: حسين سالم | B6: لنا | C6: =SUMIFS('السجل'!C:C,'السجل'!B:B,A6) -> 2724750 | D6: =SUMIFS('السجل'!D:D,'السجل'!B:B,A6) -> 542000 | E6: =IF(C6="","",C6-IF(D6="",0,D6)) -> 2182750
A7: حيدر يافوز | B7: لنا | C7: =SUMIFS('السجل'!C:C,'السجل'!B:B,A7) -> 954000 | D7: =SUMIFS('السجل'!D:D,'السجل'!B:B,A7) -> 367000 | E7: =IF(C7="","",C7-IF(D7="",0,D7)) -> 587000
A8: خضر عبد الخالق | B8: لنا | C8: =SUMIFS('السجل'!C:C,'السجل'!B:B,A8) -> 998500 | D8: =SUMIFS('السجل'!D:D,'السجل'!B:B,A8) -> 345000 | E8: =IF(C8="","",C8-IF(D8="",0,D8)) -> 653500
A9: حنان | B9: لنا | C9: =SUMIFS('السجل'!C:C,'السجل'!B:B,A9) -> 1500000 | D9: =SUMIFS('السجل'!D:D,'السجل'!B:B,A9) -> 350000 | E9: =IF(C9="","",C9-IF(D9="",0,D9)) -> 1150000
A10: اشرف | B10: لنا | C10: =SUMIFS('السجل'!C:C,'السجل'!B:B,A10) -> 6000000 | D10: =SUMIFS('السجل'!D:D,'السجل'!B:B,A10) -> 750000 | E10: =IF(C10="","",C10-IF(D10="",0,D10)) -> 5250000
A11: الماجد لتجارة الاخشاب | B11: علينا | C11: =SUMIFS('السجل'!C:C,'السجل'!B:B,A11) -> 435000 | D11: =SUMIFS('السجل'!D:D,'السجل'!B:B,A11) -> 435000 | E11: =IF(C11="","",C11-IF(D11="",0,D11)) -> 0
A12: الفردان التجارية | B12: علينا | C12: =SUMIFS('السجل'!C:C,'السجل'!B:B,A12) -> 53000 | D12: =SUMIFS('السجل'!D:D,'السجل'!B:B,A12) -> 53000 | E12: =IF(C12="","",C12-IF(D12="",0,D12)) -> 0
A13: نعيم السراي للاضائة الحديثة | B13: علينا | C13: =SUMIFS('السجل'!C:C,'السجل'!B:B,A13) -> 45000 | D13: =SUMIFS('السجل'!D:D,'السجل'!B:B,A13) -> 0 | E13: =IF(C13="","",C13-IF(D13="",0,D13)) -> 45000
A14: الخورة | B14: علينا | C14: =SUMIFS('السجل'!C:C,'السجل'!B:B,A14) -> 50000 | D14: =SUMIFS('السجل'!D:D,'السجل'!B:B,A14) -> 0 | E14: =IF(C14="","",C14-IF(D14="",0,D14)) -> 50000
... A16: عبود | B16: لنا | C16: =SUMIFS('السجل'!C:C,'السجل'!B:B,A16) -> 10000 | D16: =SUMIFS('السجل'!D:D,'السجل'!B:B,A16) -> 0 | E16: =IF(C16="","",C16-IF(D16="",0,D16)) -> 10000
C17: =SUMIFS('السجل'!C:C,'السجل'!B:B,A17) -> 0 | D17: =SUMIFS('السجل'!D:D,'السجل'!B:B,A17) -> 0 | E17: =IF(C17="","",C17-IF(D17="",0,D17)) -> 0
C18: =SUMIFS('السجل'!C:C,'السجل'!B:B,A18) -> 0 | D18: =SUMIFS('السجل'!D:D,'السجل'!B:B,A18) -> 0 | E18: =IF(C18="","",C18-IF(D18="",0,D18)) -> 0
C19: =SUMIFS('السجل'!C:C,'السجل'!B:B,A19) -> 0 | D19: =SUMIFS('السجل'!D:D,'السجل'!B:B,A19) -> 0 | E19: =IF(C19="","",C19-IF(D19="",0,D19)) -> 0
C20: =SUMIFS('السجل'!C:C,'السجل'!B:B,A20) -> 0 | D20: =SUMIFS('السجل'!D:D,'السجل'!B:B,A20) -> 0 | E20: =IF(C20="","",C20-IF(D20="",0,D20)) -> 0
C21: =SUMIFS('السجل'!C:C,'السجل'!B:B,A21) -> 0 | D21: =SUMIFS('السجل'!D:D,'السجل'!B:B,A21) -> 0 | E21: =IF(C21="","",C21-IF(D21="",0,D21)) -> 0
C22: =SUMIFS('السجل'!C:C,'السجل'!B:B,A22) -> 0 | D22: =SUMIFS('السجل'!D:D,'السجل'!B:B,A22) -> 0 | E22: =IF(C22="","",C22-IF(D22="",0,D22)) -> 0
C23: =SUMIFS('السجل'!C:C,'السجل'!B:B,A23) -> 0 | D23: =SUMIFS('السجل'!D:D,'السجل'!B:B,A23) -> 0 | E23: =IF(C23="","",C23-IF(D23="",0,D23)) -> 0
C24: =SUMIFS('السجل'!C:C,'السجل'!B:B,A24) -> 0 | D24: =SUMIFS('السجل'!D:D,'السجل'!B:B,A24) -> 0 | E24: =IF(C24="","",C24-IF(D24="",0,D24)) -> 0
C25: =SUMIFS('السجل'!C:C,'السجل'!B:B,A25) -> 0 | D25: =SUMIFS('السجل'!D:D,'السجل'!B:B,A25) -> 0 | E25: =IF(C25="","",C25-IF(D25="",0,D25)) -> 0
C26: =SUMIFS('السجل'!C:C,'السجل'!B:B,A26) -> 0 | D26: =SUMIFS('السجل'!D:D,'السجل'!B:B,A26) -> 0 | E26: =IF(C26="","",C26-IF(D26="",0,D26)) -> 0
C27: =SUMIFS('السجل'!C:C,'السجل'!B:B,A27) -> 0 | D27: =SUMIFS('السجل'!D:D,'السجل'!B:B,A27) -> 0 | E27: =IF(C27="","",C27-IF(D27="",0,D27)) -> 0
C28: =SUMIFS('السجل'!C:C,'السجل'!B:B,A28) -> 0 | D28: =SUMIFS('السجل'!D:D,'السجل'!B:B,A28) -> 0 | E28: =IF(C28="","",C28-IF(D28="",0,D28)) -> 0
... C32: =SUMIFS('السجل'!C:C,'السجل'!B:B,A32) -> 0 | D32: =SUMIFS('السجل'!D:D,'السجل'!B:B,A32) -> 0 | E32: =IF(C32="","",C32-IF(D32="",0,D32)) -> 0

Sheet كشف حساب
A1: كشف حساب الابرار لشهر فبراير
C4: =SUM(C6:C18) -> 8095000 | D4: =SUM(D6:D16) -> 7000000 | E4: =E16 -> 1065000
A5: التاريخ | B5: رقم الوصل | C5: قيمة الوصولات خلال شهر فبراير | D5: المدفوع | E5: المتبقي | F5: قيمة الطلب السابق
A6: 46054 | B6: متبقي 2025 | C6: 2139000 | D6: 2000000 | E6: =C6-D6 -> 139000 | F6: =C6 -> 2139000
A7: 46055 | B7: 2087 | C7: 666000 | D7: 0 | E7: =E6+C7-D7 -> 805000 | F7: =F6+C7 -> 2805000
A8: 46056 | B8: 2114 | C8: 1557000 | D8: 0 | E8: =E7+C8-D8 -> 2362000 | F8: =F7+C8 -> 4362000
A9: 46058 | B9: 2180 | C9: 967000 | D9: 2000000 | E9: =E8+C9-D9 -> 1329000 | F9: =F8+C9 -> 5329000
A10: 46060 | B10: 2190 | C10: 260000 | D10: 0 | E10: =E9+C10-D10 -> 1589000 | F10: =F9+C10 -> 5589000
A11: 46069 | B11: 2500 | C11: 287000 | D11: 1000000 | E11: =E10+C11-D11 -> 876000 | F11: =F10+C11 -> 5876000
A12: 46072 | B12: 2597 | C12: 814000 | D12: 0 | E12: =E11+C12-D12 -> 1690000 | F12: =F11+C12 -> 6690000
A13: 46075 | B13: 2644 | C13: 170000 | D13: 0 | E13: =E12+C13-D13 -> 1860000 | F13: =F12+C13 -> 6860000
A14: 46079 | B14: 2768 | C14: 485000 | D14: 2000000 | E14: =E13+C14-D14 -> 345000 | F14: =F13+C14 -> 7345000
A15: 46086 | B15: 2902 | C15: 232000 | D15: 0 | E15: =E14+C15-D15 -> 577000 | F15: =F14+C15 -> 7577000
A16: 46089 | B16: 2945 | C16: 488000 | D16: 0 | E16: =E15+C16-D16 -> 1065000 | F16: =F15+C16 -> 8065000
A17: 46090 | B17: 2958 | C17: 30000 | D17: 0 | E17: =E16+C17-D17 -> 1095000 | F17: =F16+C17 -> 8095000

Sheet السجل
A1: التأريخ | B1: العمود 1 | C1: العمود 2 | D1: العمود 3 | E1: العمود 4 | F1: العمود 5
B2: نعيم حديد | C2: 3756000 | D2: 2835000 | E2: =IF(C2="","",C2-IF(D2="",0,D2)) -> 921000
A3: 46054 | B3: الابرار | C3: 2139000 | D3: 2000000 | E3: =IF(C3="","",C3-IF(D3="",0,D3)) -> 139000
A4: 46055 | B4: الابرار | C4: 666000 | E4: =IF(C4="","",C4-IF(D4="",0,D4)) -> 666000
A5: 46056 | B5: الابرار | C5: 1557000 | E5: =IF(C5="","",C5-IF(D5="",0,D5)) -> 1557000
A6: 46058 | B6: الابرار | C6: 967000 | E6: =IF(C6="","",C6-IF(D6="",0,D6)) -> 967000
A7: 46060 | B7: الابرار | C7: 260000 | E7: =IF(C7="","",C7-IF(D7="",0,D7)) -> 260000
A8: 46069 | B8: الابرار | C8: 287000 | D8: 2000000 | E8: =IF(C8="","",C8-IF(D8="",0,D8)) -> -1713000
A9: 46072 | B9: الابرار | C9: 814000 | E9: =IF(C9="","",C9-IF(D9="",0,D9)) -> 814000
A10: 46075 | B10: الابرار | C10: 170000 | D10: 1000000 | E10: =IF(C10="","",C10-IF(D10="",0,D10)) -> -830000
A11: 46079 | B11: الابرار | C11: 485000 | E11: =IF(C11="","",C11-IF(D11="",0,D11)) -> 485000
A12: 46086 | B12: الابرار | C12: 232000 | D12: 2000000 | E12: =IF(C12="","",C12-IF(D12="",0,D12)) -> -1768000
A13: 46089 | B13: الابرار | C13: 488000 | E13: =IF(C13="","",C13-IF(D13="",0,D13)) -> 488000
A14: 46084 | B14: حسين سالم | C14: 2518000 | D14: 542000 | E14: =IF(C14="","",C14-IF(D14="",0,D14)) -> 1976000
A15: 46082 | B15: حيدر يافوز | C15: 601000 | D15: 367000 | E15: =IF(C15="","",C15-IF(D15="",0,D15)) -> 234000
A16: 46082 | B16: خضر عبد الخالق | C16: 910000 | D16: 345000 | E16: =IF(C16="","",C16-IF(D16="",0,D16)) -> 565000
B17: حنان | C17: 500000 | D17: 350000 | E17: =IF(C17="","",C17-IF(D17="",0,D17)) -> 150000
B18: حنان | C18: 170000 | E18: =IF(C18="","",C18-IF(D18="",0,D18)) -> 170000
B19: حنان | C19: 250000 | E19: =IF(C19="","",C19-IF(D19="",0,D19)) -> 250000
B20: حنان | C20: 580000 | E20: =IF(C20="","",C20-IF(D20="",0,D20)) -> 580000
B21: يوسف يعقوب | C21: 6019000 | D21: 1375000 | E21: =IF(C21="","",C21-IF(D21="",0,D21)) -> 4644000
B22: يوسف يعقوب | C22: 5000000 | D22: 7305000 | E22: =IF(C22="","",C22-IF(D22="",0,D22)) -> -2305000
B23: يوسف يعقوب | C23: 5000000 | D23: 2000000 | E23: =IF(C23="","",C23-IF(D23="",0,D23)) -> 3000000
B24: يوسف يعقوب | C24: 1000000 | D24: 5000000 | E24: =IF(C24="","",C24-IF(D24="",0,D24)) -> -4000000
B25: يوسف يعقوب | C25: 1000000 | D25: 10000000 | E25: =IF(C25="","",C25-IF(D25="",0,D25)) -> -9000000
B26: يوسف يعقوب | C26: 12675000 | D26: 775000 | E26: =IF(C26="","",C26-IF(D26="",0,D26)) -> 11900000
B27: يوسف يعقوب | C27: 1090000 | E27: =IF(C27="","",C27-IF(D27="",0,D27)) -> 1090000
B28: يوسف يعقوب | C28: 325000 | E28: =IF(C28="","",C28-IF(D28="",0,D28)) -> 325000
B29: يوسف يعقوب | C29: 595000 | E29: =IF(C29="","",C29-IF(D29="",0,D29)) -> 595000
B30: يوسف يعقوب | C30: 485000 | E30: =IF(C30="","",C30-IF(D30="",0,D30)) -> 485000
B31: يوسف يعقوب | C31: 293000 | E31: =IF(C31="","",C31-IF(D31="",0,D31)) -> 293000
B32: يوسف يعقوب | C32: 148000 | E32: =IF(C32="","",C32-IF(D32="",0,D32)) -> 148000
B33: يوسف يعقوب | C33: 80000 | E33: =IF(C33="","",C33-IF(D33="",0,D33)) -> 80000
B34: يوسف يعقوب | C34: 45000 | E34: =IF(C34="","",C34-IF(D34="",0,D34)) -> 45000
B35: يوسف يعقوب | C35: 17000 | E35: =IF(C35="","",C35-IF(D35="",0,D35)) -> 17000
B36: يوسف يعقوب | C36: 85000 | E36: =IF(C36="","",C36-IF(D36="",0,D36)) -> 85000
B37: يوسف يعقوب | C37: 1375000 | E37: =IF(C37="","",C37-IF(D37="",0,D37)) -> 1375000
B38: يوسف يعقوب | C38: 50000 | E38: =IF(C38="","",C38-IF(D38="",0,D38)) -> 50000
... B62: يوسف يعقوب | C62: 87000 | E62: =IF(C62="","",C62-IF(D62="",0,D62)) -> 87000
B63: اشرف | C63: 2280750 | D63: 750000 | E63: =IF(C63="","",C63-IF(D63="",0,D63)) -> 1530750
B64: اشرف | C64: 3719250 | E64: =IF(C64="","",C64-IF(D64="",0,D64)) -> 3719250
B65: الماجد لتجارة الاخشاب | C65: 35000 | E65: =IF(C65="","",C65-IF(D65="",0,D65)) -> 35000
B66: الماجد لتجارة الاخشاب | C66: 330000 | D66: 435000 | E66: =IF(C66="","",C66-IF(D66="",0,D66)) -> -105000
B67: الماجد لتجارة الاخشاب | C67: 70000 | E67: =IF(C67="","",C67-IF(D67="",0,D67)) -> 70000
B68: يوسف يعقوب | C68: 1300000 | E68: =IF(C68="","",C68-IF(D68="",0,D68)) -> 1300000
B69: يوسف يعقوب | C69: 10000 | E69: =IF(C69="","",C69-IF(D69="",0,D69)) -> 10000
B70: يوسف يعقوب | C70: 180000 | E70: =IF(C70="","",C70-IF(D70="",0,D70)) -> 180000
B71: يوسف يعقوب | C71: 5000 | E71: =IF(C71="","",C71-IF(D71="",0,D71)) -> 5000
B72: يوسف يعقوب | C72: 5000 | E72: =IF(C72="","",C72-IF(D72="",0,D72)) -> 5000
B73: يوسف يعقوب | E73: =IF(C73="","",C73-IF(D73="",0,D73))
B74: الفردان التجارية | C74: 53000 | D74: 53000 | E74: =IF(C74="","",C74-IF(D74="",0,D74)) -> 0
A75: 46088 | B75: نعيم السراي للاضائة الحديثة | C75: 45000 | E75: =IF(C75="","",C75-IF(D75="",0,D75)) -> 45000
B76: اعلان مون لاين | C76: 600000 | D76: 450000 | E76: =IF(C76="","",C76-IF(D76="",0,D76)) -> 150000
B77: الابرار | C77: 30000 | E77: =IF(C77="","",C77-IF(D77="",0,D77)) -> 30000
A78: 46093 | B78: الابرار | C78: 374000 | E78: =IF(C78="","",C78-IF(D78="",0,D78)) -> 374000
A79: 46093 | B79: الابرار | C79: 300000 | E79: =IF(C79="","",C79-IF(D79="",0,D79)) -> 300000
A80: 46095 | B80: الخورة | C80: 50000 | E80: =IF(C80="","",C80-IF(D80="",0,D80)) -> 50000
A81: 46097 | B81: نعيم حديد | C81: 2320000 | D81: 1000000 | E81: =IF(C81="","",C81-IF(D81="",0,D81)) -> 1320000
A82: 46098 | B82: نعيم حديد | C82: 105000 | D82: 2345000 | E82: =IF(C82="","",C82-IF(D82="",0,D82)) -> -2240000
B83: حيدر محمد | C83: 5000 | E83: =IF(C83="","",C83-IF(D83="",0,D83)) -> 5000
B84: حيدر محمد | C84: 260000 | E84: =IF(C84="","",C84-IF(D84="",0,D84)) -> 260000
B85: خضر عبد الخالق | C85: 88500 | E85: =IF(C85="","",C85-IF(D85="",0,D85)) -> 88500
B86: عبود | C86: 10000 | E86: =IF(C86="","",C86-IF(D86="",0,D86)) -> 10000
B87: حسين سالم | C87: 206750 | E87: =IF(C87="","",C87-IF(D87="",0,D87)) -> 206750
A88: 46100 | B88: الابرار | C88: 385000 | E88: =IF(C88="","",C88-IF(D88="",0,D88)) -> 385000
B89: حيدر يافوز | C89: 353000 | E89: =IF(C89="","",C89-IF(D89="",0,D89)) -> 353000
B90: الابرار | C90: 47000 | D90: 2200000 | E90: =IF(C90="","",C90-IF(D90="",0,D90)) -> -2153000
E91: =IF(C91="","",C91-IF(D91="",0,D91))
E92: =IF(C92="","",C92-IF(D92="",0,D92))
E93: =IF(C93="","",C93-IF(D93="",0,D93))
E94: =IF(C94="","",C94-IF(D94="",0,D94))
E95: =IF(C95="","",C95-IF(D95="",0,D95))
E96: =IF(C96="","",C96-IF(D96="",0,D96))
E97: =IF(C97="","",C97-IF(D97="",0,D97))
E98: =IF(C98="","",C98-IF(D98="",0,D98))
E99: =IF(C99="","",C99-IF(D99="",0,D99))
E100: =IF(C100="","",C100-IF(D100="",0,D100))
E101: =IF(C101="","",C101-IF(D101="",0,D101))
E102: =IF(C102="","",C102-IF(D102="",0,D102))
... E1007: =IF(C1007="","",C1007-IF(D1007="",0,D1007))

Sheet الحركات
E1: =SUM(E4:E1007) -> 22343000 | F1: =SUM(F4:F1007) -> 21558000
A2: التاريخ | B2: نوع العملية | C2: =E1-F1 -> 785000 | D2: المبلغ بالدينار | E2: داخل | F2: خارج | G2: الصارف | H2: دفع | I2: الحركة اليومية للقاصة | J2: FALSE | K2: رقم المستند
A3: 46037 | B3: سند دفع | C3: سمنت مقاوم 100 . حصو + رمل 110 . جاي 5 | D3: 0 | E3: 0 | F3: 0 | G3: JOZYF | H3: 212000 | I3: 0 | K3: 1
A4: 46037 | B4: سلفة | C4: علي الباكستاني | D4: 0 | E4: 0 | F4: 0 | G4: JOZYF | H4: 10000 | I4: =I3+D4 -> 0
A5: 46038 | B5: سند دفع | C5: مبلغ تسديد الابرار | D5: 0 | E5: 0 | F5: 0 | G5: SIFE | H5: 2000000 | I5: =I4+D5 -> 0 | K5: 2
A6: 46039 | B6: سند دفع | C6: تسديد حساب فاتورة | D6: 0 | E6: 0 | F6: 0 | G6: SIFE | H6: 176000 | I6: =I5+D6 -> 0 | K6: 3
A7: 46039 | B7: سند دفع | C7: سلفف الى حسين من يوسف راتب حسين شهر 12 | D7: 0 | E7: 0 | F7: 0 | G7: JOZYF | H7: 1300000 | I7: =I6+D7 -> 0
A8: 46040 | B8: سند دفع | C8: تسديد نعيم | D8: 0 | E8: 0 | F8: 0 | G8: SIFE | H8: 1000000 | I8: =I7+D8 -> 0 | K8: 4
A9: 46041 | B9: سند دفع | C9: تسديد يوسف | D9: 0 | E9: 0 | F9: 0 | G9: SIFE | H9: 776000 | I9: =I8+D9 -> 0 | K9: 5
A10: 46041 | B10: سند قبض | C10: من سيف | D10: 2893000 | E10: 2893000 | F10: 0 | G10: SIFE | H10: 2893000 | I10: =I9+D10 -> 2893000
A11: 46041 | B11: سند صرف | C11: تصليح ماييكرو | D11: -30000 | E11: 0 | F11: 30000 | G11: HUSSEN | H11: 0 | I11: =I10+D11 -> 2863000 | K11: 22
A12: 46041 | B12: سند صرف | D12: -2000 | E12: 0 | F12: 2000 | G12: HUSSEN | H12: 0 | I12: =I11+D12 -> 2861000 | K12: 23
A13: 46041 | B13: سند صرف | C13: بانزين | D13: -10000 | E13: 0 | F13: 10000 | G13: HUSSEN | H13: 0 | I13: =I12+D13 -> 2851000 | K13: 24
A14: 46041 | B14: سند صرف | C14: تصليح مواد | D14: -60000 | E14: 0 | F14: 60000 | G14: HUSSEN | H14: 0 | I14: =I13+D14 -> 2791000 | K14: 25
A15: 46041 | B15: سند صرف | C15: اجرة | D15: -15000 | E15: 0 | F15: 15000 | G15: HUSSEN | H15: 0 | I15: =I14+D15 -> 2776000 | K15: 26
A16: 46041 | B16: سند صرف | C16: اجرة | D16: -7000 | E16: 0 | F16: 7000 | G16: HUSSEN | H16: 0 | I16: =I15+D16 -> 2769000 | K16: 27
A17: 46041 | B17: سلفة | C17: يافوز | D17: -5000 | E17: 0 | F17: 5000 | G17: HUSSEN | H17: 0 | I17: =I16+D17 -> 2764000 | K17: 30
A18: 46041 | B18: سند صرف | C18: براغي | D18: -5000 | E18: 0 | F18: 5000 | G18: HUSSEN | H18: 0 | I18: =I17+D18 -> 2759000 | K18: 31
A19: 46041 | B19: سند صرف | C19: تصليح مواد | D19: -60000 | E19: 0 | F19: 60000 | G19: HUSSEN | H19: 0 | I19: =I18+D19 -> 2699000 | K19: 52
A20: 46041 | B20: سلفة | C20: يافوز | D20: -5000 | E20: 0 | F20: 5000 | G20: HUSSEN | H20: 0 | I20: =I19+D20 -> 2694000 | K20: 56
A21: 46041 | B21: سلفة | C21: حسين سالم | D21: -5000 | E21: 0 | F21: 5000 | G21: HUSSEN | H21: 0 | I21: =I20+D21 -> 2689000 | K21: 51
A22: 46041 | B22: سلفة | C22: حسين سالم | D22: -25000 | E22: 0 | F22: 25000 | G22: HUSSEN | H22: 0 | I22: =I21+D22 -> 2664000 | K22: 53
A23: 46041 | B23: سلفة | C23: حيدر محمد | D23: -10000 | E23: 0 | F23: 10000 | G23: HUSSEN | H23: 0 | I23: =I22+D23 -> 2654000 | K23: 55
A24: 46041 | B24: سلفة | C24: حيدر محمد | D24: -10000 | E24: 0 | F24: 10000 | G24: HUSSEN | H24: 0 | I24: =I23+D24 -> 2644000 | K24: 29
... A74: 46054 | B74: سند دفع | C74: تسديد الابرار | D74: 0 | E74: 0 | F74: 0 | G74: SIFE | H74: 1000000 | I74: =I73+D74 -> 471500 | K74: 15
A75: 46054 | B75: سند دفع | C75: تسديد الابرار | D75: 0 | E75: 0 | F75: 0 | G75: SIFE | H75: 1000000 | I75: =I74+D75 -> 471500
A76: 46055 | B76: سلفة | C76: حيدر محمد | D76: -5000 | E76: 0 | F76: 5000 | G76: HUSSEN | H76: 0 | I76: =I75+D76 -> 466500 | K76: 87
A77: 46055 | B77: سند قبض | C77: صرف ورشه | D77: 1000000 | E77: 1000000 | F77: 0 | G77: SIFE | H77: 1000000 | I77: =I76+D77 -> 1466500 | K77: 48
A78: 46055 | B78: راتب | C78: حسين سالم | D78: -750000 | E78: 0 | F78: 750000 | G78: HUSSEN | H78: 0 | I78: =I77+D78 -> 716500 | K78: 80
A79: 46055 | B79: سلفة | C79: حسين سالم | D79: -5000 | E79: 0 | F79: 5000 | G79: HUSSEN | H79: 0 | I79: =I78+D79 -> 711500 | K79: 89
A80: 46055 | B80: سلفة | C80: حسين سالم | D80: -10000 | E80: 0 | F80: 10000 | G80: HUSSEN | H80: 0 | I80: =I79+D80 -> 701500 | K80: 92
A81: 46055 | B81: سند صرف | C81: اجرة الابرار | D81: -10000 | E81: 0 | F81: 10000 | G81: HUSSEN | H81: 0 | I81: =I80+D81 -> 691500 | K81: 16
A82: 46055 | B82: سند صرف | C82: اجرة | D82: -10000 | E82: 0 | F82: 10000 | G82: HUSSEN | H82: 0 | I82: =I81+D82 -> 681500 | K82: 76
A83: 46055 | B83: سند صرف | C83: اجرة | D83: -7000 | E83: 0 | F83: 7000 | G83: HUSSEN | H83: 0 | I83: =I82+D83 -> 674500 | K83: 77
A84: 46055 | B84: سند صرف | C84: جاي و شكر | D84: -5000 | E84: 0 | F84: 5000 | G84: HUSSEN | H84: 0 | I84: =I83+D84 -> 669500 | K84: 78
A85: 46055 | B85: سند صرف | C85: معجون | D85: -6000 | E85: 0 | F85: 6000 | G85: HUSSEN | H85: 0 | I85: =I84+D85 -> 663500 | K85: 79
A86: 46055 | B86: سند صرف | C86: اجرة حروف | D86: -40000 | E86: 0 | F86: 40000 | G86: HUSSEN | H86: 0 | I86: =I85+D86 -> 623500 | K86: 83
A87: 46055 | B87: سند صرف | C87: شركة | D87: -10000 | E87: 0 | F87: 10000 | G87: HUSSEN | H87: 0 | I87: =I86+D87 -> 613500 | K87: 90
... A166: 46063 | B166: سلفة | C166: غداء | D166: -10000 | E166: 0 | F166: 10000 | G166: HUSSEN | H166: 0 | I166: =I165+D166 -> -54500 | K166: 175
A167: 46063 | B167: سند دفع | C167: تسديد الابرار | D167: 0 | E167: 0 | F167: 0 | G167: SIFE | H167: 2000000 | I167: =I166+D167 -> -54500
A168: 46063 | B168: سلفة | C168: سجاد حديد | D168: -20000 | E168: 0 | F168: 20000 | G168: HUSSEN | H168: 0 | I168: =I167+D168 -> -74500 | K168: 174
A169: 46063 | B169: سلفة | C169: مصطفى عبد الخالق | D169: -10000 | E169: 0 | F169: 10000 | G169: HUSSEN | H169: 0 | I169: =I168+D169 -> -84500 | K169: 176
A170: 46064 | B170: سند صرف | C170: كهرباء | D170: -175000 | E170: 0 | F170: 175000 | G170: HUSSEN | H170: 0 | I170: =I169+D170 -> -259500 | K170: 177
A171: 46064 | B171: سند صرف | C171: براغي | D171: -5000 | E171: 0 | F171: 5000 | G171: HUSSEN | H171: 0 | I171: =I170+D171 -> -264500 | K171: 178
A172: 46064 | B172: سند صرف | C172: X | D172: -70000 | E172: 0 | F172: 70000 | G172: HUSSEN | H172: 0 | I172: =I171+D172 -> -334500 | K172: 179
A173: 46064 | B173: سند صرف | C173: حجر | D173: -5000 | E173: 0 | F173: 5000 | G173: HUSSEN | H173: 0 | I173: =I172+D173 -> -339500 | K173: 180
A174: 46065 | B174: سلفة | C174: حسين سالم | D174: -15000 | E174: 0 | F174: 15000 | G174: HUSSEN | H174: 0 | I174: =I173+D174 -> -354500 | K174: 186
A175: 46065 | B175: سند قبض | C175: صرف ورشه | D175: 1000000 | E175: 1000000 | F175: 0 | G175: SIFE | H175: 1000000 | I175: =I174+D175 -> 645500 | K175: 160
A176: 46065 | B176: سند صرف | C176: حجر | D176: -5000 | E176: 0 | F176: 5000 | G176: HUSSEN | H176: 0 | I176: =I175+D176 -> 640500 | K176: 183
A177: 46065 | B177: سند صرف | C177: غراض | D177: -5000 | E177: 0 | F177: 5000 | G177: HUSSEN | H177: 0 | I177: =I176+D177 -> 635500 | K177: 184
A178: 46065 | B178: سند صرف | C178: بانزين | D178: -10000 | E178: 0 | F178: 10000 | G178: HUSSEN | H178: 0 | I178: =I177+D178 -> 625500 | K178: 185
A179: 46065 | B179: سند صرف | C179: اغراض | D179: -40000 | E179: 0 | F179: 40000 | G179: HUSSEN | H179: 0 | I179: =I178+D179 -> 585500 | K179: 190
A180: 46065 | B180: سلفة | C180: غداء | D180: -50000 | E180: 0 | F180: 50000 | G180: HUSSEN | H180: 0 | I180: =I179+D180 -> 535500 | J180: FALSE | K180: 182
A181: 46065 | B181: سلفة | C181: غداء | D181: -30000 | E181: 0 | F181: 30000 | G181: HUSSEN | H181: 0 | I181: =I180+D181 -> 505500 | K181: 188
A182: 46065 | B182: سلفة | C182: يافوز | D182: -10000 | E182: 0 | F182: 10000 | G182: HUSSEN | H182: 0 | I182: =I181+D182 -> 495500 | K182: 187
A183: 46065 | B183: سلفة | C183: مصطفى عبد الخالق | D183: -80000 | E183: 0 | F183: 80000 | G183: HUSSEN | H183: 0 | I183: =I182+D183 -> 415500 | K183: 181
A184: 46065 | B184: سلفة | C184: يوسف احمد | D184: -5000 | E184: 0 | F184: 5000 | G184: HUSSEN | H184: 0 | I184: =I183+D184 -> 410500 | K184: 189
A185: 46068 | B185: سلفة | C185: حيدر محمد | D185: -5000 | E185: 0 | F185: 5000 | G185: HUSSEN | H185: 0 | I185: =I184+D185 -> 405500 | K185: 192
A186: 46068 | B186: راتب | C186: احمد امين | D186: -99824 | E186: 0 | F186: 99824 | G186: HUSSEN | H186: 0 | I186: =I185+D186 -> 305676 | K186: 42
A187: 46068 | B187: سلفة | C187: حسين سالم | D187: -60000 | E187: 0 | F187: 60000 | G187: HUSSEN | H187: 0 | I187: =I186+D187 -> 245676 | K187: 194
A188: 46068 | B188: سلفة | C188: حسين سالم | D188: -7000 | E188: 0 | F188: 7000 | G188: HUSSEN | H188: 0 | I188: =I187+D188 -> 238676
A189: 46068 | B189: سلفة | C189: حيدر محمد | D189: -2000 | E189: 0 | F189: 2000 | G189: HUSSEN | H189: 0 | I189: =I188+D189 -> 236676
A190: 46068 | B190: سلفة | C190: خضر | D190: -3000 | E190: 0 | F190: 3000 | G190: HUSSEN | H190: 0 | I190: =I189+D190 -> 233676 | K190: 196
A191: 46068 | B191: سلفة | C191: عبدالله هاشم | D191: -5000 | E191: 0 | F191: 5000 | G191: HUSSEN | H191: 0 | I191: =I190+D191 -> 228676 | K191: 193
A192: 46068 | B192: سند قبض | C192: صرف ورشه | D192: 500000 | E192: 500000 | F192: 0 | G192: SIFE | H192: 500000 | I192: =I191+D192 -> 728676 | K192: 11
A193: 46068 | B193: سلفة | C193: عشة | D193: -20000 | E193: 0 | F193: 20000 | G193: HUSSEN | H193: 0 | I193: =I192+D193 -> 708676
A194: 46068 | B194: شراء | C194: حديد | D194: -188000 | E194: 0 | F194: 188000 | G194: HUSSEN | H194: 0 | I194: =I193+D194 -> 520676 | K194: 43
A195: 46068 | B195: شراء | C195: جينكو | D195: -360000 | E195: 0 | F195: 360000 | G195: HUSSEN | H195: 0 | I195: =I194+D195 -> 160676 | K195: 44
A196: 46068 | B196: سند صرف | C196: اغراض | D196: -10000 | E196: 0 | F196: 10000 | G196: HUSSEN | H196: 0 | I196: =I195+D196 -> 150676 | K196: 195
A197: 46068 | B197: سند صرف | C197: تيب | D197: -2000 | E197: 0 | F197: 2000 | G197: HUSSEN | H197: 0 | I197: =I196+D197 -> 148676
A198: 46068 | B198: سند صرف | C198: سفرة | D198: -1000 | E198: 0 | F198: 1000 | G198: HUSSEN | H198: 0 | I198: =I197+D198 -> 147676
A199: 46068 | B199: سند صرف | C199: فرجة | D199: -2000 | E199: 0 | F199: 2000 | G199: HUSSEN | H199: 0 | I199: =I198+D199 -> 145676
A200: 46068 | B200: سند صرف | C200: جفوف | D200: -7000 | E200: 0 | F200: 7000 | G200: HUSSEN | H200: 0 | I200: =I199+D200 -> 138676
A201: 46068 | B201: سند صرف | C201: واير لحم | D201: -5000 | E201: 0 | F201: 5000 | G201: HUSSEN | H201: 0 | I201: =I200+D201 -> 133676
A202: 46068 | B202: سند صرف | C202: بانزين | D202: -15000 | E202: 0 | F202: 15000 | G202: HUSSEN | H202: 0 | I202: =I201+D202 -> 118676
A203: 46068 | B203: سند صرف | C203: اجرة | D203: -20000 | E203: 0 | F203: 20000 | G203: HUSSEN | H203: 0 | I203: =I202+D203 -> 98676
A204: 46068 | B204: سند صرف | C204: اجرة | D204: -5000 | E204: 0 | F204: 5000 | G204: HUSSEN | H204: 0 | I204: =I203+D204 -> 93676
A205: 46068 | B205: سند صرف | C205: اجرة | D205: -5000 | E205: 0 | F205: 5000 | G205: HUSSEN | H205: 0 | I205: =I204+D205 -> 88676
A206: 46068 | B206: سند صرف | C206: براغي | D206: -20000 | E206: 0 | F206: 20000 | G206: HUSSEN | H206: 0 | I206: =I205+D206 -> 68676
A207: 46068 | B207: سند صرف | C207: قفل | D207: -5000 | E207: 0 | F207: 5000 | G207: HUSSEN | H207: 0 | I207: =I206+D207 -> 63676
A208: 46068 | B208: سند صرف | C208: برينة | D208: -20000 | E208: 0 | F208: 20000 | G208: HUSSEN | H208: 0 | I208: =I207+D208 -> 43676
... A212: 46068 | B212: سلفة | C212: عبدالله هاشم | D212: -20000 | E212: 0 | F212: 20000 | G212: HUSSEN | H212: 0 | I212: =I211+D212 -> -61324
A213: 46068 | B213: راتب | C213: عبدللة عامر 2 | D213: -87222 | E213: 0 | F213: 87222 | G213: HUSSEN | H213: 0 | I213: =I212+D213 -> -148546 | K213: 45
A214: 46068 | B214: راتب | C214: علي رجاء 2 | D214: -36111 | E214: 0 | F214: 36111 | G214: HUSSEN | H214: 0 | I214: =I213+D214 -> -184657 | K214: 39
A215: 46068 | B215: راتب | C215: مصطفى عبد الخالق | D215: -95102 | E215: 0 | F215: 95102 | G215: HUSSEN | H215: 0 | I215: =I214+D215 -> -279759 | K215: 41
A216: 46068 | B216: سلفة | C216: يوسف احمد | D216: -20000 | E216: 0 | F216: 20000 | G216: HUSSEN | H216: 0 | I216: =I215+D216 -> -299759
A217: 46068 | B217: راتب | C217: يوسف احمد | D217: -230000 | E217: 0 | F217: 230000 | G217: HUSSEN | H217: 0 | I217: =I216+D217 -> -529759 | K217: 40
A218: 46069 | B218: سلفة | C218: حسين سالم | D218: -300000 | E218: 0 | F218: 300000 | G218: HUSSEN | H218: 0 | I218: =I217+D218 -> -829759
A219: 46069 | B219: سند قبض | C219: صرف ورشه | D219: 500000 | E219: 500000 | F219: 0 | G219: SIFE | H219: 500000 | I219: =I218+D219 -> -329759 | K219: 12
A220: 46069 | B220: سند صرف | C220: عشة | D220: -25000 | E220: 0 | F220: 25000 | G220: HUSSEN | H220: 0 | I220: =I219+D220 -> -354759
A221: 46069 | B221: سند صرف | C221: اجرة | D221: -3500 | E221: 0 | F221: 3500 | G221: HUSSEN | H221: 0 | I221: =I220+D221 -> -358259
A222: 46069 | B222: سلفة | C222: محمد حسين الحداد | D222: -5000 | E222: 0 | F222: 5000 | G222: HUSSEN | H222: 0 | I222: =I221+D222 -> -363259
A223: 46070 | B223: سلفة | C223: حيدر محمد | D223: -25000 | E223: 0 | F223: 25000 | G223: HUSSEN | H223: 0 | I223: =I222+D223 -> -388259
A224: 46070 | B224: سلفة | C224: عشة | D224: -20000 | E224: 0 | F224: 20000 | G224: HUSSEN | H224: 0 | I224: =I223+D224 -> -408259
A225: 46070 | B225: سلفة | C225: غداء | D225: -45000 | E225: 0 | F225: 45000 | G225: HUSSEN | H225: 0 | I225: =I224+D225 -> -453259
A226: 46070 | B226: سند قبض | C226: صرف ورشه | D226: 200000 | E226: 200000 | F226: 0 | G226: SIFE | H226: 200000 | I226: =I225+D226 -> -253259 | K226: 13
A227: 46070 | B227: سند دفع | C227: يافوز من سيف | D227: 0 | E227: 0 | F227: 0 | G227: SIFE | H227: 50000 | I227: =I226+D227 -> -253259
A228: 46070 | B228: سند صرف | C228: بروش | D228: -7000 | E228: 0 | F228: 7000 | G228: HUSSEN | H228: 0 | I228: =I227+D228 -> -260259
A229: 46070 | B229: سند صرف | C229: اجؤة | D229: -10000 | E229: 0 | F229: 10000 | G229: HUSSEN | H229: 0 | I229: =I228+D229 -> -270259
A230: 46070 | B230: سند صرف | C230: هياب | D230: -150000 | E230: 0 | F230: 150000 | G230: HUSSEN | H230: 0 | I230: =I229+D230 -> -420259
...

Sheet واردات
A1: المجموع | B1: المدفوع | C1: المتبقي
A2: =sum(B4:B14) -> 57450000 | B2: =SUMIFS('الحركات'!H:H,'الحركات'!G:G,"SIFE") -> 38610000 | C2: =SUM(B4:B14)-B2 -> 18840000
A3: التاريخ | B3: واردات مشاريع | C3: المصدر
A4: 46053 | B4: 30000000 | C4: بلدية البصرة
A5: 46054 | B5: 500000 | C5: متبقي الميز الرصاصي
A6: 46081 | B6: 20000000 | C6: بلدية البصرة
A7: 46106 | B7: 5225000 | C7: اكاديمية ياس التعليميه
A8: 46109 | B8: 1725000 | C8: متبقي فايبر اكس

Sheet حضور 
A1: الاسم | B1: التأريخ | C1: اليوم | D1: الراتب الاسمي | E1: دخول | F1: خروج | G1: ساعات حضور | H1: ايام حضور | I1: سعر الساعة | J1: غرامات | K1: السلفة | L1: مكافئات | M1: الراتب اليومي
A2: خضر عبد الخالق | B2: 46011 | C2: 46011 | D2: 650000 | E2: 0.33333333 | F2: 0.83333333 | G2: =IF(AND(E2<>"",F2<>""),(F2-E2)*24,"") -> 12 | H2: =IF(A2<>"",1,"") -> 1 | I2: =D2/30/9 -> 2407.4074 | M2: =G2*I2 -> 28888.889
A3: خضر عبد الخالق | B3: 46012 | C3: 46012 | D3: 650000 | E3: 0.33333333 | F3: 0.70833333 | G3: =IF(AND(E3<>"",F3<>""),(F3-E3)*24,"") -> 9 | H3: =IF(A3<>"",1,"") -> 1 | I3: =D3/30/9 -> 2407.4074 | M3: =G3*I3 -> 21666.667
A4: خضر عبد الخالق | B4: 46013 | C4: 46013 | D4: 650000 | E4: 0.33333333 | F4: 0.70833333 | G4: =IF(AND(E4<>"",F4<>""),(F4-E4)*24,"") -> 9 | H4: =IF(A4<>"",1,"") -> 1 | I4: =D4/30/9 -> 2407.4074 | M4: =G4*I4 -> 21666.667
A5: خضر عبد الخالق | B5: 46014 | C5: 46014 | D5: 650000 | E5: 0.33333333 | F5: 0.70833333 | G5: =IF(AND(E5<>"",F5<>""),(F5-E5)*24,"") -> 9 | H5: =IF(A5<>"",1,"") -> 1 | I5: =D5/30/9 -> 2407.4074 | M5: =G5*I5 -> 21666.667
A6: خضر عبد الخالق | B6: 46015 | C6: 46015 | D6: 650000 | E6: 0.33333333 | F6: 0.70833333 | G6: =IF(AND(E6<>"",F6<>""),(F6-E6)*24,"") -> 9 | H6: =IF(A6<>"",1,"") -> 1 | I6: =D6/30/9 -> 2407.4074 | M6: =G6*I6 -> 21666.667
A7: خضر عبد الخالق | B7: 46016 | C7: 46016 | D7: 650000 | E7: 0.33333333 | F7: 0.70833333 | G7: =IF(AND(E7<>"",F7<>""),(F7-E7)*24,"") -> 9 | H7: =IF(A7<>"",1,"") -> 1 | I7: =D7/30/9 -> 2407.4074 | M7: =G7*I7 -> 21666.667
A8: خضر عبد الخالق | B8: 46018 | C8: 46018 | D8: 650000 | E8: 0.33333333 | F8: 0.70833333 | G8: =IF(AND(E8<>"",F8<>""),(F8-E8)*24,"") -> 9 | H8: =IF(A8<>"",1,"") -> 1 | I8: =D8/30/9 -> 2407.4074 | M8: =G8*I8 -> 21666.667
A9: خضر عبد الخالق | B9: 46019 | C9: 46019 | D9: 650000 | E9: 0.33333333 | F9: 0.70833333 | G9: =IF(AND(E9<>"",F9<>""),(F9-E9)*24,"") -> 9 | H9: =IF(A9<>"",1,"") -> 1 | I9: =D9/30/9 -> 2407.4074 | M9: =G9*I9 -> 21666.667
A10: خضر عبد الخالق | B10: 46020 | C10: 46020 | D10: 650000 | E10: 0.33333333 | F10: 0.83333333 | G10: =IF(AND(E10<>"",F10<>""),(F10-E10)*24,"") -> 12 | H10: =IF(A10<>"",1,"") -> 1 | I10: =D10/30/9 -> 2407.4074 | M10: =G10*I10 -> 28888.889
A11: خضر عبد الخالق | B11: 46021 | C11: 46021 | D11: 650000 | E11: 0.33333333 | F11: 0.70833333 | G11: =IF(AND(E11<>"",F11<>""),(F11-E11)*24,"") -> 9 | H11: =IF(A11<>"",1,"") -> 1 | I11: =D11/30/9 -> 2407.4074 | M11: =G11*I11 -> 21666.667
A12: خضر عبد الخالق | B12: 46022 | C12: 46022 | D12: 650000 | E12: 0.375 | F12: 0.70833333 | G12: =IF(AND(E12<>"",F12<>""),(F12-E12)*24,"") -> 8 | H12: =IF(A12<>"",1,"") -> 1 | I12: =D12/30/9 -> 2407.4074 | M12: =G12*I12 -> 19259.259
A13: حيدر المحاسب | B13: 46023 | C13: 46023 | D13: 350000 | E13: 0.33333333 | F13: 0.70833333 | G13: =IF(AND(E13<>"",F13<>""),(F13-E13)*24,"") -> 9 | H13: =IF(A13<>"",1,"") -> 1 | I13: =D13/30/9 -> 1296.2963 | M13: =G13*I13 -> 11666.667
A14: علي الباكستاني | B14: 46023 | C14: 46023 | D14: 500000 | E14: 0.33333333 | F14: 0.70833333 | G14: =IF(AND(E14<>"",F14<>""),(F14-E14)*24,"") -> 9 | H14: =IF(A14<>"",1,"") -> 1 | I14: =D14/26/9 -> 2136.7521 | M14: =G14*I14 -> 19230.769
A15: خضر عبد الخالق | B15: 46024 | C15: 46024 | D15: 650000 | E15: 0.75 | F15: 0.83333333 | G15: =IF(AND(E15<>"",F15<>""),(F15-E15)*24,"") -> 2 | H15: =IF(A15<>"",1,"") -> 1 | I15: =D15/30/9 -> 2407.4074 | M15: =G15*I15 -> 4814.8148
A16: علي الباكستاني | B16: 46024 | C16: 46024 | D16: 500000 | E16: 0.33333333 | F16: 0.70833333 | G16: =IF(AND(E16<>"",F16<>""),(F16-E16)*24,"") -> 9 | H16: =IF(A16<>"",1,"") -> 1 | I16: =D16/26/9 -> 2136.7521 | M16: =G16*I16 -> 19230.769
A17: حسين سالم | B17: 46025 | C17: 46025 | D17: 850000 | E17: 0.55694444 | F17: 0.87291667 | G17: =IF(AND(E17<>"",F17<>""),(F17-E17)*24,"") -> 7.5833333 | H17: =IF(A17<>"",1,"") -> 1 | I17: =D17/30/9 -> 3148.1481 | M17: =G17*I17 -> 23873.457
A18: حيدر يافوز | B18: 46025 | C18: 46025 | D18: 550000 | E18: 0.36805556 | F18: 0.92222222 | G18: =IF(AND(E18<>"",F18<>""),(F18-E18)*24,"") -> 13.3 | H18: =IF(A18<>"",1,"") -> 1 | I18: =D18/30/9 -> 2037.037 | K18: 43000 | M18: =G18*I18 -> 27092.593
A19: خضر عبد الخالق | B19: 46025 | C19: 46025 | D19: 650000 | E19: 0.33333333 | F19: 0.70833333 | G19: =IF(AND(E19<>"",F19<>""),(F19-E19)*24,"") -> 9 | H19: =IF(A19<>"",1,"") -> 1 | I19: =D19/30/9 -> 2407.4074 | M19: =G19*I19 -> 21666.667
A20: حيدر المحاسب | B20: 46025 | C20: 46025 | D20: 350000 | E20: 0.33333333 | F20: 0.70833333 | G20: =IF(AND(E20<>"",F20<>""),(F20-E20)*24,"") -> 9 | H20: =IF(A20<>"",1,"") -> 1 | I20: =D20/30/9 -> 1296.2963 | M20: =G20*I20 -> 11666.667
A21: علي الباكستاني | B21: 46025 | C21: 46025 | D21: 500000 | E21: 0.33333333 | F21: 0.70833333 | G21: =IF(AND(E21<>"",F21<>""),(F21-E21)*24,"") -> 9 | H21: =IF(A21<>"",1,"") -> 1 | I21: =D21/26/9 -> 2136.7521 | M21: =G21*I21 -> 19230.769
A22: حسين سالم | B22: 46026 | C22: 46026 | D22: 850000 | E22: 0.47152778 | F22: 0.92986111 | G22: =IF(AND(E22<>"",F22<>""),(F22-E22)*24,"") -> 11 | H22: =IF(A22<>"",1,"") -> 1 | I22: =D22/30/9 -> 3148.1481 | M22: =G22*I22 -> 34629.63
A23: حيدر يافوز | B23: 46026 | C23: 46026 | D23: 550000 | E23: 0.40972222 | F23: 0.92222222 | G23: =IF(AND(E23<>"",F23<>""),(F23-E23)*24,"") -> 12.3 | H23: =IF(A23<>"",1,"") -> 1 | I23: =D23/30/9 -> 2037.037 | K23: 80000 | M23: =G23*I23 -> 25055.556
A24: خضر عبد الخالق | B24: 46026 | C24: 46026 | D24: 650000 | E24: 0.33333333 | F24: 0.70833333 | G24: =IF(AND(E24<>"",F24<>""),(F24-E24)*24,"") -> 9 | H24: =IF(A24<>"",1,"") -> 1 | I24: =D24/30/9 -> 2407.4074 | M24: =G24*I24 -> 21666.667
A25: حيدر المحاسب | B25: 46026 | C25: 46026 | D25: 350000 | E25: 0.33333333 | F25: 0.70833333 | G25: =IF(AND(E25<>"",F25<>""),(F25-E25)*24,"") -> 9 | H25: =IF(A25<>"",1,"") -> 1 | I25: =D25/30/9 -> 1296.2963 | M25: =G25*I25 -> 11666.667
A26: علي الباكستاني | B26: 46026 | C26: 46026 | D26: 500000 | E26: 0.33333333 | F26: 0.70833333 | G26: =IF(AND(E26<>"",F26<>""),(F26-E26)*24,"") -> 9 | H26: =IF(A26<>"",1,"") -> 1 | I26: =D26/26/9 -> 2136.7521 | M26: =G26*I26 -> 19230.769
A27: حسين سالم | B27: 46027 | C27: 46027 | D27: 850000 | E27: 0.33333333 | F27: 0.8 | G27: =IF(AND(E27<>"",F27<>""),(F27-E27)*24,"") -> 11.2 | H27: =IF(A27<>"",1,"") -> 1 | I27: =D27/30/9 -> 3148.1481 | M27: =G27*I27 -> 35259.259
A28: حيدر يافوز | B28: 46027 | C28: 46027 | D28: 550000 | E28: 0.33333333 | F28: 0.70833333 | G28: =IF(AND(E28<>"",F28<>""),(F28-E28)*24,"") -> 9 | H28: =IF(A28<>"",1,"") -> 1 | I28: =D28/30/9 -> 2037.037 | K28: 10000 | M28: =G28*I28 -> 18333.333
A29: خضر عبد الخالق | B29: 46027 | C29: 46027 | D29: 650000 | E29: 0.33333333 | F29: 0.8125 | G29: =IF(AND(E29<>"",F29<>""),(F29-E29)*24,"") -> 11.5 | H29: =IF(A29<>"",1,"") -> 1 | I29: =D29/30/9 -> 2407.4074 | M29: =G29*I29 -> 27685.185
A30: حيدر المحاسب | B30: 46027 | C30: 46027 | D30: 350000 | E30: 0.33333333 | F30: 0.70833333 | G30: =IF(AND(E30<>"",F30<>""),(F30-E30)*24,"") -> 9 | H30: =IF(A30<>"",1,"") -> 1 | I30: =D30/30/9 -> 1296.2963 | M30: =G30*I30 -> 11666.667
A31: علي الباكستاني | B31: 46027 | C31: 46027 | D31: 500000 | E31: 0.33333333 | F31: 0.70833333 | G31: =IF(AND(E31<>"",F31<>""),(F31-E31)*24,"") -> 9 | H31: =IF(A31<>"",1,"") -> 1 | I31: =D31/26/9 -> 2136.7521 | M31: =G31*I31 -> 19230.769
A32: حسين سالم | B32: 46028 | C32: 46028 | D32: 850000 | E32: 0.44583333 | F32: 0.92222222 | G32: =IF(AND(E32<>"",F32<>""),(F32-E32)*24,"") -> 11.433333 | H32: =IF(A32<>"",1,"") -> 1 | I32: =D32/30/9 -> 3148.1481 | M32: =G32*I32 -> 35993.827
A33: حيدر يافوز | B33: 46028 | C33: 46028 | D33: 550000 | E33: 0.33333333 | F33: 0.70833333 | G33: =IF(AND(E33<>"",F33<>""),(F33-E33)*24,"") -> 9 | H33: =IF(A33<>"",1,"") -> 1 | I33: =D33/30/9 -> 2037.037 | K33: 85000 | M33: =G33*I33 -> 18333.333
A34: حيدر المحاسب | B34: 46028 | C34: 46028 | D34: 350000 | E34: 0.33333333 | F34: 0.70833333 | G34: =IF(AND(E34<>"",F34<>""),(F34-E34)*24,"") -> 9 | H34: =IF(A34<>"",1,"") -> 1 | I34: =D34/30/9 -> 1296.2963 | M34: =G34*I34 -> 11666.667
A35: علي الباكستاني | B35: 46028 | C35: 46028 | D35: 500000 | E35: 0.33333333 | F35: 0.70833333 | G35: =IF(AND(E35<>"",F35<>""),(F35-E35)*24,"") -> 9 | H35: =IF(A35<>"",1,"") -> 1 | I35: =D35/26/9 -> 2136.7521 | M35: =G35*I35 -> 19230.769
A36: حسين سالم | B36: 46029 | C36: 46029 | D36: 850000 | E36: 0.34583333 | F36: 0.92222222 | G36: =IF(AND(E36<>"",F36<>""),(F36-E36)*24,"") -> 13.833333 | H36: =IF(A36<>"",1,"") -> 1 | I36: =D36/30/9 -> 3148.1481 | M36: =G36*I36 -> 43549.383
A37: حيدر يافوز | B37: 46029 | C37: 46029 | D37: 550000 | E37: 0.33333333 | F37: 0.70833333 | G37: =IF(AND(E37<>"",F37<>""),(F37-E37)*24,"") -> 9 | H37: =IF(A37<>"",1,"") -> 1 | I37: =D37/30/9 -> 2037.037 | K37: 105000 | M37: =G37*I37 -> 18333.333
A38: خضر عبد الخالق | B38: 46029 | C38: 46029 | D38: 650000 | E38: 0.33333333 | F38: 0.70833333 | G38: =IF(AND(E38<>"",F38<>""),(F38-E38)*24,"") -> 9 | H38: =IF(A38<>"",1,"") -> 1 | I38: =D38/30/9 -> 2407.4074 | M38: =G38*I38 -> 21666.667
A39: حيدر المحاسب | B39: 46029 | C39: 46029 | D39: 350000 | E39: 0.33333333 | F39: 0.70833333 | G39: =IF(AND(E39<>"",F39<>""),(F39-E39)*24,"") -> 9 | H39: =IF(A39<>"",1,"") -> 1 | I39: =D39/30/9 -> 1296.2963 | M39: =G39*I39 -> 11666.667
A40: علي الباكستاني | B40: 46029 | C40: 46029 | D40: 500000 | E40: 0.33333333 | F40: 0.70833333 | G40: =IF(AND(E40<>"",F40<>""),(F40-E40)*24,"") -> 9 | H40: =IF(A40<>"",1,"") -> 1 | I40: =D40/26/9 -> 2136.7521 | M40: =G40*I40 -> 19230.769
A41: حسين سالم | B41: 46030 | C41: 46030 | D41: 850000 | E41: 0.38819444 | F41: 0.70833333 | G41: =IF(AND(E41<>"",F41<>""),(F41-E41)*24,"") -> 7.6833333 | H41: =IF(A41<>"",1,"") -> 1 | I41: =D41/30/9 -> 3148.1481 | M41: =G41*I41 -> 24188.272
A42: حيدر يافوز | B42: 46030 | C42: 46030 | D42: 550000 | E42: 0.33333333 | F42: 0.70833333 | G42: =IF(AND(E42<>"",F42<>""),(F42-E42)*24,"") -> 9 | H42: =IF(A42<>"",1,"") -> 1 | I42: =D42/30/9 -> 2037.037 | K42: 5000 | M42: =G42*I42 -> 18333.333
A43: حيدر المحاسب | B43: 46030 | C43: 46030 | D43: 350000 | E43: 0.33333333 | F43: 0.70833333 | G43: =IF(AND(E43<>"",F43<>""),(F43-E43)*24,"") -> 9 | H43: =IF(A43<>"",1,"") -> 1 | I43: =D43/30/9 -> 1296.2963 | M43: =G43*I43 -> 11666.667
A44: علي الباكستاني | B44: 46030 | C44: 46030 | D44: 500000 | E44: 0.33333333 | F44: 0.70833333 | G44: =IF(AND(E44<>"",F44<>""),(F44-E44)*24,"") -> 9 | H44: =IF(A44<>"",1,"") -> 1 | I44: =D44/26/9 -> 2136.7521 | M44: =G44*I44 -> 19230.769
A45: حسين سالم | B45: 46031 | C45: 46031 | D45: 850000 | E45: 0.33333333 | F45: 0.70833333 | G45: =IF(AND(E45<>"",F45<>""),(F45-E45)*24,"") -> 9 | H45: =IF(A45<>"",1,"") -> 1 | I45: =D45/30/9 -> 3148.1481 | M45: =G45*I45 -> 28333.333
A46: حيدر يافوز | B46: 46031 | C46: 46031 | D46: 550000 | E46: 0.33333333 | F46: 0.70833333 | G46: =IF(AND(E46<>"",F46<>""),(F46-E46)*24,"") -> 9 | H46: =IF(A46<>"",1,"") -> 1 | I46: =D46/30/9 -> 2037.037 | K46: 25000 | M46: =G46*I46 -> 18333.333
A47: حيدر المحاسب | B47: 46031 | C47: 46031 | D47: 350000 | E47: 0.33333333 | F47: 0.70833333 | G47: =IF(AND(E47<>"",F47<>""),(F47-E47)*24,"") -> 9 | H47: =IF(A47<>"",1,"") -> 1 | I47: =D47/30/9 -> 1296.2963 | M47: =G47*I47 -> 11666.667
A48: علي الباكستاني | B48: 46031 | C48: 46031 | D48: 500000 | E48: 0.33333333 | F48: 0.70833333 | G48: =IF(AND(E48<>"",F48<>""),(F48-E48)*24,"") -> 9 | H48: =IF(A48<>"",1,"") -> 1 | I48: =D48/26/9 -> 2136.7521 | M48: =G48*I48 -> 19230.769
A49: حسين سالم | B49: 46032 | C49: 46032 | D49: 850000 | E49: 0.33333333 | F49: 0.70833333 | G49: =IF(AND(E49<>"",F49<>""),(F49-E49)*24,"") -> 9 | H49: =IF(A49<>"",1,"") -> 1 | I49: =D49/30/9 -> 3148.1481 | M49: =G49*I49 -> 28333.333
A50: حيدر يافوز | B50: 46032 | C50: 46032 | D50: 550000 | E50: 0.33333333 | F50: 0.70833333 | G50: =IF(AND(E50<>"",F50<>""),(F50-E50)*24,"") -> 9 | H50: =IF(A50<>"",1,"") -> 1 | I50: =D50/30/9 -> 2037.037 | M50: =G50*I50 -> 18333.333
A51: حيدر المحاسب | B51: 46032 | C51: 46032 | D51: 350000 | E51: 0.33333333 | F51: 0.70833333 | G51: =IF(AND(E51<>"",F51<>""),(F51-E51)*24,"") -> 9 | H51: =IF(A51<>"",1,"") -> 1 | I51: =D51/30/9 -> 1296.2963 | M51: =G51*I51 -> 11666.667
A52: علي الباكستاني | B52: 46032 | C52: 46032 | D52: 500000 | E52: 0.33333333 | F52: 0.70833333 | G52: =IF(AND(E52<>"",F52<>""),(F52-E52)*24,"") -> 9 | H52: =IF(A52<>"",1,"") -> 1 | I52: =D52/26/9 -> 2136.7521 | M52: =G52*I52 -> 19230.769
A53: حسين سالم | B53: 46033 | C53: 46033 | D53: 850000 | E53: 0.33333333 | F53: 0.70833333 | G53: =IF(AND(E53<>"",F53<>""),(F53-E53)*24,"") -> 9 | H53: =IF(A53<>"",1,"") -> 1 | I53: =D53/30/9 -> 3148.1481 | M53: =G53*I53 -> 28333.333
A54: حيدر يافوز | B54: 46033 | C54: 46033 | D54: 550000 | E54: 0.33333333 | F54: 0.70833333 | G54: =IF(AND(E54<>"",F54<>""),(F54-E54)*24,"") -> 9 | H54: =IF(A54<>"",1,"") -> 1 | I54: =D54/30/9 -> 2037.037 | M54: =G54*I54 -> 18333.333
A55: حيدر المحاسب | B55: 46033 | C55: 46033 | D55: 350000 | E55: 0.33333333 | F55: 0.70833333 | G55: =IF(AND(E55<>"",F55<>""),(F55-E55)*24,"") -> 9 | H55: =IF(A55<>"",1,"") -> 1 | I55: =D55/30/9 -> 1296.2963 | M55: =G55*I55 -> 11666.667
A56: علي الباكستاني | B56: 46033 | C56: 46033 | D56: 500000 | E56: 0.33333333 | F56: 0.70833333 | G56: =IF(AND(E56<>"",F56<>""),(F56-E56)*24,"") -> 9 | H56: =IF(A56<>"",1,"") -> 1 | I56: =D56/26/9 -> 2136.7521 | M56: =G56*I56 -> 19230.769
A57: حسين سالم | B57: 46034 | C57: 46034 | D57: 850000 | E57: 0.33333333 | F57: 0.70833333 | G57: =IF(AND(E57<>"",F57<>""),(F57-E57)*24,"") -> 9 | H57: =IF(A57<>"",1,"") -> 1 | I57: =D57/30/9 -> 3148.1481 | M57: =G57*I57 -> 28333.333
A58: حيدر يافوز | B58: 46034 | C58: 46034 | D58: 550000 | E58: 0.33333333 | F58: 0.70833333 | G58: =IF(AND(E58<>"",F58<>""),(F58-E58)*24,"") -> 9 | H58: =IF(A58<>"",1,"") -> 1 | I58: =D58/30/9 -> 2037.037 | M58: =G58*I58 -> 18333.333
A59: حيدر المحاسب | B59: 46034 | C59: 46034 | D59: 350000 | E59: 0.33333333 | F59: 0.70833333 | G59: =IF(AND(E59<>"",F59<>""),(F59-E59)*24,"") -> 9 | H59: =IF(A59<>"",1,"") -> 1 | I59: =D59/30/9 -> 1296.2963 | M59: =G59*I59 -> 11666.667
A60: علي الباكستاني | B60: 46034 | C60: 46034 | D60: 500000 | E60: 0.33333333 | F60: 0.70833333 | G60: =IF(AND(E60<>"",F60<>""),(F60-E60)*24,"") -> 9 | H60: =IF(A60<>"",1,"") -> 1 | I60: =D60/26/9 -> 2136.7521 | M60: =G60*I60 -> 19230.769
A61: حسين سالم | B61: 46035 | C61: 46035 | D61: 850000 | E61: 0.33333333 | F61: 0.70833333 | G61: =IF(AND(E61<>"",F61<>""),(F61-E61)*24,"") -> 9 | H61: =IF(A61<>"",1,"") -> 1 | I61: =D61/30/9 -> 3148.1481 | M61: =G61*I61 -> 28333.333
A62: حيدر يافوز | B62: 46035 | C62: 46035 | D62: 550000 | E62: 0.33333333 | F62: 0.70833333 | G62: =IF(AND(E62<>"",F62<>""),(F62-E62)*24,"") -> 9 | H62: =IF(A62<>"",1,"") -> 1 | I62: =D62/30/9 -> 2037.037 | M62: =G62*I62 -> 18333.333
A63: حيدر المحاسب | B63: 46035 | C63: 46035 | D63: 350000 | E63: 0.33333333 | F63: 0.70833333 | G63: =IF(AND(E63<>"",F63<>""),(F63-E63)*24,"") -> 9 | H63: =IF(A63<>"",1,"") -> 1 | I63: =D63/30/9 -> 1296.2963 | M63: =G63*I63 -> 11666.667
A64: علي الباكستاني | B64: 46035 | C64: 46035 | D64: 500000 | E64: 0.33333333 | F64: 0.70833333 | G64: =IF(AND(E64<>"",F64<>""),(F64-E64)*24,"") -> 9 | H64: =IF(A64<>"",1,"") -> 1 | I64: =D64/26/9 -> 2136.7521 | M64: =G64*I64 -> 19230.769
A65: حسين سالم | B65: 46036 | C65: 46036 | D65: 850000 | E65: 0.33333333 | F65: 0.70833333 | G65: =IF(AND(E65<>"",F65<>""),(F65-E65)*24,"") -> 9 | H65: =IF(A65<>"",1,"") -> 1 | I65: =D65/30/9 -> 3148.1481 | M65: =G65*I65 -> 28333.333
A66: حيدر يافوز | B66: 46036 | C66: 46036 | D66: 550000 | E66: 0.33333333 | F66: 0.70833333 | G66: =IF(AND(E66<>"",F66<>""),(F66-E66)*24,"") -> 9 | H66: =IF(A66<>"",1,"") -> 1 | I66: =D66/30/9 -> 2037.037 | M66: =G66*I66 -> 18333.333
A67: حيدر المحاسب | B67: 46036 | C67: 46036 | D67: 350000 | E67: 0.33333333 | F67: 0.70833333 | G67: =IF(AND(E67<>"",F67<>""),(F67-E67)*24,"") -> 9 | H67: =IF(A67<>"",1,"") -> 1 | I67: =D67/30/9 -> 1296.2963 | K67: 183000 | M67: =G67*I67 -> 11666.667
A68: علي الباكستاني | B68: 46036 | C68: 46036 | D68: 500000 | E68: 0.33333333 | F68: 0.70833333 | G68: =IF(AND(E68<>"",F68<>""),(F68-E68)*24,"") -> 9 | H68: =IF(A68<>"",1,"") -> 1 | I68: =D68/26/9 -> 2136.7521 | M68: =G68*I68 -> 19230.769
A69: حسين سالم | B69: 46037 | C69: 46037 | D69: 850000 | E69: 0.33333333 | F69: 0.70833333 | G69: =IF(AND(E69<>"",F69<>""),(F69-E69)*24,"") -> 9 | H69: =IF(A69<>"",1,"") -> 1 | I69: =D69/30/9 -> 3148.1481 | M69: =G69*I69 -> 28333.333
A70: حيدر يافوز | B70: 46037 | C70: 46037 | D70: 550000 | E70: 0.33333333 | F70: 0.70833333 | G70: =IF(AND(E70<>"",F70<>""),(F70-E70)*24,"") -> 9 | H70: =IF(A70<>"",1,"") -> 1 | I70: =D70/30/9 -> 2037.037 | M70: =G70*I70 -> 18333.333
A71: حيدر المحاسب | B71: 46037 | C71: 46037 | D71: 350000 | E71: 0.33333333 | F71: 0.70833333 | G71: =IF(AND(E71<>"",F71<>""),(F71-E71)*24,"") -> 9 | H71: =IF(A71<>"",1,"") -> 1 | I71: =D71/30/9 -> 1296.2963 | M71: =G71*I71 -> 11666.667
A72: علي الباكستاني | B72: 46037 | C72: 46037 | D72: 500000 | E72: 0.33333333 | F72: 0.70833333 | G72: =IF(AND(E72<>"",F72<>""),(F72-E72)*24,"") -> 9 | H72: =IF(A72<>"",1,"") -> 1 | I72: =D72/26/9 -> 2136.7521 | M72: =G72*I72 -> 19230.769
A73: حسين سالم | B73: 46038 | C73: 46038 | D73: 850000 | E73: 0.33333333 | F73: 0.70833333 | G73: =IF(AND(E73<>"",F73<>""),(F73-E73)*24,"") -> 9 | H73: =IF(A73<>"",1,"") -> 1 | I73: =D73/30/9 -> 3148.1481 | M73: =G73*I73 -> 28333.333
A74: حيدر يافوز | B74: 46038 | C74: 46038 | D74: 550000 | E74: 0.33333333 | F74: 0.70833333 | G74: =IF(AND(E74<>"",F74<>""),(F74-E74)*24,"") -> 9 | H74: =IF(A74<>"",1,"") -> 1 | I74: =D74/30/9 -> 2037.037 | M74: =G74*I74 -> 18333.333
A75: حيدر المحاسب | B75: 46038 | C75: 46038 | D75: 350000 | E75: 0.33333333 | F75: 0.70833333 | G75: =IF(AND(E75<>"",F75<>""),(F75-E75)*24,"") -> 9 | H75: =IF(A75<>"",1,"") -> 1 | I75: =D75/30/9 -> 1296.2963 | M75: =G75*I75 -> 11666.667
A76: علي الباكستاني | B76: 46038 | C76: 46038 | D76: 500000 | E76: 0.33333333 | F76: 0.70833333 | G76: =IF(AND(E76<>"",F76<>""),(F76-E76)*24,"") -> 9 | H76: =IF(A76<>"",1,"") -> 1 | I76: =D76/26/9 -> 2136.7521 | M76: =G76*I76 -> 19230.769
A77: حسين سالم | B77: 46039 | C77: 46039 | D77: 850000 | E77: 0.33333333 | F77: 0.70833333 | G77: =IF(AND(E77<>"",F77<>""),(F77-E77)*24,"") -> 9 | H77: =IF(A77<>"",1,"") -> 1 | I77: =D77/30/9 -> 3148.1481 | M77: =G77*I77 -> 28333.333
A78: حيدر يافوز | B78: 46039 | C78: 46039 | D78: 550000 | E78: 0.33333333 | F78: 0.70833333 | G78: =IF(AND(E78<>"",F78<>""),(F78-E78)*24,"") -> 9 | H78: =IF(A78<>"",1,"") -> 1 | I78: =D78/30/9 -> 2037.037 | M78: =G78*I78 -> 18333.333
A79: حيدر المحاسب | B79: 46039 | C79: 46039 | D79: 350000 | E79: 0.33333333 | F79: 0.70833333 | G79: =IF(AND(E79<>"",F79<>""),(F79-E79)*24,"") -> 9 | H79: =IF(A79<>"",1,"") -> 1 | I79: =D79/30/9 -> 1296.2963 | M79: =G79*I79 -> 11666.667
A80: علي الباكستاني | B80: 46039 | C80: 46039 | D80: 500000 | E80: 0.33333333 | F80: 0.70833333 | G80: =IF(AND(E80<>"",F80<>""),(F80-E80)*24,"") -> 9 | H80: =IF(A80<>"",1,"") -> 1 | I80: =D80/26/9 -> 2136.7521 | M80: =G80*I80 -> 19230.769
A81: حسين سالم | B81: 46040 | C81: 46040 | D81: 850000 | E81: 0.33333333 | F81: 0.70833333 | G81: =IF(AND(E81<>"",F81<>""),(F81-E81)*24,"") -> 9 | H81: =IF(A81<>"",1,"") -> 1 | I81: =D81/30/9 -> 3148.1481 | M81: =G81*I81 -> 28333.333
A82: حيدر يافوز | B82: 46040 | C82: 46040 | D82: 550000 | E82: 0.33333333 | F82: 0.70833333 | G82: =IF(AND(E82<>"",F82<>""),(F82-E82)*24,"") -> 9 | H82: =IF(A82<>"",1,"") -> 1 | I82: =D82/30/9 -> 2037.037 | M82: =G82*I82 -> 18333.333
A83: خضر عبد الخالق | B83: 46040 | C83: 46040 | D83: 650000 | E83: 0.33333333 | F83: 0.70833333 | G83: =IF(AND(E83<>"",F83<>""),(F83-E83)*24,"") -> 9 | H83: =IF(A83<>"",1,"") -> 1 | I83: =D83/30/9 -> 2407.4074 | M83: =G83*I83 -> 21666.667
A84: حيدر المحاسب | B84: 46040 | C84: 46040 | D84: 350000 | E84: 0.33333333 | F84: 0.70833333 | G84: =IF(AND(E84<>"",F84<>""),(F84-E84)*24,"") -> 9 | H84: =IF(A84<>"",1,"") -> 1 | I84: =D84/30/9 -> 1296.2963 | M84: =G84*I84 -> 11666.667
A85: علي الباكستاني | B85: 46040 | C85: 46040 | D85: 500000 | E85: 0.33333333 | F85: 0.70833333 | G85: =IF(AND(E85<>"",F85<>""),(F85-E85)*24,"") -> 9 | H85: =IF(A85<>"",1,"") -> 1 | I85: =D85/26/9 -> 2136.7521 | M85: =G85*I85 -> 19230.769
A86: حسين سالم | B86: 46041 | C86: 46041 | D86: 850000 | E86: 0.33333333 | F86: 0.70833333 | G86: =IF(AND(E86<>"",F86<>""),(F86-E86)*24,"") -> 9 | H86: =IF(A86<>"",1,"") -> 1 | I86: =D86/30/9 -> 3148.1481 | K86: 30000 | M86: =G86*I86 -> 28333.333
A87: حيدر يافوز | B87: 46041 | C87: 46041 | D87: 550000 | E87: 0.33333333 | F87: 0.70833333 | G87: =IF(AND(E87<>"",F87<>""),(F87-E87)*24,"") -> 9 | H87: =IF(A87<>"",1,"") -> 1 | I87: =D87/30/9 -> 2037.037 | M87: =G87*I87 -> 18333.333
A88: خضر عبد الخالق | B88: 46041 | C88: 46041 | D88: 650000 | E88: 0.33333333 | F88: 0.75 | G88: =IF(AND(E88<>"",F88<>""),(F88-E88)*24,"") -> 10 | H88: =IF(A88<>"",1,"") -> 1 | I88: =D88/30/9 -> 2407.4074 | M88: =G88*I88 -> 24074.074
A89: حيدر المحاسب | B89: 46041 | C89: 46041 | D89: 350000 | E89: 0.33333333 | F89: 0.70833333 | G89: =IF(AND(E89<>"",F89<>""),(F89-E89)*24,"") -> 9 | H89: =IF(A89<>"",1,"") -> 1 | I89: =D89/30/9 -> 1296.2963 | M89: =G89*I89 -> 11666.667
A90: علي الباكستاني | B90: 46041 | C90: 46041 | D90: 500000 | E90: 0.33333333 | F90: 0.70833333 | G90: =IF(AND(E90<>"",F90<>""),(F90-E90)*24,"") -> 9 | H90: =IF(A90<>"",1,"") -> 1 | I90: =D90/26/9 -> 2136.7521 | K90: 96923.077 | M90: =G90*I90 -> 19230.769
A91: حسين سالم | B91: 46042 | C91: 46042 | D91: 850000 | E91: 0.33333333 | F91: 0.70833333 | G91: =IF(AND(E91<>"",F91<>""),(F91-E91)*24,"") -> 9 | H91: =IF(A91<>"",1,"") -> 1 | I91: =D91/30/9 -> 3148.1481 | K91: 81000 | M91: =G91*I91 -> 28333.333
A92: خضر عبد الخالق | B92: 46042 | C92: 46042 | D92: 650000 | E92: 0.33333333 | F92: 0.89583333 | G92: =IF(AND(E92<>"",F92<>""),(F92-E92)*24,"") -> 13.5 | H92: =IF(A92<>"",1,"") -> 1 | I92: =D92/30/9 -> 2407.4074 | M92: =G92*I92 -> 32500
A93: حيدر المحاسب | B93: 46042 | C93: 46042 | D93: 350000 | E93: 0.33333333 | F93: 0.70833333 | G93: =IF(AND(E93<>"",F93<>""),(F93-E93)*24,"") -> 9 | H93: =IF(A93<>"",1,"") -> 1 | I93: =D93/30/9 -> 1296.2963 | M93: =G93*I93 -> 11666.667
A94: علي الباكستاني | B94: 46042 | C94: 46042 | D94: 500000 | E94: 0.33333333 | F94: 0.70833333 | G94: =IF(AND(E94<>"",F94<>""),(F94-E94)*24,"") -> 9 | H94: =IF(A94<>"",1,"") -> 1 | I94: =D94/26/9 -> 2136.7521 | M94: =G94*I94 -> 19230.769
A95: حسين سالم | B95: 46043 | C95: 46043 | D95: 850000 | E95: 0.33333333 | F95: 0.70833333 | G95: =IF(AND(E95<>"",F95<>""),(F95-E95)*24,"") -> 9 | H95: =IF(A95<>"",1,"") -> 1 | I95: =D95/30/9 -> 3148.1481 | M95: =G95*I95 -> 28333.333
A96: حيدر يافوز | B96: 46043 | C96: 46043 | D96: 550000 | E96: 0.41041667 | F96: 0.92638889 | G96: =IF(AND(E96<>"",F96<>""),(F96-E96)*24,"") -> 12.383333 | H96: =IF(A96<>"",1,"") -> 1 | I96: =D96/30/9 -> 2037.037 | M96: =G96*I96 -> 25225.309
A97: خضر عبد الخالق | B97: 46043 | C97: 46043 | D97: 650000 | E97: 0.41041667 | F97: 0.70833333 | G97: =IF(AND(E97<>"",F97<>""),(F97-E97)*24,"") -> 7.15 | H97: =IF(A97<>"",1,"") -> 1 | I97: =D97/30/9 -> 2407.4074 | M97: =G97*I97 -> 17212.963
A98: حيدر المحاسب | B98: 46043 | C98: 46043 | D98: 350000 | E98: 0.33333333 | F98: 0.70833333 | G98: =IF(AND(E98<>"",F98<>""),(F98-E98)*24,"") -> 9 | H98: =IF(A98<>"",1,"") -> 1 | I98: =D98/30/9 -> 1296.2963 | M98: =G98*I98 -> 11666.667
A99: علي الباكستاني | B99: 46043 | C99: 46043 | D99: 500000 | E99: 0.33333333 | F99: 0.70833333 | G99: =IF(AND(E99<>"",F99<>""),(F99-E99)*24,"") -> 9 | H99: =IF(A99<>"",1,"") -> 1 | I99: =D99/26/9 -> 2136.7521 | M99: =G99*I99 -> 19230.769
A100: حسين سالم | B100: 46044 | C100: 46044 | D100: 850000 | E100: 0.33333333 | F100: 0.70833333 | G100: =IF(AND(E100<>"",F100<>""),(F100-E100)*24,"") -> 9 | H100: =IF(A100<>"",1,"") -> 1 | I100: =D100/30/9 -> 3148.1481 | M100: =G100*I100 -> 28333.333
...

Sheet رواتب
A1: 1 | B1: عدد الأيام | C1: عدد الساعات | D1: العمل الخارجي | E1: الاضافي | F1: الاجر | G1: إجمالي السلف | H1: الغرامات | I1: المكافئات | J1: الراتب الكلي | K1: صافي الراتب | L1: المستلم | M1: التاريخ | O1: =IFERROR(__xludf.DUMMYFUNCTION("IFERROR(AVERAGE(FILTER('حضور '!I:I,'حضور '!A:A=A1,MONTH('حضور '!B:B)=N1)),"""")"),"")
A2: حسين سالم | B2: =IFERROR(__xludf.DUMMYFUNCTION("COUNTA(UNIQUE(FILTER('حضور '!B:B,'حضور '!A:A=A2,'حضور '!B:B>=EOMONTH(M2,-1)+1,'حضور '!B:B<=EOMONTH(M2,0))))"),29.0) -> 29 | C2: =SUMIFS('حضور '!G:G,'حضور '!A:A,A2,'حضور '!B:B,">="&EOMONTH(M2,-1)+1,'حضور '!B:B,"<="&EOMONTH(M2,0)) -> 273.73333 | E2: =J2-F2 -> 40086.42 | F2: =B2*9*O2 -> 821666.67 | G2: =SUMIFS('حضور '!K:K,'حضور '!A:A,A2,'حضور '!B:B,">="&EOMONTH(M2,-1)+1,'حضور '!B:B,"<="&EOMONTH(M2,0)) -> 111000 | H2: =SUMIFS('حضور '!J:J,'حضور '!A:A,A2,'حضور '!B:B,">="&EOMONTH(M2,-1)+1,'حضور '!B:B,"<="&EOMONTH(M2,0)) -> 0 | I2: =SUMIFS('حضور '!L:L,'حضور '!A:A,A2,'حضور '!B:B,">="&EOMONTH(M2,-1)+1,'حضور '!B:B,"<="&EOMONTH(M2,0)) -> 0 | J2: =SUMIFS('حضور '!M:M,'حضور '!A:A,A2,'حضور '!B:B,">="&EOMONTH(M2,-1)+1,'حضور '!B:B,"<="&EOMONTH(M2,0)) -> 861753.09 | K2: =J2-G2-L2 -> 0.086420523 | L2: 750753 | M2: 46024 | N2: 1 | O2: =IFERROR(__xludf.DUMMYFUNCTION("IFERROR(AVERAGE(FILTER('حضور '!I:I,'حضور '!A:A=A2,MONTH('حضور '!B:B)=N2)),"""")"),3148.1481481481464) -> 3148.1481
A3: حيدر يافوز | B3: =IFERROR(__xludf.DUMMYFUNCTION("COUNTA(UNIQUE(FILTER('حضور '!B:B,'حضور '!A:A=A3,'حضور '!B:B>=EOMONTH(M3,-1)+1,'حضور '!B:B<=EOMONTH(M3,0))))"),25.0) -> 25 | C3: =SUMIFS('حضور '!G:G,'حضور '!A:A,A3,'حضور '!B:B,">="&EOMONTH(M3,-1)+1,'حضور '!B:B,"<="&EOMONTH(M3,0)) -> 232.23333 | E3: =J3-F3 -> 14734.568 | F3: =B3*9*O3 -> 458333.33 | G3: =SUMIFS('حضور '!K:K,'حضور '!A:A,A3,'حضور '!B:B,">="&EOMONTH(M3,-1)+1,'حضور '!B:B,"<="&EOMONTH(M3,0)) -> 353000 | H3: =SUMIFS('حضور '!J:J,'حضور '!A:A,A3,'حضور '!B:B,">="&EOMONTH(M3,-1)+1,'حضور '!B:B,"<="&EOMONTH(M3,0)) -> 0 | I3: =SUMIFS('حضور '!L:L,'حضور '!A:A,A3,'حضور '!B:B,">="&EOMONTH(M3,-1)+1,'حضور '!B:B,"<="&EOMONTH(M3,0)) -> 0 | J3: =SUMIFS('حضور '!M:M,'حضور '!A:A,A3,'حضور '!B:B,">="&EOMONTH(M3,-1)+1,'حضور '!B:B,"<="&EOMONTH(M3,0)) -> 473067.9 | K3: =J3-G3-L3 -> -179932.1 | L3: 300000 | M3: 46025 | N3: 1 | O3: =IFERROR(__xludf.DUMMYFUNCTION("IFERROR(AVERAGE(FILTER('حضور '!I:I,'حضور '!A:A=A3,MONTH('حضور '!B:B)=N3)),"""")"),2037.0370370370367) -> 2037.037
A4: خضر عبد الخالق | B4: =IFERROR(__xludf.DUMMYFUNCTION("COUNTA(UNIQUE(FILTER('حضور '!B:B,'حضور '!A:A=A4,'حضور '!B:B>=EOMONTH(M4,-1)+1,'حضور '!B:B<=EOMONTH(M4,0))))"),16.0) -> 16 | C4: =SUMIFS('حضور '!G:G,'حضور '!A:A,A4,'حضور '!B:B,">="&EOMONTH(M4,-1)+1,'حضور '!B:B,"<="&EOMONTH(M4,0)) -> 141.68333 | E4: =J4-F4 -> -5577.1605 | F4: =B4*9*O4 -> 346666.67 | G4: =SUMIFS('حضور '!K:K,'حضور '!A:A,A4,'حضور '!B:B,">="&EOMONTH(M4,-1)+1,'حضور '!B:B,"<="&EOMONTH(M4,0)) -> 0 | H4: =SUMIFS('حضور '!J:J,'حضور '!A:A,A4,'حضور '!B:B,">="&EOMONTH(M4,-1)+1,'حضور '!B:B,"<="&EOMONTH(M4,0)) -> 0 | I4: =SUMIFS('حضور '!L:L,'حضور '!A:A,A4,'حضور '!B:B,">="&EOMONTH(M4,-1)+1,'حضور '!B:B,"<="&EOMONTH(M4,0)) -> 0 | J4: =SUMIFS('حضور '!M:M,'حضور '!A:A,A4,'حضور '!B:B,">="&EOMONTH(M4,-1)+1,'حضور '!B:B,"<="&EOMONTH(M4,0)) -> 341089.51 | K4: 143000 | L4: 250000 | M4: 46027 | N4: 1 | O4: =IFERROR(__xludf.DUMMYFUNCTION("IFERROR(AVERAGE(FILTER('حضور '!I:I,'حضور '!A:A=A4,MONTH('حضور '!B:B)=N4)),"""")"),2407.407407407408) -> 2407.4074
A5: سجاد رعد | B5: =IFERROR(__xludf.DUMMYFUNCTION("COUNTA(UNIQUE(FILTER('حضور '!B:B,'حضور '!A:A=A5,'حضور '!B:B>=EOMONTH(M5,-1)+1,'حضور '!B:B<=EOMONTH(M5,0))))"),5.0) -> 5 | C5: =SUMIFS('حضور '!G:G,'حضور '!A:A,A5,'حضور '!B:B,">="&EOMONTH(M5,-1)+1,'حضور '!B:B,"<="&EOMONTH(M5,0)) -> 49.666667 | E5: =J5-F5 -> 10370.37 | F5: =B5*9*O5 -> 100000 | G5: =SUMIFS('حضور '!K:K,'حضور '!A:A,A5,'حضور '!B:B,">="&EOMONTH(M5,-1)+1,'حضور '!B:B,"<="&EOMONTH(M5,0)) -> 0 | H5: =SUMIFS('حضور '!J:J,'حضور '!A:A,A5,'حضور '!B:B,">="&EOMONTH(M5,-1)+1,'حضور '!B:B,"<="&EOMONTH(M5,0)) -> 0 | I5: =SUMIFS('حضور '!L:L,'حضور '!A:A,A5,'حضور '!B:B,">="&EOMONTH(M5,-1)+1,'حضور '!B:B,"<="&EOMONTH(M5,0)) -> 0 | J5: =SUMIFS('حضور '!M:M,'حضور '!A:A,A5,'حضور '!B:B,">="&EOMONTH(M5,-1)+1,'حضور '!B:B,"<="&EOMONTH(M5,0)) -> 110370.37 | K5: =J5-G5-L5 -> 0.37037037 | L5: 110370 | M5: 46028 | N5: 1 | O5: =IFERROR(__xludf.DUMMYFUNCTION("IFERROR(AVERAGE(FILTER('حضور '!I:I,'حضور '!A:A=A5,MONTH('حضور '!B:B)=N5)),"""")"),2222.222222222222) -> 2222.2222
A6: حيدر المحاسب | B6: =IFERROR(__xludf.DUMMYFUNCTION("COUNTA(UNIQUE(FILTER('حضور '!B:B,'حضور '!A:A=A6,'حضور '!B:B>=EOMONTH(M6,-1)+1,'حضور '!B:B<=EOMONTH(M6,0))))"),30.0) -> 30 | C6: =SUMIFS('حضور '!G:G,'حضور '!A:A,A6,'حضور '!B:B,">="&EOMONTH(M6,-1)+1,'حضور '!B:B,"<="&EOMONTH(M6,0)) -> 270 | E6: =J6-F6 -> 4.5269844e-06 | F6: =B6*9*O6 -> 350000 | G6: =SUMIFS('حضور '!K:K,'حضور '!A:A,A6,'حضور '!B:B,">="&EOMONTH(M6,-1)+1,'حضور '!B:B,"<="&EOMONTH(M6,0)) -> 183000 | H6: =SUMIFS('حضور '!J:J,'حضور '!A:A,A6,'حضور '!B:B,">="&EOMONTH(M6,-1)+1,'حضور '!B:B,"<="&EOMONTH(M6,0)) -> 0 | I6: =SUMIFS('حضور '!L:L,'حضور '!A:A,A6,'حضور '!B:B,">="&EOMONTH(M6,-1)+1,'حضور '!B:B,"<="&EOMONTH(M6,0)) -> 0 | J6: =SUMIFS('حضور '!M:M,'حضور '!A:A,A6,'حضور '!B:B,">="&EOMONTH(M6,-1)+1,'حضور '!B:B,"<="&EOMONTH(M6,0)) -> 350000 | K6: =J6-G6-L6 -> 4.5269844e-06 | L6: 167000 | M6: 46029 | N6: 1 | O6: =IFERROR(__xludf.DUMMYFUNCTION("IFERROR(AVERAGE(FILTER('حضور '!I:I,'حضور '!A:A=A6,MONTH('حضور '!B:B)=N6)),"""")"),1296.2962962962963) -> 1296.2963
A7: علي الباكستاني | B7: =IFERROR(__xludf.DUMMYFUNCTION("COUNTA(UNIQUE(FILTER('حضور '!B:B,'حضور '!A:A=A7,'حضور '!B:B>=EOMONTH(M7,-1)+1,'حضور '!B:B<=EOMONTH(M7,0))))"),30.0) -> 30 | C7: =SUMIFS('حضور '!G:G,'حضور '!A:A,A7,'حضور '!B:B,">="&EOMONTH(M7,-1)+1,'حضور '!B:B,"<="&EOMONTH(M7,0)) -> 270 | E7: =J7-F7 -> -3.4924597e-10 | F7: =B7*9*O7 -> 576923.08 | G7: =SUMIFS('حضور '!K:K,'حضور '!A:A,A7,'حضور '!B:B,">="&EOMONTH(M7,-1)+1,'حضور '!B:B,"<="&EOMONTH(M7,0)) -> 96923.077 | H7: =SUMIFS('حضور '!J:J,'حضور '!A:A,A7,'حضور '!B:B,">="&EOMONTH(M7,-1)+1,'حضور '!B:B,"<="&EOMONTH(M7,0)) -> 0 | I7: =SUMIFS('حضور '!L:L,'حضور '!A:A,A7,'حضور '!B:B,">="&EOMONTH(M7,-1)+1,'حضور '!B:B,"<="&EOMONTH(M7,0)) -> 0 | J7: =SUMIFS('حضور '!M:M,'حضور '!A:A,A7,'حضور '!B:B,">="&EOMONTH(M7,-1)+1,'حضور '!B:B,"<="&EOMONTH(M7,0)) -> 576923.08 | K7: =J7-G7-L7 -> 0 | L7: 480000 | M7: 46030 | N7: 1 | O7: =IFERROR(__xludf.DUMMYFUNCTION("IFERROR(AVERAGE(FILTER('حضور '!I:I,'حضور '!A:A=A7,MONTH('حضور '!B:B)=N7)),"""")"),2136.7521367521385) -> 2136.7521
A8: اجمالي | G8: =SUM(G2:G7) -> 743923.08 | H8: =SUM(H2:H7) -> 0 | I8: =SUM(I2:I7) -> 0 | J8: =SUM(J2:J7) -> 2713203.9 | K8: =SUM(K2:K7) -> -36931.642 | L8: =SUM(L2:L7) -> 2058123 | M8: يناير
A9: حسين سالم | B9: =IFERROR(__xludf.DUMMYFUNCTION("COUNTA(UNIQUE(FILTER('حضور '!B:B,'حضور '!A:A=A9,'حضور '!B:B>=EOMONTH(M9,-1)+1,'حضور '!B:B<=EOMONTH(M9,0))))"),28.0) -> 28 | C9: =SUMIFS('حضور '!G:G,'حضور '!A:A,A9,'حضور '!B:B,">="&EOMONTH(M9,-1)+1,'حضور '!B:B,"<="&EOMONTH(M9,0)) -> 333.15 | D9: =SUMIFS('حضور عمل خارجي'!I:I,'حضور عمل خارجي'!A:A,A9,'حضور عمل خارجي'!C:C,">="&EOMONTH(M9,-1)+1,'حضور عمل خارجي'!C:C,"<="&EOMONTH(M9,0)) -> 97705.04 | E9: =J9-F9 -> 492853.84 | F9: =B9*9*O9 -> 850000.12 | G9: =SUMIFS('حضور '!K:K,'حضور '!A:A,A9,'حضور '!B:B,">="&EOMONTH(M9,-1)+1,'حضور '!B:B,"<="&EOMONTH(M9,0)) -> 2518854 | H9: =SUMIFS('حضور '!J:J,'حضور '!A:A,A9,'حضور '!B:B,">="&EOMONTH(M9,-1)+1,'حضور '!B:B,"<="&EOMONTH(M9,0)) -> 0 | I9: =SUMIFS('حضور '!L:L,'حضور '!A:A,A9,'حضور '!B:B,">="&EOMONTH(M9,-1)+1,'حضور '!B:B,"<="&EOMONTH(M9,0)) -> 0 | J9: =SUMIFS('حضور '!M:M,'حضور '!A:A,A9,'حضور '!B:B,">="&EOMONTH(M9,-1)+1,'حضور '!B:B,"<="&EOMONTH(M9,0))+(O9*36)+D9 -> 1342854 | K9: =J9-G9-L9 -> -1976000 | L9: 800000 | M9: 46054 | N9: 2 | O9: =IFERROR(__xludf.DUMMYFUNCTION("IFERROR(AVERAGE(FILTER('حضور '!I:I,'حضور '!A:A=A9,MONTH('حضور '!B:B)=N9)),"""")"),3373.016354016354) -> 3373.0164
A10: حيدر يافوز | B10: =IFERROR(__xludf.DUMMYFUNCTION("COUNTA(UNIQUE(FILTER('حضور '!B:B,'حضور '!A:A=A10,'حضور '!B:B>=EOMONTH(M10,-1)+1,'حضور '!B:B<=EOMONTH(M10,0))))"),26.0) -> 26 | C10: =SUMIFS('حضور '!G:G,'حضور '!A:A,A10,'حضور '!B:B,">="&EOMONTH(M10,-1)+1,'حضور '!B:B,"<="&EOMONTH(M10,0)) -> 266.78333 | D10: =SUMIFS('حضور عمل خارجي'!I:I,'حضور عمل خارجي'!A:A,A10,'حضور عمل خارجي'!C:C,">="&EOMONTH(M10,-1)+1,'حضور عمل خارجي'!C:C,"<="&EOMONTH(M10,0)) -> 0 | E10: =J10-F10 -> 150122.35 | F10: =B10*9*O10 -> 510714.29 | G10: =SUMIFS('حضور '!K:K,'حضور '!A:A,A10,'حضور '!B:B,">="&EOMONTH(M10,-1)+1,'حضور '!B:B,"<="&EOMONTH(M10,0)) -> 594837 | H10: =SUMIFS('حضور '!J:J,'حضور '!A:A,A10,'حضور '!B:B,">="&EOMONTH(M10,-1)+1,'حضور '!B:B,"<="&EOMONTH(M10,0)) -> 0 | I10: =SUMIFS('حضور '!L:L,'حضور '!A:A,A10,'حضور '!B:B,">="&EOMONTH(M10,-1)+1,'حضور '!B:B,"<="&EOMONTH(M10,0)) -> 0 | J10: =SUMIFS('حضور '!M:M,'حضور '!A:A,A10,'حضور '!B:B,">="&EOMONTH(M10,-1)+1,'حضور '!B:B,"<="&EOMONTH(M10,0))+(O10*36)+D10 -> 660836.64 | K10: =J10-G10-L10 -> -234000.36 | L10: 300000 | M10: 46054 | N10: 2 | O10: =IFERROR(__xludf.DUMMYFUNCTION("IFERROR(AVERAGE(FILTER('حضور '!I:I,'حضور '!A:A=A10,MONTH('حضور '!B:B)=N10)),"""")"),2182.5396825396824) -> 2182.5397
A11: خضر عبد الخالق | B11: =IFERROR(__xludf.DUMMYFUNCTION("COUNTA(UNIQUE(FILTER('حضور '!B:B,'حضور '!A:A=A11,'حضور '!B:B>=EOMONTH(M11,-1)+1,'حضور '!B:B<=EOMONTH(M11,0))))"),22.0) -> 22 | C11: =SUMIFS('حضور '!G:G,'حضور '!A:A,A11,'حضور '!B:B,">="&EOMONTH(M11,-1)+1,'حضور '!B:B,"<="&EOMONTH(M11,0)) -> 217.03333 | D11: =SUMIFS('حضور عمل خارجي'!I:I,'حضور عمل خارجي'!A:A,A11,'حضور عمل خارجي'!C:C,">="&EOMONTH(M11,-1)+1,'حضور عمل خارجي'!C:C,"<="&EOMONTH(M11,0)) -> 42516.534 | E11: =J11-F11 -> 327467.59 | F11: =B11*9*O11 -> 510714.29 | G11: =SUMIFS('حضور '!K:K,'حضور '!A:A,A11,'حضور '!B:B,">="&EOMONTH(M11,-1)+1,'حضور '!B:B,"<="&EOMONTH(M11,0)) -> 903182 | H11: =SUMIFS('حضور '!J:J,'حضور '!A:A,A11,'حضور '!B:B,">="&EOMONTH(M11,-1)+1,'حضور '!B:B,"<="&EOMONTH(M11,0)) -> 0 | I11: =SUMIFS('حضور '!L:L,'حضور '!A:A,A11,'حضور '!B:B,">="&EOMONTH(M11,-1)+1,'حضور '!B:B,"<="&EOMONTH(M11,0)) -> 0 | J11: =SUMIFS('حضور '!M:M,'حضور '!A:A,A11,'حضور '!B:B,">="&EOMONTH(M11,-1)+1,'حضور '!B:B,"<="&EOMONTH(M11,0))+(O11*36)+D11+143000 -> 838181.88 | K11: =J11-G11-L11 -> -565000.12 | L11: 500000 | M11: 46054 | N11: 2 | O11: =IFERROR(__xludf.DUMMYFUNCTION("IFERROR(AVERAGE(FILTER('حضور '!I:I,'حضور '!A:A=A11,MONTH('حضور '!B:B)=N11)),"""")"),2579.365079365081) -> 2579.3651
A12: سجاد رعد | B12: =IFERROR(__xludf.DUMMYFUNCTION("COUNTA(UNIQUE(FILTER('حضور '!B:B,'حضور '!A:A=A12,'حضور '!B:B>=EOMONTH(M12,-1)+1,'حضور '!B:B<=EOMONTH(M12,0))))"),18.0) -> 18 | C12: =SUMIFS('حضور '!G:G,'حضور '!A:A,A12,'حضور '!B:B,">="&EOMONTH(M12,-1)+1,'حضور '!B:B,"<="&EOMONTH(M12,0)) -> 169.38333 | D12: =SUMIFS('حضور عمل خارجي'!I:I,'حضور عمل خارجي'!A:A,A12,'حضور عمل خارجي'!C:C,">="&EOMONTH(M12,-1)+1,'حضور عمل خارجي'!C:C,"<="&EOMONTH(M12,0)) -> 0 | E12: =J12-F12 -> 103293.65 | F12: =B12*9*O12 -> 385714.29 | G12: =SUMIFS('حضور '!K:K,'حضور '!A:A,A12,'حضور '!B:B,">="&EOMONTH(M12,-1)+1,'حضور '!B:B,"<="&EOMONTH(M12,0)) -> 86000 | H12: =SUMIFS('حضور '!J:J,'حضور '!A:A,A12,'حضور '!B:B,">="&EOMONTH(M12,-1)+1,'حضور '!B:B,"<="&EOMONTH(M12,0)) -> 0 | I12: =SUMIFS('حضور '!L:L,'حضور '!A:A,A12,'حضور '!B:B,">="&EOMONTH(M12,-1)+1,'حضور '!B:B,"<="&EOMONTH(M12,0)) -> 0 | J12: =SUMIFS('حضور '!M:M,'حضور '!A:A,A12,'حضور '!B:B,">="&EOMONTH(M12,-1)+1,'حضور '!B:B,"<="&EOMONTH(M12,0))+(O12*36)+D12 -> 489007.94 | K12: =J12-G12-L12 -> -0.063492063 | L12: 403008 | M12: 46054 | N12: 2 | O12: =IFERROR(__xludf.DUMMYFUNCTION("IFERROR(AVERAGE(FILTER('حضور '!I:I,'حضور '!A:A=A12,MONTH('حضور '!B:B)=N12)),"""")"),2380.952380952381) -> 2380.9524
A13: حيدر المحاسب | B13: =IFERROR(__xludf.DUMMYFUNCTION("COUNTA(UNIQUE(FILTER('حضور '!B:B,'حضور '!A:A=A13,'حضور '!B:B>=EOMONTH(M13,-1)+1,'حضور '!B:B<=EOMONTH(M13,0))))"),28.0) -> 28 | C13: =SUMIFS('حضور '!G:G,'حضور '!A:A,A13,'حضور '!B:B,">="&EOMONTH(M13,-1)+1,'حضور '!B:B,"<="&EOMONTH(M13,0)) -> 252 | D13: =SUMIFS('حضور عمل خارجي'!I:I,'حضور عمل خارجي'!A:A,A13,'حضور عمل خارجي'!C:C,">="&EOMONTH(M13,-1)+1,'حضور عمل خارجي'!C:C,"<="&EOMONTH(M13,0)) -> 0 | E13: =J13-F13 -> -2.3283064e-10 | F13: =B13*9*O13 -> 350000 | G13: =SUMIFS('حضور '!K:K,'حضور '!A:A,A13,'حضور '!B:B,">="&EOMONTH(M13,-1)+1,'حضور '!B:B,"<="&EOMONTH(M13,0)) -> 133000 | H13: =SUMIFS('حضور '!J:J,'حضور '!A:A,A13,'حضور '!B:B,">="&EOMONTH(M13,-1)+1,'حضور '!B:B,"<="&EOMONTH(M13,0)) -> 0 | I13: =SUMIFS('حضور '!L:L,'حضور '!A:A,A13,'حضور '!B:B,">="&EOMONTH(M13,-1)+1,'حضور '!B:B,"<="&EOMONTH(M13,0)) -> 0 | J13: =SUMIFS('حضور '!M:M,'حضور '!A:A,A13,'حضور '!B:B,">="&EOMONTH(M13,-1)+1,'حضور '!B:B,"<="&EOMONTH(M13,0)) -> 350000 | K13: =J13-G13-L13 -> 25000 | L13: 192000 | M13: 46054 | N13: 2 | O13: =IFERROR(__xludf.DUMMYFUNCTION("IFERROR(AVERAGE(FILTER('حضور '!I:I,'حضور '!A:A=A13,MONTH('حضور '!B:B)=N13)),"""")"),1388.8888888888898) -> 1388.8889
A14: علي الباكستاني | B14: =IFERROR(__xludf.DUMMYFUNCTION("COUNTA(UNIQUE(FILTER('حضور '!B:B,'حضور '!A:A=A14,'حضور '!B:B>=EOMONTH(M14,-1)+1,'حضور '!B:B<=EOMONTH(M14,0))))"),28.0) -> 28 | C14: =SUMIFS('حضور '!G:G,'حضور '!A:A,A14,'حضور '!B:B,">="&EOMONTH(M14,-1)+1,'حضور '!B:B,"<="&EOMONTH(M14,0)) -> 252 | D14: =SUMIFS('حضور عمل خارجي'!I:I,'حضور عمل خارجي'!A:A,A14,'حضور عمل خارجي'!C:C,">="&EOMONTH(M14,-1)+1,'حضور عمل خارجي'!C:C,"<="&EOMONTH(M14,0)) -> 0 | E14: =J14-F14 -> 50000 | F14: =B14*9*O14 -> 500000 | G14: =SUMIFS('حضور '!K:K,'حضور '!A:A,A14,'حضور '!B:B,">="&EOMONTH(M14,-1)+1,'حضور '!B:B,"<="&EOMONTH(M14,0)) -> 0 | H14: =SUMIFS('حضور '!J:J,'حضور '!A:A,A14,'حضور '!B:B,">="&EOMONTH(M14,-1)+1,'حضور '!B:B,"<="&EOMONTH(M14,0)) -> 0 | I14: =SUMIFS('حضور '!L:L,'حضور '!A:A,A14,'حضور '!B:B,">="&EOMONTH(M14,-1)+1,'حضور '!B:B,"<="&EOMONTH(M14,0)) -> 0 | J14: =SUMIFS('حضور '!M:M,'حضور '!A:A,A14,'حضور '!B:B,">="&EOMONTH(M14,-1)+1,'حضور '!B:B,"<="&EOMONTH(M14,0)) -> 550000 | K14: =J14-G14-L14 -> -1.1641532e-10 | L14: 550000 | M14: 46054 | N14: 2 | O14: =IFERROR(__xludf.DUMMYFUNCTION("IFERROR(AVERAGE(FILTER('حضور '!I:I,'حضور '!A:A=A14,MONTH('حضور '!B:B)=N14)),"""")"),1984.1269841269839) -> 1984.127
A15: احمد امين | B15: =IFERROR(__xludf.DUMMYFUNCTION("COUNTA(UNIQUE(FILTER('حضور '!B:B,'حضور '!A:A=A15,'حضور '!B:B>=EOMONTH(M15,-1)+1,'حضور '!B:B<=EOMONTH(M15,0))))"),7.0) -> 7 | C15: =SUMIFS('حضور '!G:G,'حضور '!A:A,A15,'حضور '!B:B,">="&EOMONTH(M15,-1)+1,'حضور '!B:B,"<="&EOMONTH(M15,0)) -> 64.016667 | D15: =SUMIFS('حضور عمل خارجي'!I:I,'حضور عمل خارجي'!A:A,A15,'حضور عمل خارجي'!C:C,">="&EOMONTH(M15,-1)+1,'حضور عمل خارجي'!C:C,"<="&EOMONTH(M15,0)) -> 0 | E15: =J15-F15 -> 3025.7937 | F15: =B15*9*O15 -> 187500 | G15: =SUMIFS('حضور '!K:K,'حضور '!A:A,A15,'حضور '!B:B,">="&EOMONTH(M15,-1)+1,'حضور '!B:B,"<="&EOMONTH(M15,0)) -> 91525.794 | H15: =SUMIFS('حضور '!J:J,'حضور '!A:A,A15,'حضور '!B:B,">="&EOMONTH(M15,-1)+1,'حضور '!B:B,"<="&EOMONTH(M15,0)) -> 0 | I15: =SUMIFS('حضور '!L:L,'حضور '!A:A,A15,'حضور '!B:B,">="&EOMONTH(M15,-1)+1,'حضور '!B:B,"<="&EOMONTH(M15,0)) -> 0 | J15: =SUMIFS('حضور '!M:M,'حضور '!A:A,A15,'حضور '!B:B,">="&EOMONTH(M15,-1)+1,'حضور '!B:B,"<="&EOMONTH(M15,0)) -> 190525.79 | K15: =J15-G15-L15 -> 0 | L15: 99000 | M15: 46054 | N15: 2 | O15: =IFERROR(__xludf.DUMMYFUNCTION("IFERROR(AVERAGE(FILTER('حضور '!I:I,'حضور '!A:A=A15,MONTH('حضور '!B:B)=N15)),"""")"),2976.1904761904766) -> 2976.1905
A16: عبدالله هاشم | B16: =IFERROR(__xludf.DUMMYFUNCTION("COUNTA(UNIQUE(FILTER('حضور '!B:B,'حضور '!A:A=A16,'حضور '!B:B>=EOMONTH(M16,-1)+1,'حضور '!B:B<=EOMONTH(M16,0))))"),20.0) -> 20 | C16: =SUMIFS('حضور '!G:G,'حضور '!A:A,A16,'حضور '!B:B,">="&EOMONTH(M16,-1)+1,'حضور '!B:B,"<="&EOMONTH(M16,0)) -> 169.33333 | D16: =SUMIFS('حضور عمل خارجي'!I:I,'حضور عمل خارجي'!A:A,A16,'حضور عمل خارجي'!C:C,">="&EOMONTH(M16,-1)+1,'حضور عمل خارجي'!C:C,"<="&EOMONTH(M16,0)) -> 0 | E16: =J16-F16 -> -31746.032 | F16: =B16*9*O16 -> 535714.29 | G16: =SUMIFS('حضور '!K:K,'حضور '!A:A,A16,'حضور '!B:B,">="&EOMONTH(M16,-1)+1,'حضور '!B:B,"<="&EOMONTH(M16,0)) -> 253968.25 | H16: =SUMIFS('حضور '!J:J,'حضور '!A:A,A16,'حضور '!B:B,">="&EOMONTH(M16,-1)+1,'حضور '!B:B,"<="&EOMONTH(M16,0)) -> 0 | I16: =SUMIFS('حضور '!L:L,'حضور '!A:A,A16,'حضور '!B:B,">="&EOMONTH(M16,-1)+1,'حضور '!B:B,"<="&EOMONTH(M16,0)) -> 0 | J16: =SUMIFS('حضور '!M:M,'حضور '!A:A,A16,'حضور '!B:B,">="&EOMONTH(M16,-1)+1,'حضور '!B:B,"<="&EOMONTH(M16,0)) -> 503968.25 | K16: =J16-G16-L16 -> 0 | L16: 250000 | M16: 46054 | N16: 2 | O16: =IFERROR(__xludf.DUMMYFUNCTION("IFERROR(AVERAGE(FILTER('حضور '!I:I,'حضور '!A:A=A16,MONTH('حضور '!B:B)=N16)),"""")"),2976.1904761904752) -> 2976.1905
A17: حيدر محمد | B17: =IFERROR(__xludf.DUMMYFUNCTION("COUNTA(UNIQUE(FILTER('حضور '!B:B,'حضور '!A:A=A17,'حضور '!B:B>=EOMONTH(M17,-1)+1,'حضور '!B:B<=EOMONTH(M17,0))))"),23.0) -> 23 | C17: =SUMIFS('حضور '!G:G,'حضور '!A:A,A17,'حضور '!B:B,">="&EOMONTH(M17,-1)+1,'حضور '!B:B,"<="&EOMONTH(M17,0)) -> 204.61667 | D17: =SUMIFS('حضور عمل خارجي'!I:I,'حضور عمل خارجي'!A:A,A17,'حضور عمل خارجي'!C:C,">="&EOMONTH(M17,-1)+1,'حضور عمل خارجي'!C:C,"<="&EOMONTH(M17,0)) -> 0 | E17: =J17-F17 -> -9575.8929 | F17: =B17*9*O17 -> 831696.43 | G17: =SUMIFS('حضور '!K:K,'حضور '!A:A,A17,'حضور '!B:B,">="&EOMONTH(M17,-1)+1,'حضور '!B:B,"<="&EOMONTH(M17,0)) -> 472120.54 | H17: =SUMIFS('حضور '!J:J,'حضور '!A:A,A17,'حضور '!B:B,">="&EOMONTH(M17,-1)+1,'حضور '!B:B,"<="&EOMONTH(M17,0)) -> 0 | I17: =SUMIFS('حضور '!L:L,'حضور '!A:A,A17,'حضور '!B:B,">="&EOMONTH(M17,-1)+1,'حضور '!B:B,"<="&EOMONTH(M17,0)) -> 0 | J17: =SUMIFS('حضور '!M:M,'حضور '!A:A,A17,'حضور '!B:B,">="&EOMONTH(M17,-1)+1,'حضور '!B:B,"<="&EOMONTH(M17,0)) -> 822120.54 | K17: =J17-G17-L17 -> 0 | L17: 350000 | M17: 46054 | N17: 2 | O17: =IFERROR(__xludf.DUMMYFUNCTION("IFERROR(AVERAGE(FILTER('حضور '!I:I,'حضور '!A:A=A17,MONTH('حضور '!B:B)=N17)),"""")"),4017.8571428571436) -> 4017.8571
A18: محمد فؤاد سالم | B18: =IFERROR(__xludf.DUMMYFUNCTION("COUNTA(UNIQUE(FILTER('حضور '!B:B,'حضور '!A:A=A18,'حضور '!B:B>=EOMONTH(M18,-1)+1,'حضور '!B:B<=EOMONTH(M18,0))))"),20.0) -> 20 | C18: =SUMIFS('حضور '!G:G,'حضور '!A:A,A18,'حضور '!B:B,">="&EOMONTH(M18,-1)+1,'حضور '!B:B,"<="&EOMONTH(M18,0)) -> 198.51667 | D18: =SUMIFS('حضور عمل خارجي'!I:I,'حضور عمل خارجي'!A:A,A18,'حضور عمل خارجي'!C:C,">="&EOMONTH(M18,-1)+1,'حضور عمل خارجي'!C:C,"<="&EOMONTH(M18,0)) -> 0 | E18: =J18-F18 -> 55109.101 | F18: =B18*9*O18 -> 535714.32 | G18: =SUMIFS('حضور '!K:K,'حضور '!A:A,A18,'حضور '!B:B,">="&EOMONTH(M18,-1)+1,'حضور '!B:B,"<="&EOMONTH(M18,0)) -> 67823.421 | H18: =SUMIFS('حضور '!J:J,'حضور '!A:A,A18,'حضور '!B:B,">="&EOMONTH(M18,-1)+1,'حضور '!B:B,"<="&EOMONTH(M18,0)) -> 0 | I18: =SUMIFS('حضور '!L:L,'حضور '!A:A,A18,'حضور '!B:B,">="&EOMONTH(M18,-1)+1,'حضور '!B:B,"<="&EOMONTH(M18,0)) -> 0 | J18: =SUMIFS('حضور '!M:M,'حضور '!A:A,A18,'حضور '!B:B,">="&EOMONTH(M18,-1)+1,'حضور '!B:B,"<="&EOMONTH(M18,0)) -> 590823.42 | K18: =J18-G18-L18 -> 0 | L18: 523000 | M18: 46054 | N18: 2 | O18: =IFERROR(__xludf.DUMMYFUNCTION("IFERROR(AVERAGE(FILTER('حضور '!I:I,'حضور '!A:A=A18,MONTH('حضور '!B:B)=N18)),"""")"),2976.19066515495) -> 2976.1907
A19: مصطفى عبد الخالق | B19: =IFERROR(__xludf.DUMMYFUNCTION("COUNTA(UNIQUE(FILTER('حضور '!B:B,'حضور '!A:A=A19,'حضور '!B:B>=EOMONTH(M19,-1)+1,'حضور '!B:B<=EOMONTH(M19,0))))"),8.0) -> 8 | C19: =SUMIFS('حضور '!G:G,'حضور '!A:A,A19,'حضور '!B:B,">="&EOMONTH(M19,-1)+1,'حضور '!B:B,"<="&EOMONTH(M19,0)) -> 85.716667 | D19: =SUMIFS('حضور عمل خارجي'!I:I,'حضور عمل خارجي'!A:A,A19,'حضور عمل خارجي'!C:C,">="&EOMONTH(M19,-1)+1,'حضور عمل خارجي'!C:C,"<="&EOMONTH(M19,0)) -> 0 | E19: =J19-F19 -> 40823.413 | F19: =B19*9*O19 -> 214285.71 | G19: =SUMIFS('حضور '!K:K,'حضور '!A:A,A19,'حضور '!B:B,">="&EOMONTH(M19,-1)+1,'حضور '!B:B,"<="&EOMONTH(M19,0)) -> 160109.13 | H19: =SUMIFS('حضور '!J:J,'حضور '!A:A,A19,'حضور '!B:B,">="&EOMONTH(M19,-1)+1,'حضور '!B:B,"<="&EOMONTH(M19,0)) -> 0 | I19: =SUMIFS('حضور '!L:L,'حضور '!A:A,A19,'حضور '!B:B,">="&EOMONTH(M19,-1)+1,'حضور '!B:B,"<="&EOMONTH(M19,0)) -> 0 | J19: =SUMIFS('حضور '!M:M,'حضور '!A:A,A19,'حضور '!B:B,">="&EOMONTH(M19,-1)+1,'حضور '!B:B,"<="&EOMONTH(M19,0)) -> 255109.13 | K19: =J19-G19-L19 -> 0 | L19: 95000 | M19: 46054 | N19: 2 | O19: =IFERROR(__xludf.DUMMYFUNCTION("IFERROR(AVERAGE(FILTER('حضور '!I:I,'حضور '!A:A=A19,MONTH('حضور '!B:B)=N19)),"""")"),2976.1904761904766) -> 2976.1905
A20: يوسف احمد | B20: =IFERROR(__xludf.DUMMYFUNCTION("COUNTA(UNIQUE(FILTER('حضور '!B:B,'حضور '!A:A=A20,'حضور '!B:B>=EOMONTH(M20,-1)+1,'حضور '!B:B<=EOMONTH(M20,0))))"),20.0) -> 20 | C20: =SUMIFS('حضور '!G:G,'حضور '!A:A,A20,'حضور '!B:B,">="&EOMONTH(M20,-1)+1,'حضور '!B:B,"<="&EOMONTH(M20,0)) -> 214.2 | D20: =SUMIFS('حضور عمل خارجي'!I:I,'حضور عمل خارجي'!A:A,A20,'حضور عمل خارجي'!C:C,">="&EOMONTH(M20,-1)+1,'حضور عمل خارجي'!C:C,"<="&EOMONTH(M20,0)) -> 0 | E20: =J20-F20 -> 93726.708 | F20: =B20*9*O20 -> 489130.43 | G20: =SUMIFS('حضور '!K:K,'حضور '!A:A,A20,'حضور '!B:B,">="&EOMONTH(M20,-1)+1,'حضور '!B:B,"<="&EOMONTH(M20,0)) -> 322857 | H20: =SUMIFS('حضور '!J:J,'حضور '!A:A,A20,'حضور '!B:B,">="&EOMONTH(M20,-1)+1,'حضور '!B:B,"<="&EOMONTH(M20,0)) -> 0 | I20: =SUMIFS('حضور '!L:L,'حضور '!A:A,A20,'حضور '!B:B,">="&EOMONTH(M20,-1)+1,'حضور '!B:B,"<="&EOMONTH(M20,0)) -> 0 | J20: =SUMIFS('حضور '!M:M,'حضور '!A:A,A20,'حضور '!B:B,">="&EOMONTH(M20,-1)+1,'حضور '!B:B,"<="&EOMONTH(M20,0)) -> 582857.14 | K20: =J20-G20-L20 -> 0.14285703 | L20: 260000 | M20: 46054 | N20: 2 | O20: =IFERROR(__xludf.DUMMYFUNCTION("IFERROR(AVERAGE(FILTER('حضور '!I:I,'حضور '!A:A=A20,MONTH('حضور '!B:B)=N20)),"""")"),2717.3913043478265) -> 2717.3913
A21: مصطفى حسين | B21: =IFERROR(__xludf.DUMMYFUNCTION("COUNTA(UNIQUE(FILTER('حضور '!B:B,'حضور '!A:A=A21,'حضور '!B:B>=EOMONTH(M21,-1)+1,'حضور '!B:B<=EOMONTH(M21,0))))"),1.0) -> 1 | C21: =SUMIFS('حضور '!G:G,'حضور '!A:A,A21,'حضور '!B:B,">="&EOMONTH(M21,-1)+1,'حضور '!B:B,"<="&EOMONTH(M21,0)) -> 12 | D21: =SUMIFS('حضور عمل خارجي'!I:I,'حضور عمل خارجي'!A:A,A21,'حضور عمل خارجي'!C:C,">="&EOMONTH(M21,-1)+1,'حضور عمل خارجي'!C:C,"<="&EOMONTH(M21,0)) -> 0 | E21: =J21-F21 -> 8928.5714 | F21: =B21*9*O21 -> 26785.714 | G21: =SUMIFS('حضور '!K:K,'حضور '!A:A,A21,'حضور '!B:B,">="&EOMONTH(M21,-1)+1,'حضور '!B:B,"<="&EOMONTH(M21,0)) -> 1714.2857 | H21: =SUMIFS('حضور '!J:J,'حضور '!A:A,A21,'حضور '!B:B,">="&EOMONTH(M21,-1)+1,'حضور '!B:B,"<="&EOMONTH(M21,0)) -> 0 | I21: =SUMIFS('حضور '!L:L,'حضور '!A:A,A21,'حضور '!B:B,">="&EOMONTH(M21,-1)+1,'حضور '!B:B,"<="&EOMONTH(M21,0)) -> 0 | J21: =SUMIFS('حضور '!M:M,'حضور '!A:A,A21,'حضور '!B:B,">="&EOMONTH(M21,-1)+1,'حضور '!B:B,"<="&EOMONTH(M21,0)) -> 35714.286 | K21: =J21-G21-L21 -> 0 | L21: 34000 | M21: 46054 | N21: 2 | O21: =IFERROR(__xludf.DUMMYFUNCTION("IFERROR(AVERAGE(FILTER('حضور '!I:I,'حضور '!A:A=A21,MONTH('حضور '!B:B)=N21)),"""")"),2976.190476190476) -> 2976.1905
A22: محمد حسين الحداد | B22: =IFERROR(__xludf.DUMMYFUNCTION("COUNTA(UNIQUE(FILTER('حضور '!B:B,'حضور '!A:A=A22,'حضور '!B:B>=EOMONTH(M22,-1)+1,'حضور '!B:B<=EOMONTH(M22,0))))"),14.0) -> 14 | C22: =SUMIFS('حضور '!G:G,'حضور '!A:A,A22,'حضور '!B:B,">="&EOMONTH(M22,-1)+1,'حضور '!B:B,"<="&EOMONTH(M22,0)) -> 145.4 | D22: =SUMIFS('حضور عمل خارجي'!I:I,'حضور عمل خارجي'!A:A,A22,'حضور عمل خارجي'!C:C,">="&EOMONTH(M22,-1)+1,'حضور عمل خارجي'!C:C,"<="&EOMONTH(M22,0)) -> 0 | E22: =J22-F22 -> 222589.3 | F22: =B22*9*O22 -> 506250.03 | G22: =SUMIFS('حضور '!K:K,'حضور '!A:A,A22,'حضور '!B:B,">="&EOMONTH(M22,-1)+1,'حضور '!B:B,"<="&EOMONTH(M22,0)) -> 110839 | H22: =SUMIFS('حضور '!J:J,'حضور '!A:A,A22,'حضور '!B:B,">="&EOMONTH(M22,-1)+1,'حضور '!B:B,"<="&EOMONTH(M22,0)) -> 0 | I22: =SUMIFS('حضور '!L:L,'حضور '!A:A,A22,'حضور '!B:B,">="&EOMONTH(M22,-1)+1,'حضور '!B:B,"<="&EOMONTH(M22,0)) -> 0 | J22: =SUMIFS('حضور '!M:M,'حضور '!A:A,A22,'حضور '!B:B,">="&EOMONTH(M22,-1)+1,'حضور '!B:B,"<="&EOMONTH(M22,0))+(O22*36)+D22 -> 728839.33 | K22: =J22-G22-L22 -> 0.32586368 | L22: 618000 | M22: 46054 | N22: 2 | O22: =IFERROR(__xludf.DUMMYFUNCTION("IFERROR(AVERAGE(FILTER('حضور '!I:I,'حضور '!A:A=A22,MONTH('حضور '!B:B)=N22)),"""")"),4017.8573762838478) -> 4017.8574
A23: اجمالي | G23: =SUM(G9:G22) -> 5716830.4 | H23: =SUM(H9:H22) -> 0 | I23: =SUM(I9:I22) -> 0 | J23: =SUM(J9:J22) -> 7940838.3 | K23: =SUM(K9:K22) -> -2750000.1 | L23: =SUM(L9:L22) -> 4974008 | M23: فبراير
A24: حسين سالم | B24: =SUMIFS('حضور '!H:H,'حضور '!A:A,A24,'حضور '!B:B,">="&EOMONTH(M24,-1)+1,'حضور '!B:B,"<="&EOMONTH(M24,0)) -> 22 | C24: =SUMIFS('حضور '!G:G,'حضور '!A:A,A24,'حضور '!B:B,">="&EOMONTH(M24,-1)+1,'حضور '!B:B,"<="&EOMONTH(M24,0)) -> 172.03333 | D24: =SUMIFS('حضور عمل خارجي'!I:I,'حضور عمل خارجي'!A:A,A24,'حضور عمل خارجي'!C:C,">="&EOMONTH(M24,-1)+1,'حضور عمل خارجي'!C:C,"<="&EOMONTH(M24,0)) -> 0 | E24: =J24-F24 -> 35096.022 | F24: =B24*9*O24 -> 692592.59 | G24: =SUMIFS('حضور '!K:K,'حضور '!A:A,A24,'حضور '!B:B,">="&EOMONTH(M24,-1)+1,'حضور '!B:B,"<="&EOMONTH(M24,0)) -> 206750 | H24: =SUMIFS('حضور '!J:J,'حضور '!A:A,A24,'حضور '!B:B,">="&EOMONTH(M24,-1)+1,'حضور '!B:B,"<="&EOMONTH(M24,0)) -> 50000 | I24: =SUMIFS('حضور '!L:L,'حضور '!A:A,A24,'حضور '!B:B,">="&EOMONTH(M24,-1)+1,'حضور '!B:B,"<="&EOMONTH(M24,0)) -> 0 | J24: =SUMIFS('حضور '!M:M,'حضور '!A:A,A24,'حضور '!B:B,">="&EOMONTH(M24,-1)+1,'حضور '!B:B,"<="&EOMONTH(M24,0))+(O24*36)+D24 -> 727688.61 | K24: =J24-G24-L24-H24+I24 -> 470938.61 | M24: 46093 | N24: 3 | O24: =IFERROR(__xludf.DUMMYFUNCTION("IFERROR(AVERAGE(FILTER('حضور '!I:I,'حضور '!A:A=A24,MONTH('حضور '!B:B)=N24)),"""")"),3497.9423868312747) -> 3497.9424
A25: حيدر يافوز | B25: =SUMIFS('حضور '!H:H,'حضور '!A:A,A25,'حضور '!B:B,">="&EOMONTH(M25,-1)+1,'حضور '!B:B,"<="&EOMONTH(M25,0)) -> 27 | C25: =SUMIFS('حضور '!G:G,'حضور '!A:A,A25,'حضور '!B:B,">="&EOMONTH(M25,-1)+1,'حضور '!B:B,"<="&EOMONTH(M25,0)) -> 253.21667 | D25: =SUMIFS('حضور عمل خارجي'!I:I,'حضور عمل خارجي'!A:A,A25,'حضور عمل خارجي'!C:C,">="&EOMONTH(M25,-1)+1,'حضور عمل خارجي'!C:C,"<="&EOMONTH(M25,0)) -> 67901.235 | E25: =J25-F25 -> 172506.86 | F25: =B25*9*O25 -> 550000 | G25: =SUMIFS('حضور '!K:K,'حضور '!A:A,A25,'حضور '!B:B,">="&EOMONTH(M25,-1)+1,'حضور '!B:B,"<="&EOMONTH(M25,0)) -> 353500 | H25: =SUMIFS('حضور '!J:J,'حضور '!A:A,A25,'حضور '!B:B,">="&EOMONTH(M25,-1)+1,'حضور '!B:B,"<="&EOMONTH(M25,0)) -> 0 | I25: =SUMIFS('حضور '!L:L,'حضور '!A:A,A25,'حضور '!B:B,">="&EOMONTH(M25,-1)+1,'حضور '!B:B,"<="&EOMONTH(M25,0)) -> 0 | J25: =SUMIFS('حضور '!M:M,'حضور '!A:A,A25,'حضور '!B:B,">="&EOMONTH(M25,-1)+1,'حضور '!B:B,"<="&EOMONTH(M25,0))+(O25*36)+D25 -> 722506.86 | K25: =J25-G25-L25-H25+I25 -> 369006.86 | M25: 46094 | N25: 3 | O25: =IFERROR(__xludf.DUMMYFUNCTION("IFERROR(AVERAGE(FILTER('حضور '!I:I,'حضور '!A:A=A25,MONTH('حضور '!B:B)=N25)),"""")"),2263.3744855967084) -> 2263.3745
A26: خضر عبد الخالق | B26: =SUMIFS('حضور '!H:H,'حضور '!A:A,A26,'حضور '!B:B,">="&EOMONTH(M26,-1)+1,'حضور '!B:B,"<="&EOMONTH(M26,0)) -> 8 | C26: =SUMIFS('حضور '!G:G,'حضور '!A:A,A26,'حضور '!B:B,">="&EOMONTH(M26,-1)+1,'حضور '!B:B,"<="&EOMONTH(M26,0)) -> 61.1 | E26: =J26-F26 -> 77469.136 | F26: =B26*9*O26 -> 222222.22 | G26: =SUMIFS('حضور '!K:K,'حضور '!A:A,A26,'حضور '!B:B,">="&EOMONTH(M26,-1)+1,'حضور '!B:B,"<="&EOMONTH(M26,0)) -> 88500 | H26: =SUMIFS('حضور '!J:J,'حضور '!A:A,A26,'حضور '!B:B,">="&EOMONTH(M26,-1)+1,'حضور '!B:B,"<="&EOMONTH(M26,0)) -> 50000 | I26: =SUMIFS('حضور '!L:L,'حضور '!A:A,A26,'حضور '!B:B,">="&EOMONTH(M26,-1)+1,'حضور '!B:B,"<="&EOMONTH(M26,0)) -> 0 | J26: =SUMIFS('حضور '!M:M,'حضور '!A:A,A26,'حضور '!B:B,">="&EOMONTH(M26,-1)+1,'حضور '!B:B,"<="&EOMONTH(M26,0))+(O26*36)+D26 -> 299691.36 | K26: =J26-G26-L26-H26+I26 -> 161191.36 | M26: 46095 | N26: 3 | O26: =IFERROR(__xludf.DUMMYFUNCTION("IFERROR(AVERAGE(FILTER('حضور '!I:I,'حضور '!A:A=A26,MONTH('حضور '!B:B)=N26)),"""")"),3086.4197530864194) -> 3086.4198
A27: محمد فؤاد سالم | B27: =SUMIFS('حضور '!H:H,'حضور '!A:A,A27,'حضور '!B:B,">="&EOMONTH(M27,-1)+1,'حضور '!B:B,"<="&EOMONTH(M27,0)) -> 2 | C27: =SUMIFS('حضور '!G:G,'حضور '!A:A,A27,'حضور '!B:B,">="&EOMONTH(M27,-1)+1,'حضور '!B:B,"<="&EOMONTH(M27,0)) -> 17 | E27: =J27-F27 -> -2674.8971 | F27: =B27*9*O27 -> 48148.148 | G27: =SUMIFS('حضور '!K:K,'حضور '!A:A,A27,'حضور '!B:B,">="&EOMONTH(M27,-1)+1,'حضور '!B:B,"<="&EOMONTH(M27,0)) -> 0 | H27: =SUMIFS('حضور '!J:J,'حضور '!A:A,A27,'حضور '!B:B,">="&EOMONTH(M27,-1)+1,'حضور '!B:B,"<="&EOMONTH(M27,0)) -> 0 | I27: =SUMIFS('حضور '!L:L,'حضور '!A:A,A27,'حضور '!B:B,">="&EOMONTH(M27,-1)+1,'حضور '!B:B,"<="&EOMONTH(M27,0)) -> 4527 | J27: =SUMIFS('حضور '!M:M,'حضور '!A:A,A27,'حضور '!B:B,">="&EOMONTH(M27,-1)+1,'حضور '!B:B,"<="&EOMONTH(M27,0)) -> 45473.251 | K27: =J27-G27-L27-H27+I27 -> 0.25102881 | L27: 50000 | M27: 46098 | N27: 3 | O27: =IFERROR(__xludf.DUMMYFUNCTION("IFERROR(AVERAGE(FILTER('حضور '!I:I,'حضور '!A:A=A27,MONTH('حضور '!B:B)=N27)),"""")"),2674.8971193415637) -> 2674.8971
A28: يوسف احمد | B28: =SUMIFS('حضور '!H:H,'حضور '!A:A,A28,'حضور '!B:B,">="&EOMONTH(M28,-1)+1,'حضور '!B:B,"<="&EOMONTH(M28,0)) -> 2 | C28: =SUMIFS('حضور '!G:G,'حضور '!A:A,A28,'حضور '!B:B,">="&EOMONTH(M28,-1)+1,'حضور '!B:B,"<="&EOMONTH(M28,0)) -> 15.5 | E28: =J28-F28 -> -7716.0494 | F28: =B28*9*O28 -> 55555.556 | G28: =SUMIFS('حضور '!K:K,'حضور '!A:A,A28,'حضور '!B:B,">="&EOMONTH(M28,-1)+1,'حضور '!B:B,"<="&EOMONTH(M28,0)) -> 0 | H28: =SUMIFS('حضور '!J:J,'حضور '!A:A,A28,'حضور '!B:B,">="&EOMONTH(M28,-1)+1,'حضور '!B:B,"<="&EOMONTH(M28,0)) -> 0 | I28: =SUMIFS('حضور '!L:L,'حضور '!A:A,A28,'حضور '!B:B,">="&EOMONTH(M28,-1)+1,'حضور '!B:B,"<="&EOMONTH(M28,0)) -> 2160 | J28: =SUMIFS('حضور '!M:M,'حضور '!A:A,A28,'حضور '!B:B,">="&EOMONTH(M28,-1)+1,'حضور '!B:B,"<="&EOMONTH(M28,0)) -> 47839.506 | K28: =J28-G28-L28-H28+I28 -> -0.49382716 | L28: 50000 | M28: 46099 | N28: 3 | O28: =IFERROR(__xludf.DUMMYFUNCTION("IFERROR(AVERAGE(FILTER('حضور '!I:I,'حضور '!A:A=A28,MONTH('حضور '!B:B)=N28)),"""")"),3086.41975308642) -> 3086.4198
A29: حيدر المحاسب | B29: =SUMIFS('حضور '!H:H,'حضور '!A:A,A29,'حضور '!B:B,">="&EOMONTH(M29,-1)+1,'حضور '!B:B,"<="&EOMONTH(M29,0)) -> 0 | C29: =SUMIFS('حضور '!G:G,'حضور '!A:A,A29,'حضور '!B:B,">="&EOMONTH(M29,-1)+1,'حضور '!B:B,"<="&EOMONTH(M29,0)) -> 0 | E29: =J29-F29 -> 350000 | F29: =B29*9*O29 -> 0 | G29: =SUMIFS('حضور '!K:K,'حضور '!A:A,A29,'حضور '!B:B,">="&EOMONTH(M29,-1)+1,'حضور '!B:B,"<="&EOMONTH(M29,0)) -> 182000 | H29: =SUMIFS('حضور '!J:J,'حضور '!A:A,A29,'حضور '!B:B,">="&EOMONTH(M29,-1)+1,'حضور '!B:B,"<="&EOMONTH(M29,0)) -> 25000 | I29: =SUMIFS('حضور '!L:L,'حضور '!A:A,A29,'حضور '!B:B,">="&EOMONTH(M29,-1)+1,'حضور '!B:B,"<="&EOMONTH(M29,0)) -> 0 | J29: =SUMIFS('حضور '!M:M,'حضور '!A:A,A29,'حضور '!B:B,">="&EOMONTH(M29,-1)+1,'حضور '!B:B,"<="&EOMONTH(M29,0))+(O29*36)+D29 -> 350000 | K29: =J29-G29-L29-H29+I29 -> 143000 | M29: 46096 | N29: 3 | O29: =IFERROR(__xludf.DUMMYFUNCTION("IFERROR(AVERAGE(FILTER('حضور '!I:I,'حضور '!A:A=A29,MONTH('حضور '!B:B)=N29)),"""")"),"")
A30: علي الباكستاني | B30: =SUMIFS('حضور '!H:H,'حضور '!A:A,A30,'حضور '!B:B,">="&EOMONTH(M30,-1)+1,'حضور '!B:B,"<="&EOMONTH(M30,0)) -> 0 | C30: =SUMIFS('حضور '!G:G,'حضور '!A:A,A30,'حضور '!B:B,">="&EOMONTH(M30,-1)+1,'حضور '!B:B,"<="&EOMONTH(M30,0)) -> 0 | E30: =J30-F30 -> 550000 | F30: =B30*9*O30 -> 0 | G30: =SUMIFS('حضور '!K:K,'حضور '!A:A,A30,'حضور '!B:B,">="&EOMONTH(M30,-1)+1,'حضور '!B:B,"<="&EOMONTH(M30,0)) -> 15000 | H30: =SUMIFS('حضور '!J:J,'حضور '!A:A,A30,'حضور '!B:B,">="&EOMONTH(M30,-1)+1,'حضور '!B:B,"<="&EOMONTH(M30,0)) -> 50000 | I30: =SUMIFS('حضور '!L:L,'حضور '!A:A,A30,'حضور '!B:B,">="&EOMONTH(M30,-1)+1,'حضور '!B:B,"<="&EOMONTH(M30,0)) -> 0 | J30: =SUMIFS('حضور '!M:M,'حضور '!A:A,A30,'حضور '!B:B,">="&EOMONTH(M30,-1)+1,'حضور '!B:B,"<="&EOMONTH(M30,0))+(O30*36)+D30 -> 550000 | K30: =J30-G30-L30-H30+I30 -> 485000 | M30: 46097 | N30: 3 | O30: =IFERROR(__xludf.DUMMYFUNCTION("IFERROR(AVERAGE(FILTER('حضور '!I:I,'حضور '!A:A=A30,MONTH('حضور '!B:B)=N30)),"""")"),"")
A32: اجمالي | G32: =SUM(G24:G30) -> 845750 | H32: =SUM(H24:H30) -> 175000 | I32: =SUM(I24:I30) -> 6687 | J32: =SUM(J24:J30) -> 2743199.6 | K32: =SUM(K24:K30) -> 1629136.6 | L32: =SUM(L24:L30) -> 100000 | M32: مارس
O35: =IFERROR(__xludf.DUMMYFUNCTION("IFERROR(AVERAGE(FILTER('حضور '!I:I,'حضور '!A:A=A35,MONTH('حضور '!B:B)=N35)),"""")"),"")
O36: =IFERROR(__xludf.DUMMYFUNCTION("IFERROR(AVERAGE(FILTER('حضور '!I:I,'حضور '!A:A=A36,MONTH('حضور '!B:B)=N36)),"""")"),"")
O37: =IFERROR(__xludf.DUMMYFUNCTION("IFERROR(AVERAGE(FILTER('حضور '!I:I,'حضور '!A:A=A37,MONTH('حضور '!B:B)=N37)),"""")"),"")
O38: =IFERROR(__xludf.DUMMYFUNCTION("IFERROR(AVERAGE(FILTER('حضور '!I:I,'حضور '!A:A=A38,MONTH('حضور '!B:B)=N38)),"""")"),"")
O39: =IFERROR(__xludf.DUMMYFUNCTION("IFERROR(AVERAGE(FILTER('حضور '!I:I,'حضور '!A:A=A39,MONTH('حضور '!B:B)=N39)),"""")"),"")
O40: =IFERROR(__xludf.DUMMYFUNCTION("IFERROR(AVERAGE(FILTER('حضور '!I:I,'حضور '!A:A=A40,MONTH('حضور '!B:B)=N40)),"""")"),"")
O41: =IFERROR(__xludf.DUMMYFUNCTION("IFERROR(AVERAGE(FILTER('حضور '!I:I,'حضور '!A:A=A41,MONTH('حضور '!B:B)=N41)),"""")"),"")
O42: =IFERROR(__xludf.DUMMYFUNCTION("IFERROR(AVERAGE(FILTER('حضور '!I:I,'حضور '!A:A=A42,MONTH('حضور '!B:B)=N42)),"""")"),"")
O43: =IFERROR(__xludf.DUMMYFUNCTION("IFERROR(AVERAGE(FILTER('حضور '!I:I,'حضور '!A:A=A43,MONTH('حضور '!B:B)=N43)),"""")"),"")
O44: =IFERROR(__xludf.DUMMYFUNCTION("IFERROR(AVERAGE(FILTER('حضور '!I:I,'حضور '!A:A=A44,MONTH('حضور '!B:B)=N44)),"""")"),"")
O45: =IFERROR(__xludf.DUMMYFUNCTION("IFERROR(AVERAGE(FILTER('حضور '!I:I,'حضور '!A:A=A45,MONTH('حضور '!B:B)=N45)),"""")"),"")
O46: =IFERROR(__xludf.DUMMYFUNCTION("IFERROR(AVERAGE(FILTER('حضور '!I:I,'حضور '!A:A=A46,MONTH('حضور '!B:B)=N46)),"""")"),"")
O47: =IFERROR(__xludf.DUMMYFUNCTION("IFERROR(AVERAGE(FILTER('حضور '!I:I,'حضور '!A:A=A47,MONTH('حضور '!B:B)=N47)),"""")"),"")
O48: =IFERROR(__xludf.DUMMYFUNCTION("IFERROR(AVERAGE(FILTER('حضور '!I:I,'حضور '!A:A=A48,MONTH('حضور '!B:B)=N48)),"""")"),"")
O49: =IFERROR(__xludf.DUMMYFUNCTION("IFERROR(AVERAGE(FILTER('حضور '!I:I,'حضور '!A:A=A49,MONTH('حضور '!B:B)=N49)),"""")"),"")
O50: =IFERROR(__xludf.DUMMYFUNCTION("IFERROR(AVERAGE(FILTER('حضور '!I:I,'حضور '!A:A=A50,MONTH('حضور '!B:B)=N50)),"""")"),"")
O51: =IFERROR(__xludf.DUMMYFUNCTION("IFERROR(AVERAGE(FILTER('حضور '!I:I,'حضور '!A:A=A51,MONTH('حضور '!B:B)=N51)),"""")"),"")
O52: =IFERROR(__xludf.DUMMYFUNCTION("IFERROR(AVERAGE(FILTER('حضور '!I:I,'حضور '!A:A=A52,MONTH('حضور '!B:B)=N52)),"""")"),"")
O53: =IFERROR(__xludf.DUMMYFUNCTION("IFERROR(AVERAGE(FILTER('حضور '!I:I,'حضور '!A:A=A53,MONTH('حضور '!B:B)=N53)),"""")"),"")
O54: =IFERROR(__xludf.DUMMYFUNCTION("IFERROR(AVERAGE(FILTER('حضور '!I:I,'حضور '!A:A=A54,MONTH('حضور '!B:B)=N54)),"""")"),"")
O55: =IFERROR(__xludf.DUMMYFUNCTION("IFERROR(AVERAGE(FILTER('حضور '!I:I,'حضور '!A:A=A55,MONTH('حضور '!B:B)=N55)),"""")"),"")
O56: =IFERROR(__xludf.DUMMYFUNCTION("IFERROR(AVERAGE(FILTER('حضور '!I:I,'حضور '!A:A=A56,MONTH('حضور '!B:B)=N56)),"""")"),"")
O57: =IFERROR(__xludf.DUMMYFUNCTION("IFERROR(AVERAGE(FILTER('حضور '!I:I,'حضور '!A:A=A57,MONTH('حضور '!B:B)=N57)),"""")"),"")
O58: =IFERROR(__xludf.DUMMYFUNCTION("IFERROR(AVERAGE(FILTER('حضور '!I:I,'حضور '!A:A=A58,MONTH('حضور '!B:B)=N58)),"""")"),"")
O59: =IFERROR(__xludf.DUMMYFUNCTION("IFERROR(AVERAGE(FILTER('حضور '!I:I,'حضور '!A:A=A59,MONTH('حضور '!B:B)=N59)),"""")"),"")
O60: =IFERROR(__xludf.DUMMYFUNCTION("IFERROR(AVERAGE(FILTER('حضور '!I:I,'حضور '!A:A=A60,MONTH('حضور '!B:B)=N60)),"""")"),"")
O61: =IFERROR(__xludf.DUMMYFUNCTION("IFERROR(AVERAGE(FILTER('حضور '!I:I,'حضور '!A:A=A61,MONTH('حضور '!B:B)=N61)),"""")"),"")
O62: =IFERROR(__xludf.DUMMYFUNCTION("IFERROR(AVERAGE(FILTER('حضور '!I:I,'حضور '!A:A=A62,MONTH('حضور '!B:B)=N62)),"""")"),"")
O63: =IFERROR(__xludf.DUMMYFUNCTION("IFERROR(AVERAGE(FILTER('حضور '!I:I,'حضور '!A:A=A63,MONTH('حضور '!B:B)=N63)),"""")"),"")
O64: =IFERROR(__xludf.DUMMYFUNCTION("IFERROR(AVERAGE(FILTER('حضور '!I:I,'حضور '!A:A=A64,MONTH('حضور '!B:B)=N64)),"""")"),"")
O65: =IFERROR(__xludf.DUMMYFUNCTION("IFERROR(AVERAGE(FILTER('حضور '!I:I,'حضور '!A:A=A65,MONTH('حضور '!B:B)=N65)),"""")"),"")
O66: =IFERROR(__xludf.DUMMYFUNCTION("IFERROR(AVERAGE(FILTER('حضور '!I:I,'حضور '!A:A=A66,MONTH('حضور '!B:B)=N66)),"""")"),"")
O67: =IFERROR(__xludf.DUMMYFUNCTION("IFERROR(AVERAGE(FILTER('حضور '!I:I,'حضور '!A:A=A67,MONTH('حضور '!B:B)=N67)),"""")"),"")
O68: =IFERROR(__xludf.DUMMYFUNCTION("IFERROR(AVERAGE(FILTER('حضور '!I:I,'حضور '!A:A=A68,MONTH('حضور '!B:B)=N68)),"""")"),"")
O69: =IFERROR(__xludf.DUMMYFUNCTION("IFERROR(AVERAGE(FILTER('حضور '!I:I,'حضور '!A:A=A69,MONTH('حضور '!B:B)=N69)),"""")"),"")
O70: =IFERROR(__xludf.DUMMYFUNCTION("IFERROR(AVERAGE(FILTER('حضور '!I:I,'حضور '!A:A=A70,MONTH('حضور '!B:B)=N70)),"""")"),"")
O71: =IFERROR(__xludf.DUMMYFUNCTION("IFERROR(AVERAGE(FILTER('حضور '!I:I,'حضور '!A:A=A71,MONTH('حضور '!B:B)=N71)),"""")"),"")
O72: =IFERROR(__xludf.DUMMYFUNCTION("IFERROR(AVERAGE(FILTER('حضور '!I:I,'حضور '!A:A=A72,MONTH('حضور '!B:B)=N72)),"""")"),"")
O73: =IFERROR(__xludf.DUMMYFUNCTION("IFERROR(AVERAGE(FILTER('حضور '!I:I,'حضور '!A:A=A73,MONTH('حضور '!B:B)=N73)),"""")"),"")
O74: =IFERROR(__xludf.DUMMYFUNCTION("IFERROR(AVERAGE(FILTER('حضور '!I:I,'حضور '!A:A=A74,MONTH('حضور '!B:B)=N74)),"""")"),"")
O75: =IFERROR(__xludf.DUMMYFUNCTION("IFERROR(AVERAGE(FILTER('حضور '!I:I,'حضور '!A:A=A75,MONTH('حضور '!B:B)=N75)),"""")"),"")
O76: =IFERROR(__xludf.DUMMYFUNCTION("IFERROR(AVERAGE(FILTER('حضور '!I:I,'حضور '!A:A=A76,MONTH('حضور '!B:B)=N76)),"""")"),"")
O77: =IFERROR(__xludf.DUMMYFUNCTION("IFERROR(AVERAGE(FILTER('حضور '!I:I,'حضور '!A:A=A77,MONTH('حضور '!B:B)=N77)),"""")"),"")
O78: =IFERROR(__xludf.DUMMYFUNCTION("IFERROR(AVERAGE(FILTER('حضور '!I:I,'حضور '!A:A=A78,MONTH('حضور '!B:B)=N78)),"""")"),"")
O79: =IFERROR(__xludf.DUMMYFUNCTION("IFERROR(AVERAGE(FILTER('حضور '!I:I,'حضور '!A:A=A79,MONTH('حضور '!B:B)=N79)),"""")"),"")
O80: =IFERROR(__xludf.DUMMYFUNCTION("IFERROR(AVERAGE(FILTER('حضور '!I:I,'حضور '!A:A=A80,MONTH('حضور '!B:B)=N80)),"""")"),"")
O81: =IFERROR(__xludf.DUMMYFUNCTION("IFERROR(AVERAGE(FILTER('حضور '!I:I,'حضور '!A:A=A81,MONTH('حضور '!B:B)=N81)),"""")"),"")
O82: =IFERROR(__xludf.DUMMYFUNCTION("IFERROR(AVERAGE(FILTER('حضور '!I:I,'حضور '!A:A=A82,MONTH('حضور '!B:B)=N82)),"""")"),"")
O83: =IFERROR(__xludf.DUMMYFUNCTION("IFERROR(AVERAGE(FILTER('حضور '!I:I,'حضور '!A:A=A83,MONTH('حضور '!B:B)=N83)),"""")"),"")
O84: =IFERROR(__xludf.DUMMYFUNCTION("IFERROR(AVERAGE(FILTER('حضور '!I:I,'حضور '!A:A=A84,MONTH('حضور '!B:B)=N84)),"""")"),"")
O85: =IFERROR(__xludf.DUMMYFUNCTION("IFERROR(AVERAGE(FILTER('حضور '!I:I,'حضور '!A:A=A85,MONTH('حضور '!B:B)=N85)),"""")"),"")
O86: =IFERROR(__xludf.DUMMYFUNCTION("IFERROR(AVERAGE(FILTER('حضور '!I:I,'حضور '!A:A=A86,MONTH('حضور '!B:B)=N86)),"""")"),"")
O87: =IFERROR(__xludf.DUMMYFUNCTION("IFERROR(AVERAGE(FILTER('حضور '!I:I,'حضور '!A:A=A87,MONTH('حضور '!B:B)=N87)),"""")"),"")
O88: =IFERROR(__xludf.DUMMYFUNCTION("IFERROR(AVERAGE(FILTER('حضور '!I:I,'حضور '!A:A=A88,MONTH('حضور '!B:B)=N88)),"""")"),"")
O89: =IFERROR(__xludf.DUMMYFUNCTION("IFERROR(AVERAGE(FILTER('حضور '!I:I,'حضور '!A:A=A89,MONTH('حضور '!B:B)=N89)),"""")"),"")
O90: =IFERROR(__xludf.DUMMYFUNCTION("IFERROR(AVERAGE(FILTER('حضور '!I:I,'حضور '!A:A=A90,MONTH('حضور '!B:B)=N90)),"""")"),"")
O91: =IFERROR(__xludf.DUMMYFUNCTION("IFERROR(AVERAGE(FILTER('حضور '!I:I,'حضور '!A:A=A91,MONTH('حضور '!B:B)=N91)),"""")"),"")
O92: =IFERROR(__xludf.DUMMYFUNCTION("IFERROR(AVERAGE(FILTER('حضور '!I:I,'حضور '!A:A=A92,MONTH('حضور '!B:B)=N92)),"""")"),"")
O93: =IFERROR(__xludf.DUMMYFUNCTION("IFERROR(AVERAGE(FILTER('حضور '!I:I,'حضور '!A:A=A93,MONTH('حضور '!B:B)=N93)),"""")"),"")
O94: =IFERROR(__xludf.DUMMYFUNCTION("IFERROR(AVERAGE(FILTER('حضور '!I:I,'حضور '!A:A=A94,MONTH('حضور '!B:B)=N94)),"""")"),"")
O95: =IFERROR(__xludf.DUMMYFUNCTION("IFERROR(AVERAGE(FILTER('حضور '!I:I,'حضور '!A:A=A95,MONTH('حضور '!B:B)=N95)),"""")"),"")
O96: =IFERROR(__xludf.DUMMYFUNCTION("IFERROR(AVERAGE(FILTER('حضور '!I:I,'حضور '!A:A=A96,MONTH('حضور '!B:B)=N96)),"""")"),"")
O97: =IFERROR(__xludf.DUMMYFUNCTION("IFERROR(AVERAGE(FILTER('حضور '!I:I,'حضور '!A:A=A97,MONTH('حضور '!B:B)=N97)),"""")"),"")
O98: =IFERROR(__xludf.DUMMYFUNCTION("IFERROR(AVERAGE(FILTER('حضور '!I:I,'حضور '!A:A=A98,MONTH('حضور '!B:B)=N98)),"""")"),"")
O99: =IFERROR(__xludf.DUMMYFUNCTION("IFERROR(AVERAGE(FILTER('حضور '!I:I,'حضور '!A:A=A99,MONTH('حضور '!B:B)=N99)),"""")"),"")
O100: =IFERROR(__xludf.DUMMYFUNCTION("IFERROR(AVERAGE(FILTER('حضور '!I:I,'حضور '!A:A=A100,MONTH('حضور '!B:B)=N100)),"""")"),"")
O101: =IFERROR(__xludf.DUMMYFUNCTION("IFERROR(AVERAGE(FILTER('حضور '!I:I,'حضور '!A:A=A101,MONTH('حضور '!B:B)=N101)),"""")"),"")
O102: =IFERROR(__xludf.DUMMYFUNCTION("IFERROR(AVERAGE(FILTER('حضور '!I:I,'حضور '!A:A=A102,MONTH('حضور '!B:B)=N102)),"""")"),"")
O103: =IFERROR(__xludf.DUMMYFUNCTION("IFERROR(AVERAGE(FILTER('حضور '!I:I,'حضور '!A:A=A103,MONTH('حضور '!B:B)=N103)),"""")"),"")
...

Sheet حضور عمل خارجي
A1: الاسم | B1: المكان | C1: التاريخ | D1: دخول | E1: خروج | F1: الساعات | G1: العمود 1 | H1: سعر الساعة | I1: الاضافي | K1: الملاحظات
A2: حسين سالم | B2: فك جسر التربية | C2: 46063 | D2: 0.125 | E2: 0.41666667 | F2: =IF(AND(D2<>"",E2<>""),(E2-D2)*24,"") -> 7 | G2: =IFERROR(__xludf.DUMMYFUNCTION("IFERROR(AVERAGE(FILTER('حضور '!I:I,'حضور '!A:A=A2,MONTH('حضور '!B:B)=J2)),"""")"),3373.016354016354) -> 3373.0164 | H2: =G2*0.5 -> 1686.5082 | I2: =H2*F2 -> 11805.557 | J2: 2
A3: حسين سالم | B3: رمضان كريم ( جسر المشاة) | C3: 46064 | D3: 0.79166667 | E3: 0.99930556 | F3: =IF(AND(D3<>"",E3<>""),(E3-D3)*24,"") -> 4.9833333 | G3: =IFERROR(__xludf.DUMMYFUNCTION("IFERROR(AVERAGE(FILTER('حضور '!I:I,'حضور '!A:A=A3,MONTH('حضور '!B:B)=J3)),"""")"),3373.016354016354) -> 3373.0164 | H3: =G3*0.5 -> 1686.5082 | I3: =H3*F3 -> 8404.4324 | J3: 2
A4: حسين سالم | B4: رمضان كريم ( جسر المشاة) | C4: 46065 | D4: 0 | E4: 0.41666667 | F4: =IF(AND(D4<>"",E4<>""),(E4-D4)*24,"") -> 10 | G4: =IFERROR(__xludf.DUMMYFUNCTION("IFERROR(AVERAGE(FILTER('حضور '!I:I,'حضور '!A:A=A4,MONTH('حضور '!B:B)=J4)),"""")"),3373.016354016354) -> 3373.0164 | H4: =G4*0.5 -> 1686.5082 | I4: =H4*F4 -> 16865.082 | J4: 2
A5: حسين سالم | B5: شدجسر التربية | C5: 46066 | D5: 0.125 | E5: 0.45833333 | F5: =IF(AND(D5<>"",E5<>""),(E5-D5)*24,"") -> 8 | G5: =IFERROR(__xludf.DUMMYFUNCTION("IFERROR(AVERAGE(FILTER('حضور '!I:I,'حضور '!A:A=A5,MONTH('حضور '!B:B)=J5)),"""")"),3373.016354016354) -> 3373.0164 | H5: =G5*0.5 -> 1686.5082 | I5: =H5*F5 -> 13492.065 | J5: 2
A6: حسين سالم | B6: رمضان كريم | C6: 46067 | D6: 0.83333333 | E6: 0.99930556 | F6: =IF(AND(D6<>"",E6<>""),(E6-D6)*24,"") -> 3.9833333 | G6: =IFERROR(__xludf.DUMMYFUNCTION("IFERROR(AVERAGE(FILTER('حضور '!I:I,'حضور '!A:A=A6,MONTH('حضور '!B:B)=J6)),"""")"),3373.016354016354) -> 3373.0164 | H6: =G6*0.5 -> 1686.5082 | I6: =H6*F6 -> 6717.9242 | J6: 2
A7: حسين سالم | B7: رمضان كريم | C7: 46068 | D7: 0 | E7: 0.16666667 | F7: =IF(AND(D7<>"",E7<>""),(E7-D7)*24,"") -> 4 | G7: =IFERROR(__xludf.DUMMYFUNCTION("IFERROR(AVERAGE(FILTER('حضور '!I:I,'حضور '!A:A=A2,MONTH('حضور '!B:B)=J7)),"""")"),3373.016354016354) -> 3373.0164 | H7: =G7*0.5 -> 1686.5082 | I7: =H7*F7 -> 6746.0327 | J7: 2
A8: حسين سالم | B8: بساطات | C8: 46069 | D8: 0.91666667 | E8: 0.99930556 | F8: =IF(AND(D8<>"",E8<>""),(E8-D8)*24,"") -> 1.9833333 | G8: =IFERROR(__xludf.DUMMYFUNCTION("IFERROR(AVERAGE(FILTER('حضور '!I:I,'حضور '!A:A=A3,MONTH('حضور '!B:B)=J8)),"""")"),3373.016354016354) -> 3373.0164 | H8: =G8*0.5 -> 1686.5082 | I8: =H8*F8 -> 3344.9079 | J8: 2
A9: حسين سالم | B9: بساطات | C9: 46070 | D9: 0 | E9: 0.375 | F9: =IF(AND(D9<>"",E9<>""),(E9-D9)*24,"") -> 9 | G9: =IFERROR(__xludf.DUMMYFUNCTION("IFERROR(AVERAGE(FILTER('حضور '!I:I,'حضور '!A:A=A4,MONTH('حضور '!B:B)=J9)),"""")"),3373.016354016354) -> 3373.0164 | H9: =G9*0.5 -> 1686.5082 | I9: =H9*F9 -> 15178.574 | J9: 2
A10: حسين سالم | B10: برواز كورنيش | C10: 46071 | D10: 0.70833333 | E10: 0.91666667 | F10: =IF(AND(D10<>"",E10<>""),(E10-D10)*24,"") -> 5 | G10: =IFERROR(__xludf.DUMMYFUNCTION("IFERROR(AVERAGE(FILTER('حضور '!I:I,'حضور '!A:A=A5,MONTH('حضور '!B:B)=J10)),"""")"),3373.016354016354) -> 3373.0164 | H10: =G10*0.5 -> 1686.5082 | I10: =H10*F10 -> 8432.5409 | J10: 2
A11: حسين سالم | B11: برواز الجامعة | C11: 46072 | D11: 0.83333333 | E11: 0.99930556 | F11: =IF(AND(D11<>"",E11<>""),(E11-D11)*24,"") -> 3.9833333 | G11: =IFERROR(__xludf.DUMMYFUNCTION("IFERROR(AVERAGE(FILTER('حضور '!I:I,'حضور '!A:A=A6,MONTH('حضور '!B:B)=J11)),"""")"),3373.016354016354) -> 3373.0164 | H11: =G11*0.5 -> 1686.5082 | I11: =H11*F11 -> 6717.9242 | J11: 2
A12: خضر عبد الخالق | B12: التربية | C12: 46054 | D12: 0.125 | E12: 0.375 | F12: =IF(AND(D12<>"",E12<>""),(E12-D12)*24,"") -> 6 | G12: =IFERROR(__xludf.DUMMYFUNCTION("IFERROR(AVERAGE(FILTER('حضور '!I:I,'حضور '!A:A=A12,MONTH('حضور '!B:B)=J12)),"""")"),2579.365079365081) -> 2579.3651 | H12: =G12*0.5 -> 1289.6825 | I12: =H12*F12 -> 7738.0952 | J12: 2
A13: خضر عبد الخالق | B13: اعلانات متفرقة | C13: 46056 | D13: 0.83333333 | E13: 0.99930556 | F13: =IF(AND(D13<>"",E13<>""),(E13-D13)*24,"") -> 3.9833333 | G13: =IFERROR(__xludf.DUMMYFUNCTION("IFERROR(AVERAGE(FILTER('حضور '!I:I,'حضور '!A:A=A13,MONTH('حضور '!B:B)=J13)),"""")"),2579.365079365081) -> 2579.3651 | H13: =G13*0.5 -> 1289.6825 | I13: =H13*F13 -> 5137.2355 | J13: 2
A14: خضر عبد الخالق | B14: اعلانات متفرقة | C14: 46057 | D14: 0 | E14: 0.41666667 | F14: =IF(AND(D14<>"",E14<>""),(E14-D14)*24,"") -> 10 | G14: =IFERROR(__xludf.DUMMYFUNCTION("IFERROR(AVERAGE(FILTER('حضور '!I:I,'حضور '!A:A=A14,MONTH('حضور '!B:B)=J14)),"""")"),2579.365079365081) -> 2579.3651 | H14: =G14*0.5 -> 1289.6825 | I14: =H14*F14 -> 12896.825 | J14: 2
A15: خضر عبد الخالق | B15: اعلانات متفرقة | C15: 46058 | D15: 0.83333333 | E15: 0.99930556 | F15: =IF(AND(D15<>"",E15<>""),(E15-D15)*24,"") -> 3.9833333 | G15: =IFERROR(__xludf.DUMMYFUNCTION("IFERROR(AVERAGE(FILTER('حضور '!I:I,'حضور '!A:A=A15,MONTH('حضور '!B:B)=J15)),"""")"),2579.365079365081) -> 2579.3651 | H15: =G15*0.5 -> 1289.6825 | I15: =H15*F15 -> 5137.2355 | J15: 2
A16: خضر عبد الخالق | B16: اعلانات متفرقة | C16: 46059 | D16: 0 | E16: 0.16666667 | F16: =IF(AND(D16<>"",E16<>""),(E16-D16)*24,"") -> 4 | G16: =IFERROR(__xludf.DUMMYFUNCTION("IFERROR(AVERAGE(FILTER('حضور '!I:I,'حضور '!A:A=A16,MONTH('حضور '!B:B)=J16)),"""")"),2579.365079365081) -> 2579.3651 | H16: =G16*0.5 -> 1289.6825 | I16: =H16*F16 -> 5158.7302 | J16: 2
A17: خضر عبد الخالق | B17: برواز | C17: 46060 | D17: 0.375 | E17: 0.58333333 | F17: =IF(AND(D17<>"",E17<>""),(E17-D17)*24,"") -> 5 | G17: =IFERROR(__xludf.DUMMYFUNCTION("IFERROR(AVERAGE(FILTER('حضور '!I:I,'حضور '!A:A=A17,MONTH('حضور '!B:B)=J17)),"""")"),2579.365079365081) -> 2579.3651 | H17: =G17*0.5 -> 1289.6825 | I17: =H17*F17 -> 6448.4127 | J17: 2
A18: حيدر يافوز | B18: بغداد | C18: 46103 | D18: 0.375 | E18: 0.875 | F18: =IF(AND(D18<>"",E18<>""),(E18-D18)*24,"") -> 12 | G18: =IFERROR(__xludf.DUMMYFUNCTION("IFERROR(AVERAGE(FILTER('حضور '!I:I,'حضور '!A:A=A18,MONTH('حضور '!B:B)=J18)),"""")"),2263.3744855967084) -> 2263.3745 | H18: =G18*0.5 -> 1131.6872 | I18: =H18*F18 -> 13580.247 | J18: 3
A19: حيدر يافوز | B19: بغداد | C19: 46104 | D19: 0.375 | E19: 0.875 | F19: =IF(AND(D19<>"",E19<>""),(E19-D19)*24,"") -> 12 | G19: =IFERROR(__xludf.DUMMYFUNCTION("IFERROR(AVERAGE(FILTER('حضور '!I:I,'حضور '!A:A=A19,MONTH('حضور '!B:B)=J19)),"""")"),2263.3744855967084) -> 2263.3745 | H19: =G19*0.5 -> 1131.6872 | I19: =H19*F19 -> 13580.247 | J19: 3
A20: حيدر يافوز | B20: بغداد | C20: 46105 | D20: 0.375 | E20: 0.875 | F20: =IF(AND(D20<>"",E20<>""),(E20-D20)*24,"") -> 12 | G20: =IFERROR(__xludf.DUMMYFUNCTION("IFERROR(AVERAGE(FILTER('حضور '!I:I,'حضور '!A:A=A20,MONTH('حضور '!B:B)=J20)),"""")"),2263.3744855967084) -> 2263.3745 | H20: =G20*0.5 -> 1131.6872 | I20: =H20*F20 -> 13580.247 | J20: 3
A21: حيدر يافوز | B21: بغداد | C21: 46106 | D21: 0.375 | E21: 0.875 | F21: =IF(AND(D21<>"",E21<>""),(E21-D21)*24,"") -> 12 | G21: =IFERROR(__xludf.DUMMYFUNCTION("IFERROR(AVERAGE(FILTER('حضور '!I:I,'حضور '!A:A=A21,MONTH('حضور '!B:B)=J21)),"""")"),2263.3744855967084) -> 2263.3745 | H21: =G21*0.5 -> 1131.6872 | I21: =H21*F21 -> 13580.247 | J21: 3
A22: حيدر يافوز | B22: بغداد | C22: 46107 | D22: 0.375 | E22: 0.875 | F22: =IF(AND(D22<>"",E22<>""),(E22-D22)*24,"") -> 12 | G22: =IFERROR(__xludf.DUMMYFUNCTION("IFERROR(AVERAGE(FILTER('حضور '!I:I,'حضور '!A:A=A22,MONTH('حضور '!B:B)=J22)),"""")"),2263.3744855967084) -> 2263.3745 | H22: =G22*0.5 -> 1131.6872 | I22: =H22*F22 -> 13580.247 | J22: 3
C23: 46082 | F23: =IF(AND(D23<>"",E23<>""),(E23-D23)*24,"") | G23: =IFERROR(__xludf.DUMMYFUNCTION("IFERROR(AVERAGE(FILTER('حضور '!I:I,'حضور '!A:A=A23,MONTH('حضور '!B:B)=J23)),"""")"),2962.105624142662) -> 2962.1056 | H23: =G23*0.5 -> 1481.0528 | I23: =H23*F23 -> 0 | J23: 3
C24: 46082 | F24: =IF(AND(D24<>"",E24<>""),(E24-D24)*24,"") | G24: =IFERROR(__xludf.DUMMYFUNCTION("IFERROR(AVERAGE(FILTER('حضور '!I:I,'حضور '!A:A=A24,MONTH('حضور '!B:B)=J24)),"""")"),2962.105624142662) -> 2962.1056 | H24: =G24*0.5 -> 1481.0528 | I24: =H24*F24 -> 0 | J24: 3
C25: 46082 | F25: =IF(AND(D25<>"",E25<>""),(E25-D25)*24,"") | G25: =IFERROR(__xludf.DUMMYFUNCTION("IFERROR(AVERAGE(FILTER('حضور '!I:I,'حضور '!A:A=A25,MONTH('حضور '!B:B)=J25)),"""")"),"") | H25: =G25*0.5 -> 0 | I25: =H25*F25 -> 0
C26: 46082 | F26: =IF(AND(D26<>"",E26<>""),(E26-D26)*24,"") | G26: =IFERROR(__xludf.DUMMYFUNCTION("IFERROR(AVERAGE(FILTER('حضور '!I:I,'حضور '!A:A=A26,MONTH('حضور '!B:B)=J26)),"""")"),"") | H26: =G26*0.5 -> 0 | I26: =H26*F26 -> 0
C27: 46082 | F27: =IF(AND(D27<>"",E27<>""),(E27-D27)*24,"") | G27: =IFERROR(__xludf.DUMMYFUNCTION("IFERROR(AVERAGE(FILTER('حضور '!I:I,'حضور '!A:A=A27,MONTH('حضور '!B:B)=J27)),"""")"),"") | H27: =G27*0.5 -> 0 | I27: =H27*F27 -> 0
C28: 46082 | F28: =IF(AND(D28<>"",E28<>""),(E28-D28)*24,"") | G28: =IFERROR(__xludf.DUMMYFUNCTION("IFERROR(AVERAGE(FILTER('حضور '!I:I,'حضور '!A:A=A28,MONTH('حضور '!B:B)=J28)),"""")"),"") | H28: =G28*0.5 -> 0 | I28: =H28*F28 -> 0
C29: 46082 | F29: =IF(AND(D29<>"",E29<>""),(E29-D29)*24,"") | G29: =IFERROR(__xludf.DUMMYFUNCTION("IFERROR(AVERAGE(FILTER('حضور '!I:I,'حضور '!A:A=A29,MONTH('حضور '!B:B)=J29)),"""")"),"") | H29: =G29*0.5 -> 0 | I29: =H29*F29 -> 0
C30: 46082 | F30: =IF(AND(D30<>"",E30<>""),(E30-D30)*24,"") | G30: =IFERROR(__xludf.DUMMYFUNCTION("IFERROR(AVERAGE(FILTER('حضور '!I:I,'حضور '!A:A=A30,MONTH('حضور '!B:B)=J30)),"""")"),"") | H30: =G30*0.5 -> 0 | I30: =H30*F30 -> 0
C31: 46082 | F31: =IF(AND(D31<>"",E31<>""),(E31-D31)*24,"") | G31: =IFERROR(__xludf.DUMMYFUNCTION("IFERROR(AVERAGE(FILTER('حضور '!I:I,'حضور '!A:A=A31,MONTH('حضور '!B:B)=J31)),"""")"),"") | H31: =G31*0.5 -> 0 | I31: =H31*F31 -> 0
F32: =IF(AND(D32<>"",E32<>""),(E32-D32)*24,"") | G32: =IFERROR(__xludf.DUMMYFUNCTION("IFERROR(AVERAGE(FILTER('حضور '!I:I,'حضور '!A:A=A32,MONTH('حضور '!B:B)=J32)),"""")"),"") | H32: =G32*0.5 -> 0 | I32: =H32*F32 -> 0
F33: =IF(AND(D33<>"",E33<>""),(E33-D33)*24,"") | G33: =IFERROR(__xludf.DUMMYFUNCTION("IFERROR(AVERAGE(FILTER('حضور '!I:I,'حضور '!A:A=A33,MONTH('حضور '!B:B)=J33)),"""")"),"") | H33: =G33*0.5 -> 0 | I33: =H33*F33 -> 0
F34: =IF(AND(D34<>"",E34<>""),(E34-D34)*24,"") | G34: =IFERROR(__xludf.DUMMYFUNCTION("IFERROR(AVERAGE(FILTER('حضور '!I:I,'حضور '!A:A=A34,MONTH('حضور '!B:B)=J34)),"""")"),"") | H34: =G34*0.5 -> 0 | I34: =H34*F34 -> 0
F35: =IF(AND(D35<>"",E35<>""),(E35-D35)*24,"") | G35: =IFERROR(__xludf.DUMMYFUNCTION("IFERROR(AVERAGE(FILTER('حضور '!I:I,'حضور '!A:A=A35,MONTH('حضور '!B:B)=J35)),"""")"),"") | H35: =G35*0.5 -> 0 | I35: =H35*F35 -> 0
F36: =IF(AND(D36<>"",E36<>""),(E36-D36)*24,"") | G36: =IFERROR(__xludf.DUMMYFUNCTION("IFERROR(AVERAGE(FILTER('حضور '!I:I,'حضور '!A:A=A36,MONTH('حضور '!B:B)=J36)),"""")"),"") | H36: =G36*0.5 -> 0 | I36: =H36*F36 -> 0
F37: =IF(AND(D37<>"",E37<>""),(E37-D37)*24,"") | G37: =IFERROR(__xludf.DUMMYFUNCTION("IFERROR(AVERAGE(FILTER('حضور '!I:I,'حضور '!A:A=A37,MONTH('حضور '!B:B)=J37)),"""")"),"") | H37: =G37*0.5 -> 0 | I37: =H37*F37 -> 0
F38: =IF(AND(D38<>"",E38<>""),(E38-D38)*24,"") | G38: =IFERROR(__xludf.DUMMYFUNCTION("IFERROR(AVERAGE(FILTER('حضور '!I:I,'حضور '!A:A=A38,MONTH('حضور '!B:B)=J38)),"""")"),"") | H38: =G38*0.5 -> 0 | I38: =H38*F38 -> 0
F39: =IF(AND(D39<>"",E39<>""),(E39-D39)*24,"") | G39: =IFERROR(__xludf.DUMMYFUNCTION("IFERROR(AVERAGE(FILTER('حضور '!I:I,'حضور '!A:A=A39,MONTH('حضور '!B:B)=J39)),"""")"),"") | H39: =G39*0.5 -> 0 | I39: =H39*F39 -> 0
F40: =IF(AND(D40<>"",E40<>""),(E40-D40)*24,"") | G40: =IFERROR(__xludf.DUMMYFUNCTION("IFERROR(AVERAGE(FILTER('حضور '!I:I,'حضور '!A:A=A40,MONTH('حضور '!B:B)=J40)),"""")"),"") | H40: =G40*0.5 -> 0 | I40: =H40*F40 -> 0
F41: =IF(AND(D41<>"",E41<>""),(E41-D41)*24,"") | G41: =IFERROR(__xludf.DUMMYFUNCTION("IFERROR(AVERAGE(FILTER('حضور '!I:I,'حضور '!A:A=A41,MONTH('حضور '!B:B)=J41)),"""")"),"") | H41: =G41*0.5 -> 0 | I41: =H41*F41 -> 0
F42: =IF(AND(D42<>"",E42<>""),(E42-D42)*24,"") | G42: =IFERROR(__xludf.DUMMYFUNCTION("IFERROR(AVERAGE(FILTER('حضور '!I:I,'حضور '!A:A=A42,MONTH('حضور '!B:B)=J42)),"""")"),"") | H42: =G42*0.5 -> 0 | I42: =H42*F42 -> 0
F43: =IF(AND(D43<>"",E43<>""),(E43-D43)*24,"") | G43: =IFERROR(__xludf.DUMMYFUNCTION("IFERROR(AVERAGE(FILTER('حضور '!I:I,'حضور '!A:A=A43,MONTH('حضور '!B:B)=J43)),"""")"),"") | H43: =G43*0.5 -> 0 | I43: =H43*F43 -> 0
F44: =IF(AND(D44<>"",E44<>""),(E44-D44)*24,"") | G44: =IFERROR(__xludf.DUMMYFUNCTION("IFERROR(AVERAGE(FILTER('حضور '!I:I,'حضور '!A:A=A44,MONTH('حضور '!B:B)=J44)),"""")"),"") | H44: =G44*0.5 -> 0 | I44: =H44*F44 -> 0
F45: =IF(AND(D45<>"",E45<>""),(E45-D45)*24,"") | G45: =IFERROR(__xludf.DUMMYFUNCTION("IFERROR(AVERAGE(FILTER('حضور '!I:I,'حضور '!A:A=A45,MONTH('حضور '!B:B)=J45)),"""")"),"") | H45: =G45*0.5 -> 0 | I45: =H45*F45 -> 0
F46: =IF(AND(D46<>"",E46<>""),(E46-D46)*24,"") | G46: =IFERROR(__xludf.DUMMYFUNCTION("IFERROR(AVERAGE(FILTER('حضور '!I:I,'حضور '!A:A=A46,MONTH('حضور '!B:B)=J46)),"""")"),"") | H46: =G46*0.5 -> 0 | I46: =H46*F46 -> 0
F47: =IF(AND(D47<>"",E47<>""),(E47-D47)*24,"") | G47: =IFERROR(__xludf.DUMMYFUNCTION("IFERROR(AVERAGE(FILTER('حضور '!I:I,'حضور '!A:A=A47,MONTH('حضور '!B:B)=J47)),"""")"),"") | H47: =G47*0.5 -> 0 | I47: =H47*F47 -> 0
F48: =IF(AND(D48<>"",E48<>""),(E48-D48)*24,"") | G48: =IFERROR(__xludf.DUMMYFUNCTION("IFERROR(AVERAGE(FILTER('حضور '!I:I,'حضور '!A:A=A48,MONTH('حضور '!B:B)=J48)),"""")"),"") | H48: =G48*0.5 -> 0 | I48: =H48*F48 -> 0
F49: =IF(AND(D49<>"",E49<>""),(E49-D49)*24,"") | G49: =IFERROR(__xludf.DUMMYFUNCTION("IFERROR(AVERAGE(FILTER('حضور '!I:I,'حضور '!A:A=A49,MONTH('حضور '!B:B)=J49)),"""")"),"") | H49: =G49*0.5 -> 0 | I49: =H49*F49 -> 0
F50: =IF(AND(D50<>"",E50<>""),(E50-D50)*24,"") | G50: =IFERROR(__xludf.DUMMYFUNCTION("IFERROR(AVERAGE(FILTER('حضور '!I:I,'حضور '!A:A=A50,MONTH('حضور '!B:B)=J50)),"""")"),"") | H50: =G50*0.5 -> 0 | I50: =H50*F50 -> 0
F51: =IF(AND(D51<>"",E51<>""),(E51-D51)*24,"") | G51: =IFERROR(__xludf.DUMMYFUNCTION("IFERROR(AVERAGE(FILTER('حضور '!I:I,'حضور '!A:A=A51,MONTH('حضور '!B:B)=J51)),"""")"),"") | H51: =G51*0.5 -> 0 | I51: =H51*F51 -> 0
F52: =IF(AND(D52<>"",E52<>""),(E52-D52)*24,"") | G52: =IFERROR(__xludf.DUMMYFUNCTION("IFERROR(AVERAGE(FILTER('حضور '!I:I,'حضور '!A:A=A52,MONTH('حضور '!B:B)=J52)),"""")"),"") | H52: =G52*0.5 -> 0 | I52: =H52*F52 -> 0
F53: =IF(AND(D53<>"",E53<>""),(E53-D53)*24,"") | G53: =IFERROR(__xludf.DUMMYFUNCTION("IFERROR(AVERAGE(FILTER('حضور '!I:I,'حضور '!A:A=A53,MONTH('حضور '!B:B)=J53)),"""")"),"") | H53: =G53*0.5 -> 0 | I53: =H53*F53 -> 0
F54: =IF(AND(D54<>"",E54<>""),(E54-D54)*24,"") | G54: =IFERROR(__xludf.DUMMYFUNCTION("IFERROR(AVERAGE(FILTER('حضور '!I:I,'حضور '!A:A=A54,MONTH('حضور '!B:B)=J54)),"""")"),"") | H54: =G54*0.5 -> 0 | I54: =H54*F54 -> 0
F55: =IF(AND(D55<>"",E55<>""),(E55-D55)*24,"") | G55: =IFERROR(__xludf.DUMMYFUNCTION("IFERROR(AVERAGE(FILTER('حضور '!I:I,'حضور '!A:A=A55,MONTH('حضور '!B:B)=J55)),"""")"),"") | H55: =G55*0.5 -> 0 | I55: =H55*F55 -> 0
F56: =IF(AND(D56<>"",E56<>""),(E56-D56)*24,"") | G56: =IFERROR(__xludf.DUMMYFUNCTION("IFERROR(AVERAGE(FILTER('حضور '!I:I,'حضور '!A:A=A56,MONTH('حضور '!B:B)=J56)),"""")"),"") | H56: =G56*0.5 -> 0 | I56: =H56*F56 -> 0
F57: =IF(AND(D57<>"",E57<>""),(E57-D57)*24,"") | G57: =IFERROR(__xludf.DUMMYFUNCTION("IFERROR(AVERAGE(FILTER('حضور '!I:I,'حضور '!A:A=A57,MONTH('حضور '!B:B)=J57)),"""")"),"") | H57: =G57*0.5 -> 0 | I57: =H57*F57 -> 0
F58: =IF(AND(D58<>"",E58<>""),(E58-D58)*24,"") | G58: =IFERROR(__xludf.DUMMYFUNCTION("IFERROR(AVERAGE(FILTER('حضور '!I:I,'حضور '!A:A=A58,MONTH('حضور '!B:B)=J58)),"""")"),"") | H58: =G58*0.5 -> 0 | I58: =H58*F58 -> 0
F59: =IF(AND(D59<>"",E59<>""),(E59-D59)*24,"") | G59: =IFERROR(__xludf.DUMMYFUNCTION("IFERROR(AVERAGE(FILTER('حضور '!I:I,'حضور '!A:A=A59,MONTH('حضور '!B:B)=J59)),"""")"),"") | H59: =G59*0.5 -> 0 | I59: =H59*F59 -> 0
F60: =IF(AND(D60<>"",E60<>""),(E60-D60)*24,"") | G60: =IFERROR(__xludf.DUMMYFUNCTION("IFERROR(AVERAGE(FILTER('حضور '!I:I,'حضور '!A:A=A60,MONTH('حضور '!B:B)=J60)),"""")"),"") | H60: =G60*0.5 -> 0 | I60: =H60*F60 -> 0
F61: =IF(AND(D61<>"",E61<>""),(E61-D61)*24,"") | G61: =IFERROR(__xludf.DUMMYFUNCTION("IFERROR(AVERAGE(FILTER('حضور '!I:I,'حضور '!A:A=A61,MONTH('حضور '!B:B)=J61)),"""")"),"") | H61: =G61*0.5 -> 0 | I61: =H61*F61 -> 0
F62: =IF(AND(D62<>"",E62<>""),(E62-D62)*24,"") | G62: =IFERROR(__xludf.DUMMYFUNCTION("IFERROR(AVERAGE(FILTER('حضور '!I:I,'حضور '!A:A=A62,MONTH('حضور '!B:B)=J62)),"""")"),"") | H62: =G62*0.5 -> 0 | I62: =H62*F62 -> 0
F63: =IF(AND(D63<>"",E63<>""),(E63-D63)*24,"") | G63: =IFERROR(__xludf.DUMMYFUNCTION("IFERROR(AVERAGE(FILTER('حضور '!I:I,'حضور '!A:A=A63,MONTH('حضور '!B:B)=J63)),"""")"),"") | H63: =G63*0.5 -> 0 | I63: =H63*F63 -> 0
F64: =IF(AND(D64<>"",E64<>""),(E64-D64)*24,"") | G64: =IFERROR(__xludf.DUMMYFUNCTION("IFERROR(AVERAGE(FILTER('حضور '!I:I,'حضور '!A:A=A64,MONTH('حضور '!B:B)=J64)),"""")"),"") | H64: =G64*0.5 -> 0 | I64: =H64*F64 -> 0
F65: =IF(AND(D65<>"",E65<>""),(E65-D65)*24,"") | G65: =IFERROR(__xludf.DUMMYFUNCTION("IFERROR(AVERAGE(FILTER('حضور '!I:I,'حضور '!A:A=A65,MONTH('حضور '!B:B)=J65)),"""")"),"") | H65: =G65*0.5 -> 0 | I65: =H65*F65 -> 0
F66: =IF(AND(D66<>"",E66<>""),(E66-D66)*24,"") | G66: =IFERROR(__xludf.DUMMYFUNCTION("IFERROR(AVERAGE(FILTER('حضور '!I:I,'حضور '!A:A=A66,MONTH('حضور '!B:B)=J66)),"""")"),"") | H66: =G66*0.5 -> 0 | I66: =H66*F66 -> 0
F67: =IF(AND(D67<>"",E67<>""),(E67-D67)*24,"") | G67: =IFERROR(__xludf.DUMMYFUNCTION("IFERROR(AVERAGE(FILTER('حضور '!I:I,'حضور '!A:A=A67,MONTH('حضور '!B:B)=J67)),"""")"),"") | H67: =G67*0.5 -> 0 | I67: =H67*F67 -> 0
F68: =IF(AND(D68<>"",E68<>""),(E68-D68)*24,"") | G68: =IFERROR(__xludf.DUMMYFUNCTION("IFERROR(AVERAGE(FILTER('حضور '!I:I,'حضور '!A:A=A68,MONTH('حضور '!B:B)=J68)),"""")"),"") | H68: =G68*0.5 -> 0 | I68: =H68*F68 -> 0
F69: =IF(AND(D69<>"",E69<>""),(E69-D69)*24,"") | G69: =IFERROR(__xludf.DUMMYFUNCTION("IFERROR(AVERAGE(FILTER('حضور '!I:I,'حضور '!A:A=A69,MONTH('حضور '!B:B)=J69)),"""")"),"") | H69: =G69*0.5 -> 0 | I69: =H69*F69 -> 0
F70: =IF(AND(D70<>"",E70<>""),(E70-D70)*24,"") | G70: =IFERROR(__xludf.DUMMYFUNCTION("IFERROR(AVERAGE(FILTER('حضور '!I:I,'حضور '!A:A=A70,MONTH('حضور '!B:B)=J70)),"""")"),"") | H70: =G70*0.5 -> 0 | I70: =H70*F70 -> 0
F71: =IF(AND(D71<>"",E71<>""),(E71-D71)*24,"") | G71: =IFERROR(__xludf.DUMMYFUNCTION("IFERROR(AVERAGE(FILTER('حضور '!I:I,'حضور '!A:A=A71,MONTH('حضور '!B:B)=J71)),"""")"),"") | H71: =G71*0.5 -> 0 | I71: =H71*F71 -> 0
F72: =IF(AND(D72<>"",E72<>""),(E72-D72)*24,"") | G72: =IFERROR(__xludf.DUMMYFUNCTION("IFERROR(AVERAGE(FILTER('حضور '!I:I,'حضور '!A:A=A72,MONTH('حضور '!B:B)=J72)),"""")"),"") | H72: =G72*0.5 -> 0 | I72: =H72*F72 -> 0
F73: =IF(AND(D73<>"",E73<>""),(E73-D73)*24,"") | G73: =IFERROR(__xludf.DUMMYFUNCTION("IFERROR(AVERAGE(FILTER('حضور '!I:I,'حضور '!A:A=A73,MONTH('حضور '!B:B)=J73)),"""")"),"") | H73: =G73*0.5 -> 0 | I73: =H73*F73 -> 0
F74: =IF(AND(D74<>"",E74<>""),(E74-D74)*24,"") | G74: =IFERROR(__xludf.DUMMYFUNCTION("IFERROR(AVERAGE(FILTER('حضور '!I:I,'حضور '!A:A=A74,MONTH('حضور '!B:B)=J74)),"""")"),"") | H74: =G74*0.5 -> 0 | I74: =H74*F74 -> 0
F75: =IF(AND(D75<>"",E75<>""),(E75-D75)*24,"") | G75: =IFERROR(__xludf.DUMMYFUNCTION("IFERROR(AVERAGE(FILTER('حضور '!I:I,'حضور '!A:A=A75,MONTH('حضور '!B:B)=J75)),"""")"),"") | H75: =G75*0.5 -> 0 | I75: =H75*F75 -> 0
F76: =IF(AND(D76<>"",E76<>""),(E76-D76)*24,"") | G76: =IFERROR(__xludf.DUMMYFUNCTION("IFERROR(AVERAGE(FILTER('حضور '!I:I,'حضور '!A:A=A76,MONTH('حضور '!B:B)=J76)),"""")"),"") | H76: =G76*0.5 -> 0 | I76: =H76*F76 -> 0
F77: =IF(AND(D77<>"",E77<>""),(E77-D77)*24,"") | G77: =IFERROR(__xludf.DUMMYFUNCTION("IFERROR(AVERAGE(FILTER('حضور '!I:I,'حضور '!A:A=A77,MONTH('حضور '!B:B)=J77)),"""")"),"") | H77: =G77*0.5 -> 0 | I77: =H77*F77 -> 0
F78: =IF(AND(D78<>"",E78<>""),(E78-D78)*24,"") | G78: =IFERROR(__xludf.DUMMYFUNCTION("IFERROR(AVERAGE(FILTER('حضور '!I:I,'حضور '!A:A=A78,MONTH('حضور '!B:B)=J78)),"""")"),"") | H78: =G78*0.5 -> 0 | I78: =H78*F78 -> 0
F79: =IF(AND(D79<>"",E79<>""),(E79-D79)*24,"") | G79: =IFERROR(__xludf.DUMMYFUNCTION("IFERROR(AVERAGE(FILTER('حضور '!I:I,'حضور '!A:A=A79,MONTH('حضور '!B:B)=J79)),"""")"),"") | H79: =G79*0.5 -> 0 | I79: =H79*F79 -> 0
F80: =IF(AND(D80<>"",E80<>""),(E80-D80)*24,"") | G80: =IFERROR(__xludf.DUMMYFUNCTION("IFERROR(AVERAGE(FILTER('حضور '!I:I,'حضور '!A:A=A80,MONTH('حضور '!B:B)=J80)),"""")"),"") | H80: =G80*0.5 -> 0 | I80: =H80*F80 -> 0
F81: =IF(AND(D81<>"",E81<>""),(E81-D81)*24,"") | G81: =IFERROR(__xludf.DUMMYFUNCTION("IFERROR(AVERAGE(FILTER('حضور '!I:I,'حضور '!A:A=A81,MONTH('حضور '!B:B)=J81)),"""")"),"") | H81: =G81*0.5 -> 0 | I81: =H81*F81 -> 0
F82: =IF(AND(D82<>"",E82<>""),(E82-D82)*24,"") | G82: =IFERROR(__xludf.DUMMYFUNCTION("IFERROR(AVERAGE(FILTER('حضور '!I:I,'حضور '!A:A=A82,MONTH('حضور '!B:B)=J82)),"""")"),"") | H82: =G82*0.5 -> 0 | I82: =H82*F82 -> 0
F83: =IF(AND(D83<>"",E83<>""),(E83-D83)*24,"") | G83: =IFERROR(__xludf.DUMMYFUNCTION("IFERROR(AVERAGE(FILTER('حضور '!I:I,'حضور '!A:A=A83,MONTH('حضور '!B:B)=J83)),"""")"),"") | H83: =G83*0.5 -> 0 | I83: =H83*F83 -> 0
F84: =IF(AND(D84<>"",E84<>""),(E84-D84)*24,"") | G84: =IFERROR(__xludf.DUMMYFUNCTION("IFERROR(AVERAGE(FILTER('حضور '!I:I,'حضور '!A:A=A84,MONTH('حضور '!B:B)=J84)),"""")"),"") | H84: =G84*0.5 -> 0 | I84: =H84*F84 -> 0
F85: =IF(AND(D85<>"",E85<>""),(E85-D85)*24,"") | G85: =IFERROR(__xludf.DUMMYFUNCTION("IFERROR(AVERAGE(FILTER('حضور '!I:I,'حضور '!A:A=A85,MONTH('حضور '!B:B)=J85)),"""")"),"") | H85: =G85*0.5 -> 0 | I85: =H85*F85 -> 0
F86: =IF(AND(D86<>"",E86<>""),(E86-D86)*24,"") | G86: =IFERROR(__xludf.DUMMYFUNCTION("IFERROR(AVERAGE(FILTER('حضور '!I:I,'حضور '!A:A=A86,MONTH('حضور '!B:B)=J86)),"""")"),"") | H86: =G86*0.5 -> 0 | I86: =H86*F86 -> 0
F87: =IF(AND(D87<>"",E87<>""),(E87-D87)*24,"") | G87: =IFERROR(__xludf.DUMMYFUNCTION("IFERROR(AVERAGE(FILTER('حضور '!I:I,'حضور '!A:A=A87,MONTH('حضور '!B:B)=J87)),"""")"),"") | H87: =G87*0.5 -> 0 | I87: =H87*F87 -> 0
F88: =IF(AND(D88<>"",E88<>""),(E88-D88)*24,"") | G88: =IFERROR(__xludf.DUMMYFUNCTION("IFERROR(AVERAGE(FILTER('حضور '!I:I,'حضور '!A:A=A88,MONTH('حضور '!B:B)=J88)),"""")"),"") | H88: =G88*0.5 -> 0 | I88: =H88*F88 -> 0
F89: =IF(AND(D89<>"",E89<>""),(E89-D89)*24,"") | G89: =IFERROR(__xludf.DUMMYFUNCTION("IFERROR(AVERAGE(FILTER('حضور '!I:I,'حضور '!A:A=A89,MONTH('حضور '!B:B)=J89)),"""")"),"") | H89: =G89*0.5 -> 0 | I89: =H89*F89 -> 0
F90: =IF(AND(D90<>"",E90<>""),(E90-D90)*24,"") | G90: =IFERROR(__xludf.DUMMYFUNCTION("IFERROR(AVERAGE(FILTER('حضور '!I:I,'حضور '!A:A=A90,MONTH('حضور '!B:B)=J90)),"""")"),"") | H90: =G90*0.5 -> 0 | I90: =H90*F90 -> 0
F91: =IF(AND(D91<>"",E91<>""),(E91-D91)*24,"") | G91: =IFERROR(__xludf.DUMMYFUNCTION("IFERROR(AVERAGE(FILTER('حضور '!I:I,'حضور '!A:A=A91,MONTH('حضور '!B:B)=J91)),"""")"),"") | H91: =G91*0.5 -> 0 | I91: =H91*F91 -> 0
F92: =IF(AND(D92<>"",E92<>""),(E92-D92)*24,"") | G92: =IFERROR(__xludf.DUMMYFUNCTION("IFERROR(AVERAGE(FILTER('حضور '!I:I,'حضور '!A:A=A92,MONTH('حضور '!B:B)=J92)),"""")"),"") | H92: =G92*0.5 -> 0 | I92: =H92*F92 -> 0
F93: =IF(AND(D93<>"",E93<>""),(E93-D93)*24,"") | G93: =IFERROR(__xludf.DUMMYFUNCTION("IFERROR(AVERAGE(FILTER('حضور '!I:I,'حضور '!A:A=A93,MONTH('حضور '!B:B)=J93)),"""")"),"") | H93: =G93*0.5 -> 0 | I93: =H93*F93 -> 0
F94: =IF(AND(D94<>"",E94<>""),(E94-D94)*24,"") | G94: =IFERROR(__xludf.DUMMYFUNCTION("IFERROR(AVERAGE(FILTER('حضور '!I:I,'حضور '!A:A=A94,MONTH('حضور '!B:B)=J94)),"""")"),"") | H94: =G94*0.5 -> 0 | I94: =H94*F94 -> 0
F95: =IF(AND(D95<>"",E95<>""),(E95-D95)*24,"") | G95: =IFERROR(__xludf.DUMMYFUNCTION("IFERROR(AVERAGE(FILTER('حضور '!I:I,'حضور '!A:A=A95,MONTH('حضور '!B:B)=J95)),"""")"),"") | H95: =G95*0.5 -> 0 | I95: =H95*F95 -> 0
F96: =IF(AND(D96<>"",E96<>""),(E96-D96)*24,"") | G96: =IFERROR(__xludf.DUMMYFUNCTION("IFERROR(AVERAGE(FILTER('حضور '!I:I,'حضور '!A:A=A96,MONTH('حضور '!B:B)=J96)),"""")"),"") | H96: =G96*0.5 -> 0 | I96: =H96*F96 -> 0
F97: =IF(AND(D97<>"",E97<>""),(E97-D97)*24,"") | G97: =IFERROR(__xludf.DUMMYFUNCTION("IFERROR(AVERAGE(FILTER('حضور '!I:I,'حضور '!A:A=A97,MONTH('حضور '!B:B)=J97)),"""")"),"") | H97: =G97*0.5 -> 0 | I97: =H97*F97 -> 0
F98: =IF(AND(D98<>"",E98<>""),(E98-D98)*24,"") | G98: =IFERROR(__xludf.DUMMYFUNCTION("IFERROR(AVERAGE(FILTER('حضور '!I:I,'حضور '!A:A=A98,MONTH('حضور '!B:B)=J98)),"""")"),"") | H98: =G98*0.5 -> 0 | I98: =H98*F98 -> 0
F99: =IF(AND(D99<>"",E99<>""),(E99-D99)*24,"") | G99: =IFERROR(__xludf.DUMMYFUNCTION("IFERROR(AVERAGE(FILTER('حضور '!I:I,'حضور '!A:A=A99,MONTH('حضور '!B:B)=J99)),"""")"),"") | H99: =G99*0.5 -> 0 | I99: =H99*F99 -> 0
F100: =IF(AND(D100<>"",E100<>""),(E100-D100)*24,"") | G100: =IFERROR(__xludf.DUMMYFUNCTION("IFERROR(AVERAGE(FILTER('حضور '!I:I,'حضور '!A:A=A100,MONTH('حضور '!B:B)=J100)),"""")"),"") | H100: =G100*0.5 -> 0 | I100: =H100*F100 -> 0
...

Sheet لوحة التحكم
A1: موظف وقتي | F1: =IFERROR(__xludf.DUMMYFUNCTION("FILTER({'رواتب'!M:M , 'رواتب'!G:G} ,'رواتب'!A:A =B3)"),46054.0) -> 46054 | G1: =IFERROR(__xludf.DUMMYFUNCTION("""COMPUTED_VALUE"""),160109.12698412695) -> 160109.13
B2: =IFERROR(__xludf.DUMMYFUNCTION("IFERROR(AVERAGE(FILTER('حضور '!I:I,'حضور '!A:A=B3,MONTH('حضور '!B:B)=B4)),"""")"),2976.1904761904766) -> 2976.1905
A3: اسم الموظف | B3: مصطفى عبد الخالق
A4: الشهر | B4: 2
A5: ايام الدوام الرسمي | B5: =SUMPRODUCT(('حضور '!A2:A14=B3)*(MONTH('حضور '!B2:B14)=B4)*'حضور '!H2:H14) -> 8
A6: اجمالي الساعات | B6: =SUMPRODUCT(('حضور '!A2:A14=B3)*(MONTH('حضور '!B2:B14)=B4)*'حضور '!G2:G14) -> 85.716667
A7: الاجر | B7: =B5*9*B2 -> 214285.71
A8: السلفة | B8: =SUMPRODUCT(('حضور '!A2:A14=B3)*(MONTH('حضور '!B2:B14)=B4)*'حضور '!K2:K14) -> 160109.13
A9: الاضافي
A10: وقت العمل الخارجي
A11: راتب الشهر الاجمالي | B11: =B7+B9 -> 214285.71
A12: المستلم | B12: =IFERROR(__xludf.DUMMYFUNCTION("IFERROR(INDEX(FILTER('رواتب'!L:L, 'رواتب'!A:A=B3, MONTH('رواتب'!M:M)=B4),1),"""")"),95000.0) -> 95000
A13: صافي الراتب | B13: =B11-B8 -> 54176.587
E14: FALSE
