Workbook
Name exp_name: 'نسخة من المصروفات'!$H:$H
Name EXP_CAT: 'نسخة من المصروفات'!$M:$M
Name زبائن: #REF!
Name employee: DATABASE!$D$2:$D$50
Name exp_name: 'المصروفات'!$K:$K
Name EXP_CAT: 'المصروفات'!$D:$D

Sheet الورقة9
A1: 127 | B1: مبخرة مع علبة بخور | C1: 75000 | D1: 45664 | E1: زبون سوشيال | F1: 000/66 | G1: حسين | H1: 75000 | I1: 10000 | J1: =IF(OR(ISBLANK(C1),ISBLANK(I1)),"",C1-I1) -> 65000 | K1: ارباح | L1: 0 | M1: =IF(K1="مبيعات", L1%*C1, IF(K1="ارباح", L1%*J1, "")) -> 0 | N1: =IF(OR(ISBLANK(J1),ISBLANK(M1),M1=0),"",J1-M1) | O1: مبعوث لم استلمه اشرف
A2: 152 | B2: طبع قماش | C2: 25000 | D2: 45668 | E2: زهراء | G2: حسين | H2: 25000 | I2: 10000 | J2: =IF(OR(ISBLANK(C2),ISBLANK(I2)),"",C2-I2) -> 15000 | K2: ارباح | L2: 0 | M2: =IF(K2="مبيعات", L2%*C2, IF(K2="ارباح", L2%*J2, "")) -> 0 | N2: =IF(OR(ISBLANK(J2),ISBLANK(M2),M2=0),"",J2-M2) | O2: واصل ورشة لم يستلمه اشرف
A3: 159 | B3: بورد بصمات + تعلاقات كلاصات | C3: 15000 | D3: 45675 | E3: محمد فيروزة | F3: 000/83 | G3: حسين | H3: 15000 | I3: 5000 | J3: =IF(OR(ISBLANK(C3),ISBLANK(I3)),"",C3-I3) -> 10000 | K3: ارباح | L3: 0 | M3: =IF(K3="مبيعات", L3%*C3, IF(K3="ارباح", L3%*J3, "")) -> 0 | N3: =IF(OR(ISBLANK(J3),ISBLANK(M3),M3=0),"",J3-M3) | O3: مبعوث لم استلمه اشرف
A4: 163 | B4: بورد ايباد | C4: 100000 | D4: 45675 | E4: زبون سوشيال | G4: حسين | I4: 15000 | J4: =IF(OR(ISBLANK(C4),ISBLANK(I4)),"",C4-I4) -> 85000 | K4: ارباح | L4: 0 | M4: =IF(K4="مبيعات", L4%*C4, IF(K4="ارباح", L4%*J4, "")) -> 0 | N4: =IF(OR(ISBLANK(J4),ISBLANK(M4),M4=0),"",J4-M4) | O4: مبعوث لم استلمه اشرف
A5: 164 | B5: بوكس مهر | C5: 100000 | D5: 45675 | E5: نرجس ورد | G5: حسين | H5: 100000 | I5: 25000 | J5: =IF(OR(ISBLANK(C5),ISBLANK(I5)),"",C5-I5) -> 75000 | K5: ارباح | L5: 0 | M5: =IF(K5="مبيعات", L5%*C5, IF(K5="ارباح", L5%*J5, "")) -> 0 | N5: =IF(OR(ISBLANK(J5),ISBLANK(M5),M5=0),"",J5-M5) | O5: مستلم نقوده لم يستلمه اشرف
A6: 183 | B6: تعلاقة | C6: 10000 | D6: 45676 | E6: زبون سوشيال | G6: حسين | H6: 10000 | I6: 5000 | J6: =IF(OR(ISBLANK(C6),ISBLANK(I6)),"",C6-I6) -> 5000 | K6: ارباح | L6: 0 | M6: =IF(K6="مبيعات", L6%*C6, IF(K6="ارباح", L6%*J6, "")) -> 0 | N6: =IF(OR(ISBLANK(J6),ISBLANK(M6),M6=0),"",J6-M6) | O6: واصل لم استلمه اشرف
A7: 184 | B7: تعلاقة مسكات | C7: 10000 | D7: 45676 | E7: زبون سوشيال | G7: حسين | H7: 10000 | I7: 3000 | J7: =IF(OR(ISBLANK(C7),ISBLANK(I7)),"",C7-I7) -> 7000 | K7: ارباح | L7: 0 | M7: =IF(K7="مبيعات", L7%*C7, IF(K7="ارباح", L7%*J7, "")) -> 0 | N7: =IF(OR(ISBLANK(J7),ISBLANK(M7),M7=0),"",J7-M7) | O7: واصل لم استلمه اشرف
A8: 225 | B8: قاعدة بورد | C8: 80000 | D8: 45685 | E8: زبون سوشيال | G8: حسين | H8: 80000 | I8: 20000 | J8: =IF(OR(ISBLANK(C8),ISBLANK(I8)),"",C8-I8) -> 60000 | K8: ارباح | L8: 0 | M8: =IF(K8="مبيعات", L8%*C8, IF(K8="ارباح", L8%*J8, "")) -> 0 | N8: =IF(OR(ISBLANK(J8),ISBLANK(M8),M8=0),"",J8-M8) | O8: مبعوث لم استلمه اشرف

Sheet الرواتب
A1: الرواتب
A10: الرقم التعريفي | B10: اسم الموظف | C10: الراتب الاسمي بالساعات | D10: عدد ساعات العمل داخل الورشة | E10: عدد ساعات العمل خارج الورشة | F10: الحوافز | G10: الخصومات | H10: السلف | I10: الاجمالي
A11: 10001 | B11: يوسف يعقوب | C11: =SUMIFS('المصروفات'!F:F, exp_name, B11, EXP_CAT, "راتب") -> 0 | F11: =SUMIFS('المصروفات'!F:F, exp_name, B11, EXP_CAT, "الحوافز") -> 0 | G11: =IFERROR(__xludf.DUMMYFUNCTION("IMPORTRANGE( ""https://docs.google.com/spreadsheets/d/1DwfNhxfCYJYwBjeiPqn3xZyjMmzDkpS9634bVMHLYJQ/edit?usp=sharing"" , ""CUTS!C6"")"),"#REF!") -> #REF! | H11: =SUMIFS('المصروفات'!F:F, exp_name, B11, EXP_CAT, "سلفة") -> 0 | I11: 700000
A12: 10002 | B12: يونس يعقوب | C12: =SUMIFS('المصروفات'!F:F, exp_name, B12, EXP_CAT, "راتب") -> 0 | F12: =SUMIFS('المصروفات'!F:F, exp_name, B12, EXP_CAT, "الحوافز") -> 0 | G12: =IFERROR(__xludf.DUMMYFUNCTION("IMPORTRANGE( ""https://docs.google.com/spreadsheets/d/1DwfNhxfCYJYwBjeiPqn3xZyjMmzDkpS9634bVMHLYJQ/edit?usp=sharing"" , ""CUTS!C7"")"),"#REF!") -> #REF! | H12: =SUMIFS('المصروفات'!F:F, exp_name, B12, EXP_CAT, "سلفة") -> 0 | I12: =C12+F12-G12-H12 -> #REF!
A13: 10003 | B13: منتظر عبد الكريم | C13: =SUMIFS('المصروفات'!F:F, exp_name, B13, EXP_CAT, "راتب") -> 0 | F13: =SUMIFS('المصروفات'!F:F, exp_name, B13, EXP_CAT, "الحوافز") -> 0 | G13: =IFERROR(__xludf.DUMMYFUNCTION("IMPORTRANGE( ""https://docs.google.com/spreadsheets/d/1DwfNhxfCYJYwBjeiPqn3xZyjMmzDkpS9634bVMHLYJQ/edit?usp=sharing"" , ""CUTS!C8"")"),"#REF!") -> #REF! | H13: =SUMIFS('المصروفات'!F:F, exp_name, B13, EXP_CAT, "سلفة") -> 0 | I13: =C13+F13-G13-H13 -> #REF!
A14: 10004 | B14: حيدر الصباغ | C14: =SUMIFS('المصروفات'!F:F, exp_name, B14, EXP_CAT, "راتب") -> 0 | F14: =SUMIFS('المصروفات'!F:F, exp_name, B14, EXP_CAT, "الحوافز") -> 0 | G14: =IFERROR(__xludf.DUMMYFUNCTION("IMPORTRANGE( ""https://docs.google.com/spreadsheets/d/1DwfNhxfCYJYwBjeiPqn3xZyjMmzDkpS9634bVMHLYJQ/edit?usp=sharing"" , ""CUTS!C9"")"),"#REF!") -> #REF! | H14: =SUMIFS('المصروفات'!F:F, exp_name, B14, EXP_CAT, "سلفة") -> 0 | I14: =C14+F14-G14-H14 -> #REF!
A15: 10005 | B15: حيدر الكهربائي | C15: =SUMIFS('المصروفات'!F:F, exp_name, B15, EXP_CAT, "راتب") -> 0 | F15: =SUMIFS('المصروفات'!F:F, exp_name, B15, EXP_CAT, "الحوافز") -> 0 | G15: =IFERROR(__xludf.DUMMYFUNCTION("IMPORTRANGE( ""https://docs.google.com/spreadsheets/d/1DwfNhxfCYJYwBjeiPqn3xZyjMmzDkpS9634bVMHLYJQ/edit?usp=sharing"" , ""CUTS!C10"")"),"#REF!") -> #REF! | H15: =SUMIFS('المصروفات'!F:F, exp_name, B15, EXP_CAT, "سلفة") -> 0 | I15: =C15+F15-G15-H15 -> #REF!
A16: 10006 | B16: علي الكهربائي | C16: =SUMIFS('المصروفات'!F:F, exp_name, B16, EXP_CAT, "راتب") -> 0 | F16: =SUMIFS('المصروفات'!F:F, exp_name, B16, EXP_CAT, "الحوافز") -> 0 | G16: =IFERROR(__xludf.DUMMYFUNCTION("IMPORTRANGE( ""https://docs.google.com/spreadsheets/d/1DwfNhxfCYJYwBjeiPqn3xZyjMmzDkpS9634bVMHLYJQ/edit?usp=sharing"" , ""CUTS!C11"")"),"#REF!") -> #REF! | H16: =SUMIFS('المصروفات'!F:F, exp_name, B16, EXP_CAT, "سلفة") -> 0 | I16: =C16+F16-G16-H16 -> #REF!
A17: 10007 | B17: اسماعيل | C17: =SUMIFS('المصروفات'!F:F, exp_name, B17, EXP_CAT, "راتب") -> 0 | F17: =SUMIFS('المصروفات'!F:F, exp_name, B17, EXP_CAT, "الحوافز") -> 0 | G17: =IFERROR(__xludf.DUMMYFUNCTION("IMPORTRANGE( ""https://docs.google.com/spreadsheets/d/1DwfNhxfCYJYwBjeiPqn3xZyjMmzDkpS9634bVMHLYJQ/edit?usp=sharing"" , ""CUTS!C12"")"),"#REF!") -> #REF! | H17: =SUMIFS('المصروفات'!F:F, exp_name, B17, EXP_CAT, "سلفة") -> 0 | I17: =C17+F17-G17-H17 -> #REF!
A18: 10008 | B18: علي هادي | C18: =SUMIFS('المصروفات'!F:F, exp_name, B18, EXP_CAT, "راتب") -> 0 | F18: =SUMIFS('المصروفات'!F:F, exp_name, B18, EXP_CAT, "الحوافز") -> 0 | G18: =IFERROR(__xludf.DUMMYFUNCTION("IMPORTRANGE( ""https://docs.google.com/spreadsheets/d/1DwfNhxfCYJYwBjeiPqn3xZyjMmzDkpS9634bVMHLYJQ/edit?usp=sharing"" , ""CUTS!C13"")"),"#REF!") -> #REF! | H18: =SUMIFS('المصروفات'!F:F, exp_name, B18, EXP_CAT, "سلفة") -> 0 | I18: =C18+F18-G18-H18 -> #REF!
A19: 10009 | B19: نبيل | C19: =SUMIFS('المصروفات'!F:F, exp_name, B19, EXP_CAT, "راتب") -> 0 | F19: =SUMIFS('المصروفات'!F:F, exp_name, B19, EXP_CAT, "الحوافز") -> 0 | G19: =IFERROR(__xludf.DUMMYFUNCTION("IMPORTRANGE( ""https://docs.google.com/spreadsheets/d/1DwfNhxfCYJYwBjeiPqn3xZyjMmzDkpS9634bVMHLYJQ/edit?usp=sharing"" , ""CUTS!C14"")"),"#REF!") -> #REF! | H19: =SUMIFS('المصروفات'!F:F, exp_name, B19, EXP_CAT, "سلفة") -> 0 | I19: =C19+F19-G19-H19 -> #REF!
A20: 10010 | B20: حسين | C20: =SUMIFS('المصروفات'!F:F, exp_name, B20, EXP_CAT, "راتب") -> 0 | F20: =SUMIFS('المصروفات'!F:F, exp_name, B20, EXP_CAT, "الحوافز") -> 0 | G20: =IFERROR(__xludf.DUMMYFUNCTION("IMPORTRANGE( ""https://docs.google.com/spreadsheets/d/1DwfNhxfCYJYwBjeiPqn3xZyjMmzDkpS9634bVMHLYJQ/edit?usp=sharing"" , ""CUTS!C15"")"),"#REF!") -> #REF! | H20: =SUMIFS('المصروفات'!F:F, exp_name, B20, EXP_CAT, "سلفة") -> 0 | I20: =C20+F20-G20-H20 -> #REF!
A21: 10011 | B21: محمد | C21: =SUMIFS('المصروفات'!F:F, exp_name, B21, EXP_CAT, "راتب") -> 0 | F21: =SUMIFS('المصروفات'!F:F, exp_name, B21, EXP_CAT, "الحوافز") -> 0 | G21: =IFERROR(__xludf.DUMMYFUNCTION("IMPORTRANGE( ""https://docs.google.com/spreadsheets/d/1DwfNhxfCYJYwBjeiPqn3xZyjMmzDkpS9634bVMHLYJQ/edit?usp=sharing"" , ""CUTS!C16"")"),"#REF!") -> #REF! | H21: =SUMIFS('المصروفات'!F:F, exp_name, B21, EXP_CAT, "سلفة") -> 0 | I21: =C21+F21-G21-H21 -> #REF!
A22: 10012 | B22: محمد السوري | C22: =SUMIFS('المصروفات'!F:F, exp_name, B22, EXP_CAT, "راتب") -> 0 | F22: =SUMIFS('المصروفات'!F:F, exp_name, B22, EXP_CAT, "الحوافز") -> 0 | G22: =IFERROR(__xludf.DUMMYFUNCTION("IMPORTRANGE( ""https://docs.google.com/spreadsheets/d/1DwfNhxfCYJYwBjeiPqn3xZyjMmzDkpS9634bVMHLYJQ/edit?usp=sharing"" , ""CUTS!C17"")"),"#REF!") -> #REF! | H22: =SUMIFS('المصروفات'!F:F, exp_name, B22, EXP_CAT, "سلفة") -> 0 | I22: =C22+F22-G22-H22 -> #REF!
A23: 10013 | B23: عبد الرضا عقيل | C23: =SUMIFS('المصروفات'!F:F, exp_name, B23, EXP_CAT, "راتب") -> 0 | F23: =SUMIFS('المصروفات'!F:F, exp_name, B23, EXP_CAT, "الحوافز") -> 0 | G23: =IFERROR(__xludf.DUMMYFUNCTION("IMPORTRANGE( ""https://docs.google.com/spreadsheets/d/1DwfNhxfCYJYwBjeiPqn3xZyjMmzDkpS9634bVMHLYJQ/edit?usp=sharing"" , ""CUTS!C18"")"),"#REF!") -> #REF! | H23: =SUMIFS('المصروفات'!F:F, exp_name, B23, EXP_CAT, "سلفة") -> 0 | I23: =C23+F23-G23-H23 -> #REF!
A24: 10014 | B24: سجاد | C24: =SUMIFS('المصروفات'!F:F, exp_name, B24, EXP_CAT, "راتب") -> 0 | F24: =SUMIFS('المصروفات'!F:F, exp_name, B24, EXP_CAT, "الحوافز") -> 0 | G24: =IFERROR(__xludf.DUMMYFUNCTION("IMPORTRANGE( ""https://docs.google.com/spreadsheets/d/1DwfNhxfCYJYwBjeiPqn3xZyjMmzDkpS9634bVMHLYJQ/edit?usp=sharing"" , ""CUTS!C19"")"),"#REF!") -> #REF! | H24: =SUMIFS('المصروفات'!F:F, exp_name, B24, EXP_CAT, "سلفة") -> 0 | I24: =C24+F24-G24-H24 -> #REF!
A25: 10015 | B25: معتصم | C25: =SUMIFS('المصروفات'!F:F, exp_name, B25, EXP_CAT, "راتب") -> 0 | F25: =SUMIFS('المصروفات'!F:F, exp_name, B25, EXP_CAT, "الحوافز") -> 0 | G25: =IFERROR(__xludf.DUMMYFUNCTION("IMPORTRANGE( ""https://docs.google.com/spreadsheets/d/1DwfNhxfCYJYwBjeiPqn3xZyjMmzDkpS9634bVMHLYJQ/edit?usp=sharing"" , ""CUTS!C20"")"),"#REF!") -> #REF! | H25: =SUMIFS('المصروفات'!F:F, exp_name, B25, EXP_CAT, "سلفة") -> 0 | I25: =C25+F25-G25-H25 -> #REF!
A26: 10016 | B26: عبدالله الصباغ | C26: =SUMIFS('المصروفات'!F:F, exp_name, B26, EXP_CAT, "راتب") -> 0 | F26: =SUMIFS('المصروفات'!F:F, exp_name, B26, EXP_CAT, "الحوافز") -> 0 | G26: =IFERROR(__xludf.DUMMYFUNCTION("IMPORTRANGE( ""https://docs.google.com/spreadsheets/d/1DwfNhxfCYJYwBjeiPqn3xZyjMmzDkpS9634bVMHLYJQ/edit?usp=sharing"" , ""CUTS!C21"")"),"#REF!") -> #REF! | H26: =SUMIFS('المصروفات'!F:F, exp_name, B26, EXP_CAT, "سلفة") -> 0 | I26: =C26+F26-G26-H26 -> #REF!
A27: 10017 | B27: علي لافوف | C27: =SUMIFS('المصروفات'!F:F, exp_name, B27, EXP_CAT, "راتب") -> 0 | F27: =SUMIFS('المصروفات'!F:F, exp_name, B27, EXP_CAT, "الحوافز") -> 0 | G27: =IFERROR(__xludf.DUMMYFUNCTION("IMPORTRANGE( ""https://docs.google.com/spreadsheets/d/1DwfNhxfCYJYwBjeiPqn3xZyjMmzDkpS9634bVMHLYJQ/edit?usp=sharing"" , ""CUTS!C22"")"),"#REF!") -> #REF! | H27: =SUMIFS('المصروفات'!F:F, exp_name, B27, EXP_CAT, "سلفة") -> 0 | I27: =C27+F27-G27-H27 -> #REF!
A28: 10018 | B28: اشرف الادقاني | C28: =SUMIFS('المصروفات'!F:F, exp_name, B28, EXP_CAT, "راتب") -> 0 | F28: =SUMIFS('المصروفات'!F:F, exp_name, B28, EXP_CAT, "الحوافز") -> 0 | G28: =IFERROR(__xludf.DUMMYFUNCTION("IMPORTRANGE( ""https://docs.google.com/spreadsheets/d/1DwfNhxfCYJYwBjeiPqn3xZyjMmzDkpS9634bVMHLYJQ/edit?usp=sharing"" , ""CUTS!C23"")"),"#REF!") -> #REF! | H28: =SUMIFS('المصروفات'!F:F, exp_name, B28, EXP_CAT, "سلفة") -> 0 | I28: =C28+F28-G28-H28 -> #REF!
A29: 10019 | B29: رضا تنظيف | C29: =SUMIFS('المصروفات'!F:F, exp_name, B29, EXP_CAT, "راتب") -> 0 | F29: =SUMIFS('المصروفات'!F:F, exp_name, B29, EXP_CAT, "الحوافز") -> 0 | G29: =IFERROR(__xludf.DUMMYFUNCTION("IMPORTRANGE( ""https://docs.google.com/spreadsheets/d/1DwfNhxfCYJYwBjeiPqn3xZyjMmzDkpS9634bVMHLYJQ/edit?usp=sharing"" , ""CUTS!C24"")"),"#REF!") -> #REF! | H29: =SUMIFS('المصروفات'!F:F, exp_name, B29, EXP_CAT, "سلفة") -> 0 | I29: =C29+F29-G29-H29 -> #REF!
A30: 10020 | B30: وليد | C30: =SUMIFS('المصروفات'!F:F, exp_name, B30, EXP_CAT, "راتب") -> 0 | F30: =SUMIFS('المصروفات'!F:F, exp_name, B30, EXP_CAT, "الحوافز") -> 0 | G30: =IFERROR(__xludf.DUMMYFUNCTION("IMPORTRANGE( ""https://docs.google.com/spreadsheets/d/1DwfNhxfCYJYwBjeiPqn3xZyjMmzDkpS9634bVMHLYJQ/edit?usp=sharing"" , ""CUTS!C25"")"),"#REF!") -> #REF! | H30: =SUMIFS('المصروفات'!F:F, exp_name, B30, EXP_CAT, "سلفة") -> 0 | I30: =C30+F30-G30-H30 -> #REF!
B31: فاطمة محسن | C31: =SUMIFS('المصروفات'!F:F, exp_name, B31, EXP_CAT, "راتب") -> 0 | F31: =SUMIFS('المصروفات'!F:F, exp_name, B31, EXP_CAT, "الحوافز") -> 0 | H31: =SUMIFS('المصروفات'!F:F, exp_name, B31, EXP_CAT, "سلفة") -> 0 | I31: =C31+F31-G31-H31 -> 0
B32: زهراء صالح | C32: =SUMIFS('المصروفات'!F:F, exp_name, B32, EXP_CAT, "راتب") -> 0 | F32: =SUMIFS('المصروفات'!F:F, exp_name, B32, EXP_CAT, "الحوافز") -> 0 | H32: =SUMIFS('المصروفات'!F:F, exp_name, B32, EXP_CAT, "سلفة") -> 0 | I32: =C32+F32-G32-H32 -> 0
B33: علي اعلانات | C33: =SUMIFS('المصروفات'!F:F, exp_name, B33, EXP_CAT, "راتب") -> 0 | F33: =SUMIFS('المصروفات'!F:F, exp_name, B33, EXP_CAT, "الحوافز") -> 0 | H33: =SUMIFS('المصروفات'!F:F, exp_name, B33, EXP_CAT, "سلفة") -> 0 | I33: =C33+F33-G33-H33 -> 0
C34: =SUMIFS('المصروفات'!F:F, exp_name, B34, EXP_CAT, "راتب") -> 0 | F34: =SUMIFS('المصروفات'!F:F, exp_name, B34, EXP_CAT, "الحوافز") -> 0 | H34: =SUMIFS('المصروفات'!F:F, exp_name, B34, EXP_CAT, "سلفة") -> 0 | I34: =C34+F34-G34-H34 -> 0
C35: =SUMIFS('المصروفات'!F:F, exp_name, B35, EXP_CAT, "راتب") -> 0 | F35: =SUMIFS('المصروفات'!F:F, exp_name, B35, EXP_CAT, "الحوافز") -> 0 | H35: =SUMIFS('المصروفات'!F:F, exp_name, B35, EXP_CAT, "سلفة") -> 0 | I35: =C35+F35-G35-H35 -> 0
C36: =SUMIFS('المصروفات'!F:F, exp_name, B36, EXP_CAT, "راتب") -> 0 | F36: =SUMIFS('المصروفات'!F:F, exp_name, B36, EXP_CAT, "الحوافز") -> 0 | H36: =SUMIFS('المصروفات'!F:F, exp_name, B36, EXP_CAT, "سلفة") -> 0 | I36: =C36+F36-G36-H36 -> 0
C37: =SUMIFS('المصروفات'!F:F, exp_name, B37, EXP_CAT, "راتب") -> 0 | F37: =SUMIFS('المصروفات'!F:F, exp_name, B37, EXP_CAT, "الحوافز") -> 0 | H37: =SUMIFS('المصروفات'!F:F, exp_name, B37, EXP_CAT, "سلفة") -> 0 | I37: =C37+F37-G37-H37 -> 0
C38: =SUMIFS('المصروفات'!F:F, exp_name, B38, EXP_CAT, "راتب") -> 0 | F38: =SUMIFS('المصروفات'!F:F, exp_name, B38, EXP_CAT, "الحوافز") -> 0 | H38: =SUMIFS('المصروفات'!F:F, exp_name, B38, EXP_CAT, "سلفة") -> 0 | I38: =C38+F38-G38-H38 -> 0
C39: =SUMIFS('المصروفات'!F:F, exp_name, B39, EXP_CAT, "راتب") -> 0 | F39: =SUMIFS('المصروفات'!F:F, exp_name, B39, EXP_CAT, "الحوافز") -> 0 | H39: =SUMIFS('المصروفات'!F:F, exp_name, B39, EXP_CAT, "سلفة") -> 0 | I39: =C39+F39-G39-H39 -> 0
C40: =SUMIFS('المصروفات'!F:F, exp_name, B40, EXP_CAT, "راتب") -> 0 | F40: =SUMIFS('المصروفات'!F:F, exp_name, B40, EXP_CAT, "الحوافز") -> 0 | H40: =SUMIFS('المصروفات'!F:F, exp_name, B40, EXP_CAT, "سلفة") -> 0 | I40: =C40+F40-G40-H40 -> 0
C41: =SUMIFS('المصروفات'!F:F, exp_name, B41, EXP_CAT, "راتب") -> 0 | F41: =SUMIFS('المصروفات'!F:F, exp_name, B41, EXP_CAT, "الحوافز") -> 0 | H41: =SUMIFS('المصروفات'!F:F, exp_name, B41, EXP_CAT, "سلفة") -> 0 | I41: =C41+F41-G41-H41 -> 0
C42: =SUMIFS('المصروفات'!F:F, exp_name, B42, EXP_CAT, "راتب") -> 0 | F42: =SUMIFS('المصروفات'!F:F, exp_name, B42, EXP_CAT, "الحوافز") -> 0 | H42: =SUMIFS('المصروفات'!F:F, exp_name, B42, EXP_CAT, "سلفة") -> 0 | I42: =C42+F42-G42-H42 -> 0
C43: =SUMIFS('المصروفات'!F:F, exp_name, B43, EXP_CAT, "راتب") -> 0 | F43: =SUMIFS('المصروفات'!F:F, exp_name, B43, EXP_CAT, "الحوافز") -> 0 | H43: =SUMIFS('المصروفات'!F:F, exp_name, B43, EXP_CAT, "سلفة") -> 0 | I43: =C43+F43-G43-H43 -> 0
C44: =SUMIFS('المصروفات'!F:F, exp_name, B44, EXP_CAT, "راتب") -> 0 | F44: =SUMIFS('المصروفات'!F:F, exp_name, B44, EXP_CAT, "الحوافز") -> 0 | H44: =SUMIFS('المصروفات'!F:F, exp_name, B44, EXP_CAT, "سلفة") -> 0 | I44: =C44+F44-G44-H44 -> 0
C45: =SUMIFS('المصروفات'!F:F, exp_name, B45, EXP_CAT, "راتب") -> 0 | F45: =SUMIFS('المصروفات'!F:F, exp_name, B45, EXP_CAT, "الحوافز") -> 0 | H45: =SUMIFS('المصروفات'!F:F, exp_name, B45, EXP_CAT, "سلفة") -> 0 | I45: =C45+F45-G45-H45 -> 0
... C47: =SUMIFS('المصروفات'!F:F, exp_name, B47, EXP_CAT, "راتب") -> 0 | F47: =SUMIFS('المصروفات'!F:F, exp_name, B47, EXP_CAT, "الحوافز") -> 0 | H47: =SUMIFS('المصروفات'!F:F, exp_name, B47, EXP_CAT, "سلفة") -> 0 | I47: =C47+F47-G47-H47 -> 0

Sheet ادخال الواردات
A1: العمود 1 | B1: NO. | C1: البند | D1: تاريخ استلام الطلب | E1: الحالة | F1: اسم الزبون | G1: رقم الوصل | H1: اسم البائع | I1: سعر البيع | J1: تاريخ الدفع | K1: المدفوع | L1: الباقي | M1: كلفة المنتج | N1: Column 16 | O1: Column 18 | P1: Column 17 | Q1: Column 15 | R1: Column 14 | S1: الملاحظات | T1: طريقة الدفع | U1: العمود 1 2 | V1: العمود 2 | W1: العمود 3 | X1: العمود 4 | Y1: العمود 5 | Z1: العمود 6 | AA1: العمود 7 | AB1: العمود 8 | AC1: العمود 9 | AD1: العمود 10 | AE1: العمود 11 | AF1: العمود 12 | AG1: العمود 13 | AH1: العمود 14 | AI1: العمود 15 | AJ1: العمود 16 | AK1: العمود 17 | AL1: العمود 18
A2: 45696.814 | B2: NO. | C2: البند | D2: تاريخ استلام الطلب | F2: الحالة | G2: اسم الزبون | H2: رقم الوصل | I2: اسم البائع | J2: القيمة | L2: تاريخ الدفع | M2: المدفوع | N2: الباقي | O2: كلفة المنتج | P2: الربح | Q2: نوع العمولة | R2: قيمة النسبة % | S2: العمولة | T2: الربح بعد اقتطاع العمولة | U2: الملاحظات | V2: طريقة الدفع | W2: 747000 | X2: القاصة =
A3: 45696.815 | B3: 11 | C3: 24ث12 | D3: 45707 | F3: شسيي | G3: 2132 | H3: الورشة | I3: شسيشس | J3: 45691 | L3: شسي | M3: سشي | S3: شسي | T3: شيس
A4: 45696.872 | B4: 112 | C4: مبخرة | D4: 45693 | F4: بيج تاليا | G4: 00223 | H4: حسين | I4: 35000 | J4: 45696 | L4: 35000 | M4: 15000 | S4: لاتحتوي رقم طلب | T4: اجل
A5: 45698.821 | B5: 1212 | C5: TEST | D5: 45694 | F5: SAIF | G5: 515514 | H5: حسين | I5: 50000 | J5: 45700 | L5: 15000 | M5: 50000 | S5: DASDAS, | T5: ZAIN

Sheet واردات شهر فبراير 2025
A1: دققت | B1: NO. | C1: البند | D1: تاريخ | E1: الحالة | F1: اسم الزبون | G1: رقم الوصل | H1: البائع | I1: القيمة | J1: تاريخ الاستلام | K1: الباقي | L1: كلفة المنتج | M1: الربح | N1: نوع العمولة | O1: قيمة النسبة % | P1: العمولة | Q1: الربح بعد اقتطاع العمولة | R1: الملاحظات | S1: طريقة الدفع | T1: 0 | U1: القاصة =
A2: TRU | B2: 242a | C2: اكرليك ذهبي | D2: 45689 | E2: مستلم | F2: زهور لمسة | G2: 201 | H2: الورشة | I2: 20000 | L2: 3000 | M2: =IF(OR(ISBLANK(I2),ISBLANK(L2)),"",I2-L2) -> 17000 | N2: ارباح | O2: 0 | P2: =IF(N2="مبيعات", O2%*I2, IF(N2="ارباح", O2%*M2, "")) -> 0 | Q2: =IF(OR(ISBLANK(M2),ISBLANK(P2),P2=0),"",M2-P2) | R2: مراجعة
A3: TRUE | B3: 243a | C3: خلفية جبسين عربي | D3: 45689 | E3: مكرر | F3: زبون سوشيال | G3: 000/66 | H3: حسين | L3: 200000 | M3: =IF(OR(ISBLANK(I3),ISBLANK(L3)),"",I3-L3) | N3: ارباح | P3: =IF(N3="مبيعات", O3%*I3, IF(N3="ارباح", O3%*M3, "")) -> 0 | Q3: =IF(OR(ISBLANK(M3),ISBLANK(P3),P3=0),"",M3-P3) | R3: مكرر | S3: 650000
A4: TRUE | B4: 248 | C4: بوكس مهر | D4: 45690 | E4: دين | F4: ادو | G4: 204 | H4: حسين | I4: 80000 | K4: 80000 | L4: 25000 | M4: =IF(OR(ISBLANK(I4),ISBLANK(L4)),"",I4-L4) -> 55000 | P4: =IF(N4="مبيعات", O4%*I4, IF(N4="ارباح", O4%*M4, "")) | Q4: =IF(OR(ISBLANK(M4),ISBLANK(P4),P4=0),"",M4-P4) -> 55000 | R4: دين
A5: TRUE | B5: a22b | C5: عالم الامريكي | D5: 45690 | E5: مستلم | F5: عالم الامريكي | G5: 170 | H5: الورشة | I5: 500000 | K5: 0 | L5: 200000 | M5: =IF(OR(ISBLANK(I5),ISBLANK(L5)),"",I5-L5) -> 300000 | P5: =IF(N5="مبيعات", O5%*I5, IF(N5="ارباح", O5%*M5, "")) | Q5: =IF(OR(ISBLANK(M5),ISBLANK(P5),P5=0),"",M5-P5) -> 300000
A6: TRUE | B6: 246 | C6: مبخرو بورد | D6: 45690 | E6: مستلم | F6: زبون سوشيال | G6: 939253 | H6: حسين | I6: 95000 | J6: 45710 | K6: 0 | L6: 20000 | M6: =IF(OR(ISBLANK(I6),ISBLANK(L6)),"",I6-L6) -> 75000 | P6: =IF(N6="مبيعات", O6%*I6, IF(N6="ارباح", O6%*M6, "")) | Q6: =IF(OR(ISBLANK(M6),ISBLANK(P6),P6=0),"",M6-P6) -> 75000 | R6: معلق
A7: TRUE | B7: 245a | C7: بوكس حلقات | D7: 45690 | E7: مستلم | F7: زبون سوشيال | G7: 939253 | H7: حسين | I7: 60000 | J7: 45710 | K7: 0 | L7: 20000 | M7: =IF(OR(ISBLANK(I7),ISBLANK(L7)),"",I7-L7) -> 40000 | P7: =IF(N7="مبيعات", O7%*I7, IF(N7="ارباح", O7%*M7, "")) | Q7: =IF(OR(ISBLANK(M7),ISBLANK(P7),P7=0),"",M7-P7) -> 40000 | R7: معلق
A8: TRUE | B8: 247 | C8: شريط2 | D8: 45690 | E8: مستلم | F8: زبون سوشيال | G8: 939253 | H8: حسين | I8: 15000 | J8: 45710 | K8: 0 | L8: 3000 | M8: =IF(OR(ISBLANK(I8),ISBLANK(L8)),"",I8-L8) -> 12000 | P8: =IF(N8="مبيعات", O8%*I8, IF(N8="ارباح", O8%*M8, "")) | Q8: =IF(OR(ISBLANK(M8),ISBLANK(P8),P8=0),"",M8-P8) -> 12000 | R8: معلق
A9: TRUE | B9: 255 | C9: خلفيات 2 مع كوشة تغليف قماش رصاصي مع صواني | D9: 45690 | E9: مستلم | F9: كورتادو | G9: 209 | H9: حسين | I9: 1725000 | L9: 800000 | M9: =IF(OR(ISBLANK(I9),ISBLANK(L9)),"",I9-L9) -> 925000 | N9: مبيعات | O9: 5 | P9: =IF(N9="مبيعات", O9%*I9, IF(N9="ارباح", O9%*M9, "")) -> 86250 | Q9: =IF(OR(ISBLANK(M9),ISBLANK(P9),P9=0),"",M9-P9) -> 838750
A10: TRUE | B10: 243 | C10: بوكس حلقات + بورد | D10: 45690 | E10: راجع | F10: زبون سوشيال | G10: 939252 | H10: حسين | L10: 15000 | M10: =IF(OR(ISBLANK(S10),ISBLANK(L10)),"",S10-L10) -> 20000 | P10: =IF(N10="مبيعات", O10%*S10, IF(N10="ارباح", O10%*M10, "")) | Q10: =IF(OR(ISBLANK(M10),ISBLANK(P10),P10=0),"",M10-P10) -> 20000 | S10: 35000
A11: TRUE | B11: 244 | C11: بورد بصمات | D11: 45690 | E11: راجع | F11: زبون سوشيال | G11: 939252 | H11: حسين | L11: 15000 | M11: =IF(OR(ISBLANK(S11),ISBLANK(L11)),"",S11-L11) -> 45000 | N11: ارباح | P11: =IF(N11="مبيعات", O11%*S11, IF(N11="ارباح", O11%*M11, "")) -> 0 | Q11: =IF(OR(ISBLANK(M11),ISBLANK(P11),P11=0),"",M11-P11) | S11: 60000
A12: TRUE | B12: مك | C12: بوكس حلقات | D12: 45690 | E12: مكرر | F12: زبون سوشيال | H12: حسين | L12: 20000 | M12: =IF(OR(ISBLANK(I13),ISBLANK(L12)),"",I13-L12) -> 20000 | P12: =IF(N12="مبيعات", O12%*I13, IF(N12="ارباح", O12%*M12, "")) | Q12: =IF(OR(ISBLANK(M12),ISBLANK(P12),P12=0),"",M12-P12) -> 20000 | R12: مكرر | S12: 60000
A13: TRUE | B13: 249 | C13: بوكس حلقات | D13: 45691 | E13: دين | F13: ادو | G13: 204 | H13: حسين | I13: 40000 | K13: 40000 | L13: 15000 | M13: =IF(OR(ISBLANK(I13),ISBLANK(L13)),"",I13-L13) -> 25000 | P13: =IF(N13="مبيعات", O13%*I13, IF(N13="ارباح", O13%*M13, "")) | Q13: =IF(OR(ISBLANK(M13),ISBLANK(P13),P13=0),"",M13-P13) -> 25000 | R13: دين
A14: TRUE | B14: 250 | C14: بوكس ساعات | D14: 45691 | E14: دين | F14: ادو | G14: 204 | H14: حسين | I14: 40000 | K14: 40000 | L14: 15000 | M14: =IF(OR(ISBLANK(I14),ISBLANK(L14)),"",I14-L14) -> 25000 | P14: =IF(N14="مبيعات", O14%*I14, IF(N14="ارباح", O14%*M14, "")) | Q14: =IF(OR(ISBLANK(M14),ISBLANK(P14),P14=0),"",M14-P14) -> 25000 | R14: دين
A15: TRUE | B15: ***** | C15: شمس البصرة 2024 | D15: 45691 | E15: مستلم | F15: زبون سوشيال | G15: كشوفات حساب شمس البصرة | H15: حسين | I15: 1955000 | M15: =IF(OR(ISBLANK(I15),ISBLANK(L15)),"",I15-L15) | P15: =IF(N15="مبيعات", O15%*I15, IF(N15="ارباح", O15%*M15, "")) | Q15: =IF(OR(ISBLANK(M15),ISBLANK(P15),P15=0),"",M15-P15) -> 0 | R15: تم استلامهم في سنة 2025 حسب كشوفات الحساب
A16: TRUE | B16: 252 | C16: طبق ورق | D16: 45691 | E16: مستلم | F16: زهراء | G16: 205 | H16: حسين | I16: 75000 | L16: 25000 | M16: =IF(OR(ISBLANK(I16),ISBLANK(L16)),"",I16-L16) -> 50000 | P16: =IF(N16="مبيعات", O16%*I16, IF(N16="ارباح", O16%*M16, "")) | Q16: =IF(OR(ISBLANK(M16),ISBLANK(P16),P16=0),"",M16-P16) -> 50000
A17: TRUE | B17: 251 | C17: مبخرة اكرلك جلد جوزي | D17: 45691 | E17: مستلم | F17: زبون سوشيال | G17: 203 | H17: حسين | I17: 30000 | J17: 45697 | L17: 15000 | M17: =IF(OR(ISBLANK(I17),ISBLANK(L17)),"",I17-L17) -> 15000 | P17: =IF(N17="مبيعات", O17%*I17, IF(N17="ارباح", O17%*M17, "")) | Q17: =IF(OR(ISBLANK(M17),ISBLANK(P17),P17=0),"",M17-P17) -> 15000
A18: TRUE | B18: 231 | C18: مبخرة | D18: 45691 | E18: مستلم | F18: زهراء | G18: 232 | H18: حسين | I18: 30000 | J18: 45698 | L18: 15000 | M18: =IF(OR(ISBLANK(I18),ISBLANK(L18)),"",I18-L18) -> 15000 | P18: =IF(N18="مبيعات", O18%*I18, IF(N18="ارباح", O18%*M18, "")) | Q18: =IF(OR(ISBLANK(M18),ISBLANK(P18),P18=0),"",M18-P18) -> 15000 | R18: دين
A19: TRUE | B19: A26 | C19: شركة نقل | D19: 45691 | E19: مستلم | F19: زبون سوشيال | G19: 000/159 | H19: الورشة | I19: 180000 | L19: 80000 | M19: =IF(OR(ISBLANK(I19),ISBLANK(L19)),"",I19-L19) -> 100000 | P19: =IF(N19="مبيعات", O19%*I19, IF(N19="ارباح", O19%*M19, "")) | Q19: =IF(OR(ISBLANK(M19),ISBLANK(P19),P19=0),"",M19-P19) -> 100000
A20: TRUE | B20: A25 | C20: اتقان للبناء | D20: 45691 | E20: مستلم | F20: زبون سوشيال | G20: 000/156 | H20: الورشة | I20: 40000 | L20: 15000 | M20: =IF(OR(ISBLANK(I20),ISBLANK(L20)),"",I20-L20) -> 25000 | P20: =IF(N20="مبيعات", O20%*I20, IF(N20="ارباح", O20%*M20, "")) | Q20: =IF(OR(ISBLANK(M20),ISBLANK(P20),P20=0),"",M20-P20) -> 25000
A21: TRUE | B21: 256 | C21: بورد بصمات | D21: 45692 | F21: زبون سوشيال | G21: 211 | H21: حسين | I21: 25000 | K21: 25000 | L21: 15000 | M21: =IF(OR(ISBLANK(I21),ISBLANK(L21)),"",I21-L21) -> 10000 | P21: =IF(N21="مبيعات", O21%*I21, IF(N21="ارباح", O21%*M21, "")) | Q21: =IF(OR(ISBLANK(M21),ISBLANK(P21),P21=0),"",M21-P21) -> 10000
A22: TRUE | C22: تصفية حسابات اسماء | D22: 45692 | E22: مستلم | F22: اسماء | H22: حسين | I22: 1000000 | L22: 0 | M22: 0 | P22: =IF(N22="مبيعات", O22%*I22, IF(N22="ارباح", O22%*M22, "")) | Q22: =IF(OR(ISBLANK(M22),ISBLANK(P22),P22=0),"",M22-P22) -> 0
A23: TRUE | C23: حنان دين قديم | D23: 45692 | E23: مستلم | F23: حنان | H23: حسين | I23: 460000 | M23: =IF(OR(ISBLANK(I23),ISBLANK(L23)),"",I23-L23) | P23: =IF(N23="مبيعات", O23%*I23, IF(N23="ارباح", O23%*M23, "")) | Q23: =IF(OR(ISBLANK(M23),ISBLANK(P23),P23=0),"",M23-P23) -> 0
A24: FALSE | C24: سيف عدنان | D24: 45692 | E24: مستلم | F24: سيف عدنان | I24: 450000 | M24: =IF(OR(ISBLANK(I24),ISBLANK(L24)),"",I24-L24) | P24: =IF(N24="مبيعات", O24%*I24, IF(N24="ارباح", O24%*M24, "")) | Q24: =IF(OR(ISBLANK(M24),ISBLANK(P24),P24=0),"",M24-P24) -> 0
A25: TRUE | B25: 255 | C25: بوكس بدلة | D25: 45692 | E25: مستلم | F25: لجين بيوتي | G25: 214 | H25: حسين | I25: 140000 | L25: 25000 | M25: =IF(OR(ISBLANK(I25),ISBLANK(L25)),"",I25-L25) -> 115000 | P25: =IF(N25="مبيعات", O25%*I25, IF(N25="ارباح", O25%*M25, "")) | Q25: =IF(OR(ISBLANK(M25),ISBLANK(P25),P25=0),"",M25-P25) -> 115000
A26: FALSE | B26: 253 | C26: صينية ع2 | D26: 45692 | E26: مستلم | F26: حنان | G26: 208 | H26: حسين | I26: 70000 | L26: 35000 | M26: =IF(OR(ISBLANK(I26),ISBLANK(L26)),"",I26-L26) -> 35000 | P26: =IF(N26="مبيعات", O26%*I26, IF(N26="ارباح", O26%*M26, "")) | Q26: =IF(OR(ISBLANK(M26),ISBLANK(P26),P26=0),"",M26-P26) -> 35000 | R26: دين + اختلاف بتسجيل المبلغ بين الوصل والشيت
A27: FALSE | B27: 254 | C27: ستاند اكرلك | D27: 45692 | E27: مستلم | F27: حنان | G27: 208 | H27: حسين | I27: 40000 | L27: 15000 | M27: =IF(OR(ISBLANK(I27),ISBLANK(L27)),"",I27-L27) -> 25000 | P27: =IF(N27="مبيعات", O27%*I27, IF(N27="ارباح", O27%*M27, "")) | Q27: =IF(OR(ISBLANK(M27),ISBLANK(P27),P27=0),"",M27-P27) -> 25000 | R27: دين + اختلاف بتسجيل المبلغ بين الوصل والشيت
A28: TRUE | B28: 259 | C28: صنية فوم تغليف | D28: 45692 | E28: مكرر | F28: زبون سوشيال | H28: حسين | L28: 25000 | M28: =IF(OR(ISBLANK(I28),ISBLANK(L28)),"",I28-L28) | P28: =IF(N28="مبيعات", O28%*I28, IF(N28="ارباح", O28%*M28, "")) | Q28: =IF(OR(ISBLANK(M28),ISBLANK(P28),P28=0),"",M28-P28) -> 0 | R28: مكرر طلب 253 | S28: 70000
A29: TRUE | B29: 266 | C29: مبخرة و علبية بخور | D29: 45693 | E29: مستلم | F29: زبون سوشيال | G29: 939256 | H29: حسين | I29: 100000 | J29: 45724 | K29: 0 | L29: 30000 | M29: =IF(OR(ISBLANK(I29),ISBLANK(L29)),"",I29-L29) -> 70000 | P29: =IF(N29="مبيعات", O29%*I29, IF(N29="ارباح", O29%*M29, "")) | Q29: =IF(OR(ISBLANK(M29),ISBLANK(P29),P29=0),"",M29-P29) -> 70000
A30: TRUE | B30: 264 | C30: يوكس مهر | D30: 45693 | F30: زهراء | G30: 241 | H30: حسين | I30: 125000 | K30: 125000 | L30: 25000 | M30: =IF(OR(ISBLANK(I30),ISBLANK(L30)),"",I30-L30) -> 100000 | P30: =IF(N30="مبيعات", O30%*I30, IF(N30="ارباح", O30%*M30, "")) | Q30: =IF(OR(ISBLANK(M30),ISBLANK(P30),P30=0),"",M30-P30) -> 100000
A31: FALSE | B31: 265 | C31: بورد بصمات | D31: 45693 | F31: زبون سوشيال | H31: حسين | I31: 45000 | K31: 45000 | L31: 15000 | M31: =IF(OR(ISBLANK(I31),ISBLANK(L31)),"",I31-L31) -> 30000 | P31: =IF(N31="مبيعات", O31%*I31, IF(N31="ارباح", O31%*M31, "")) | Q31: =IF(OR(ISBLANK(M31),ISBLANK(P31),P31=0),"",M31-P31) -> 30000
A32: TRUE | B32: 263 | C32: بوكس حلقات | D32: 45693 | F32: زهراء | G32: 241 | H32: حسين | I32: 40000 | K32: 40000 | L32: 15000 | M32: =IF(OR(ISBLANK(I32),ISBLANK(L32)),"",I32-L32) -> 25000 | P32: =IF(N32="مبيعات", O32%*I32, IF(N32="ارباح", O32%*M32, "")) | Q32: =IF(OR(ISBLANK(M32),ISBLANK(P32),P32=0),"",M32-P32) -> 25000
A33: TRUE | B33: 261 | C33: صينية قوم تغليف | D33: 45693 | F33: ياسر اوكسجين | G33: 216 | H33: حسين | I33: 35000 | K33: 35000 | L33: 20000 | M33: =IF(OR(ISBLANK(I33),ISBLANK(L33)),"",I33-L33) -> 15000 | P33: =IF(N33="مبيعات", O33%*I33, IF(N33="ارباح", O33%*M33, "")) | Q33: =IF(OR(ISBLANK(M33),ISBLANK(P33),P33=0),"",M33-P33) -> 15000 | R33: مراجعة الوصل
A34: TRUE | B34: 262 | C34: بورد تغليف | D34: 45693 | F34: زهراء | G34: 241 | H34: حسين | I34: 35000 | K34: 35000 | L34: 15000 | M34: =IF(OR(ISBLANK(I34),ISBLANK(L34)),"",I34-L34) -> 20000 | P34: =IF(N34="مبيعات", O34%*I34, IF(N34="ارباح", O34%*M34, "")) | Q34: =IF(OR(ISBLANK(M34),ISBLANK(P34),P34=0),"",M34-P34) -> 20000
A35: TRUE | B35: A23B | C35: بوتيك هافان | D35: 45693 | E35: مستلم | F35: زبون سوشيال | G35: 000/158 | H35: الورشة | I35: 600000 | J35: 45723 | K35: 0 | L35: 250000 | M35: =IF(OR(ISBLANK(I35),ISBLANK(L35)),"",I35-L35) -> 350000 | P35: =IF(N35="مبيعات", O35%*I35, IF(N35="ارباح", O35%*M35, "")) | Q35: =IF(OR(ISBLANK(M35),ISBLANK(P35),P35=0),"",M35-P35) -> 350000
A36: TRUE | B36: 257 | C36: بوكس بدلة | D36: 45693 | E36: مستلم | F36: زبون سوشيال | G36: 217 | H36: حسين | I36: 150000 | J36: 45697 | M36: =IF(OR(ISBLANK(I36),ISBLANK(L36)),"",I36-L36) | P36: =IF(N36="مبيعات", O36%*I36, IF(N36="ارباح", O36%*M36, "")) | Q36: =IF(OR(ISBLANK(M36),ISBLANK(P36),P36=0),"",M36-P36) -> 0
A37: TRUE | B37: 267 | C37: شريط مع كروت معايدة | D37: 45693 | E37: مستلم | F37: نرجس | G37: 213 | H37: حسين | I37: 8000 | J37: 45696 | L37: 10000 | M37: =IF(OR(ISBLANK(I37),ISBLANK(L37)),"",I37-L37) -> -2000 | P37: =IF(N37="مبيعات", O37%*I37, IF(N37="ارباح", O37%*M37, "")) | Q37: =IF(OR(ISBLANK(M37),ISBLANK(P37),P37=0),"",M37-P37) -> -2000
A38: TRUE | B38: 268 | C38: شريط طبع | D38: 45693 | E38: مستلم | F38: زبون سوشيال | G38: 212 | H38: حسين | I38: 5000 | J38: 45696 | L38: 1000 | M38: =IF(OR(ISBLANK(I38),ISBLANK(L38)),"",I38-L38) -> 4000 | P38: =IF(N38="مبيعات", O38%*I38, IF(N38="ارباح", O38%*M38, "")) | Q38: =IF(OR(ISBLANK(M38),ISBLANK(P38),P38=0),"",M38-P38) -> 4000
A39: FALSE | B39: A31 | C39: محمد سلام | D39: 45693 | E39: مستلم | F39: زبون سوشيال | G39: 000/155 | H39: الورشة | I39: 405000 | L39: 75000 | M39: =IF(OR(ISBLANK(I39),ISBLANK(L39)),"",I39-L39) -> 330000 | P39: =IF(N39="مبيعات", O39%*I39, IF(N39="ارباح", O39%*M39, "")) | Q39: =IF(OR(ISBLANK(M39),ISBLANK(P39),P39=0),"",M39-P39) -> 330000
A40: TRUE | B40: A24B | C40: مكتب خدمات المهندس | D40: 45693 | E40: مستلم | F40: زبون سوشيال | G40: 000/157 | H40: الورشة | I40: 100000 | L40: 80000 | M40: =IF(OR(ISBLANK(I40),ISBLANK(L40)),"",I40-L40) -> 20000 | P40: =IF(N40="مبيعات", O40%*I40, IF(N40="ارباح", O40%*M40, "")) | Q40: =IF(OR(ISBLANK(M40),ISBLANK(P40),P40=0),"",M40-P40) -> 20000
A41: TRUE | B41: A12 | C41: للهواتف النقالة فقط | D41: 45693 | E41: مستلم | F41: مستطرق | G41: 000/75 | H41: الورشة | I41: 85000 | L41: 15000 | M41: =IF(OR(ISBLANK(I41),ISBLANK(L41)),"",I41-L41) -> 70000 | N41: ارباح | O41: 0 | P41: =IF(N41="مبيعات", O41%*I41, IF(N41="ارباح", O41%*M41, "")) -> 0 | Q41: =IF(OR(ISBLANK(M41),ISBLANK(P41),P41=0),"",M41-P41) | R41: واصل كاش
A42: TRUE | B42: 265 | C42: بورد بصمات | D42: 45693 | E42: مستلم | F42: زبون سوشيال | G42: 939256 | H42: حسين | I42: 50000 | J42: 45724 | K42: 0 | L42: 15000 | M42: =IF(OR(ISBLANK(I42),ISBLANK(L42)),"",I42-L42) -> 35000 | P42: =IF(N42="مبيعات", O42%*I42, IF(N42="ارباح", O42%*M42, "")) | Q42: =IF(OR(ISBLANK(M42),ISBLANK(P42),P42=0),"",M42-P42) -> 35000
A43: TRUE | B43: 266a | C43: حروف اكرلك | D43: 45694 | E43: مستلم | F43: زهور لمسة | G43: 215 | H43: الورشة | I43: 20000 | L43: 5000 | M43: =IF(OR(ISBLANK(I43),ISBLANK(L43)),"",I43-L43) -> 15000 | P43: =IF(N43="مبيعات", O43%*I43, IF(N43="ارباح", O43%*M43, "")) | Q43: =IF(OR(ISBLANK(M43),ISBLANK(P43),P43=0),"",M43-P43) -> 15000 | T43: =(MINUS(T41,T42)) -> 0 | U43: الصاقي: | W43: دين
A44: FALSE | B44: 269 | C44: غربة جديدة | D44: 45694 | E44: معلق شمس البصرة | F44: زبون سوشيال | H44: حسين | I44: 175000 | K44: 175000 | L44: 75000 | M44: =IF(OR(ISBLANK(I44),ISBLANK(L44)),"",I44-L44) -> 100000 | P44: =IF(N44="مبيعات", O44%*I44, IF(N44="ارباح", O44%*M44, "")) | Q44: =IF(OR(ISBLANK(M44),ISBLANK(P44),P44=0),"",M44-P44) -> 100000
A45: FALSE | B45: 273 | C45: بورد جلد | D45: 45694 | E45: دين | F45: ياسر اوكسجينن | H45: حسين | I45: 35000 | K45: 35000 | L45: 15000 | M45: =IF(OR(ISBLANK(I45),ISBLANK(L45)),"",I45-L45) -> 20000 | P45: =IF(N45="مبيعات", O45%*I45, IF(N45="ارباح", O45%*M45, "")) | Q45: =IF(OR(ISBLANK(M45),ISBLANK(P45),P45=0),"",M45-P45) -> 20000
A46: TRUE | B46: 271 | C46: ضروف | D46: 45694 | F46: زبون سوشيال | G46: 222 | H46: حسين | I46: 25000 | K46: 25000 | L46: 5000 | M46: 5000 | P46: =IF(N46="مبيعات", O46%*I46, IF(N46="ارباح", O46%*M46, "")) | Q46: =IF(OR(ISBLANK(M46),ISBLANK(P46),P46=0),"",M46-P46) -> 5000
A47: TRUE | B47: 270 | C47: يطاقات ضيافة | D47: 45694 | F47: ياسر اوكسجينن | H47: حسين | I47: 25000 | K47: 25000 | L47: 10000 | M47: =IF(OR(ISBLANK(I47),ISBLANK(L47)),"",I47-L47) -> 15000 | P47: =IF(N47="مبيعات", O47%*I47, IF(N47="ارباح", O47%*M47, "")) | Q47: =IF(OR(ISBLANK(M47),ISBLANK(P47),P47=0),"",M47-P47) -> 15000
A48: TRUE | B48: 272 | C48: غلا ف مجلة | D48: 45694 | F48: زبون سوشيال | G48: 222 | H48: حسين | I48: 15000 | K48: 15000 | L48: 3000 | M48: =IF(OR(ISBLANK(I48),ISBLANK(L48)),"",I48-L48) -> 12000 | P48: =IF(N48="مبيعات", O48%*I48, IF(N48="ارباح", O48%*M48, "")) | Q48: =IF(OR(ISBLANK(M48),ISBLANK(P48),P48=0),"",M48-P48) -> 12000
A49: FALSE | C49: سيف | D49: 45694 | E49: مستلم | F49: سيف عدنان | H49: الورشة | I49: 1000000 | P49: =IF(N49="مبيعات", O49%*I49, IF(N49="ارباح", O49%*M49, "")) | Q49: =IF(OR(ISBLANK(M49),ISBLANK(P49),P49=0),"",M49-P49) | R49: سلفة سيف
A50: TRUE | C50: سيف | D50: 45694 | E50: مستلم | F50: سيف عدنان | H50: الورشة | I50: 150000 | P50: =IF(N50="مبيعات", O50%*I50, IF(N50="ارباح", O50%*M50, "")) | Q50: =IF(OR(ISBLANK(M50),ISBLANK(P50),P50=0),"",M50-P50) | R50: سلفة سيف
A51: TRUE | C51: سيف | D51: 45694 | E51: مستلم | F51: سيف عدنان | H51: الورشة | I51: 100000 | P51: =IF(N51="مبيعات", O51%*I51, IF(N51="ارباح", O51%*M51, "")) | Q51: =IF(OR(ISBLANK(M51),ISBLANK(P51),P51=0),"",M51-P51) | R51: سلفة سيف
A52: TRUE | C52: سيف سلفة | D52: 45694 | E52: مستلم | F52: سيف | H52: الورشة | I52: 50000 | J52: 45696 | P52: =IF(N52="مبيعات", O52%*#REF!, IF(N52="ارباح", O52%*I52, "")) | Q52: =IF(OR(ISBLANK(I52),ISBLANK(P52),P52=0),"",I52-P52) -> 50000 | R52: سلفة من سيف
A53: TRUE | B53: 258 | C53: بورد فوم | D53: 45694 | E53: مستلم | F53: زبون سوشيال | G53: 218 | H53: حسين | I53: 25000 | J53: 45697 | M53: =IF(OR(ISBLANK(I53),ISBLANK(L53)),"",I53-L53) | P53: =IF(N53="مبيعات", O53%*I53, IF(N53="ارباح", O53%*M53, "")) | Q53: =IF(OR(ISBLANK(M53),ISBLANK(P53),P53=0),"",M53-P53) -> 0
A54: TRUE | B54: A30 | C54: سيد محمد الامل | D54: 45694 | E54: مستلم | F54: مستطرق | G54: 160 | H54: الورشة | I54: 1240000 | L54: 400000 | M54: =IF(OR(ISBLANK(I54),ISBLANK(L54)),"",I54-L54) -> 840000 | P54: =IF(N54="مبيعات", O54%*I54, IF(N54="ارباح", O54%*M54, "")) | Q54: =IF(OR(ISBLANK(M54),ISBLANK(P54),P54=0),"",M54-P54) -> 840000
A55: TRUE | B55: 279a | C55: حروف اكرلك | D55: 45695 | E55: مستلم | F55: زبون سوشيال | G55: 224 | H55: الورشة | I55: 15000 | L55: 10000 | M55: =IF(OR(ISBLANK(I55),ISBLANK(L55)),"",I55-L55) -> 5000 | P55: =IF(N55="مبيعات", O55%*I55, IF(N55="ارباح", O55%*M55, "")) | Q55: =IF(OR(ISBLANK(M55),ISBLANK(P55),P55=0),"",M55-P55) -> 5000
A56: TRUE | B56: 280a | C56: حروف اكرلك MA | D56: 45695 | E56: مستلم | F56: زبون سوشيال | G56: 225 | H56: الورشة | I56: 15000 | L56: 5000 | M56: =IF(OR(ISBLANK(I56),ISBLANK(L56)),"",I56-L56) -> 10000 | P56: =IF(N56="مبيعات", O56%*I56, IF(N56="ارباح", O56%*M56, "")) | Q56: =IF(OR(ISBLANK(M56),ISBLANK(P56),P56=0),"",M56-P56) -> 10000 | W56: قيد الانشاء | X56: ابيض
A57: TRUE | B57: 281a | C57: قماش حروث | D57: 45695 | E57: مستلم | F57: حسين ورد | G57: 226 | H57: حسين | I57: 10000 | L57: 3000 | M57: =IF(OR(ISBLANK(I57),ISBLANK(L57)),"",I57-L57) -> 7000 | P57: =IF(N57="مبيعات", O57%*I57, IF(N57="ارباح", O57%*M57, "")) | Q57: =IF(OR(ISBLANK(M57),ISBLANK(P57),P57=0),"",M57-P57) -> 7000
A58: TRUE | C58: قص سي ان سي شركة السراج | D58: 45695 | E58: مستلم | F58: محمد مصمم | G58: 162 | H58: الورشة | I58: 360000 | J58: 45696 | L58: 150000 | M58: =IF(OR(ISBLANK(I58),ISBLANK(L58)),"",I58-L58) -> 210000 | P58: =IF(N58="مبيعات", O58%*I58, IF(N58="ارباح", O58%*M58, "")) | Q58: =IF(OR(ISBLANK(M58),ISBLANK(P58),P58=0),"",M58-P58) -> 210000
A59: TRUE | B59: A31 | C59: بروشات شهيد | D59: 45695 | E59: مستلم | F59: زبون سوشيال | G59: 161 | H59: حسين | I59: 500000 | J59: 45700 | M59: =IF(OR(ISBLANK(I59),ISBLANK(L59)),"",I59-L59) | P59: =IF(N59="مبيعات", O59%*I59, IF(N59="ارباح", O59%*M59, "")) | Q59: =IF(OR(ISBLANK(M59),ISBLANK(P59),P59=0),"",M59-P59) -> 0
A60: TRUE | B60: 277 | C60: بوكس بدلة | D60: 45696 | E60: دين | F60: زبون سوشيال | G60: 235 | H60: حسين | I60: 135000 | K60: 135000 | M60: 50000 | P60: =IF(N60="مبيعات", O60%*I60, IF(N60="ارباح", O60%*M60, "")) | Q60: =IF(OR(ISBLANK(M60),ISBLANK(P60),P60=0),"",M60-P60) -> 50000
A61: TRUE | B61: 282a | C61: عبارة اكرلك قالب خشب | D61: 45696 | E61: مستلم | F61: زبون سوشيال | G61: 227 | H61: الورشة | I61: 30000 | L61: 10000 | M61: =IF(OR(ISBLANK(I61),ISBLANK(L61)),"",I61-L61) -> 20000 | P61: =IF(N61="مبيعات", O61%*I61, IF(N61="ارباح", O61%*M61, "")) | Q61: =IF(OR(ISBLANK(M61),ISBLANK(P61),P61=0),"",M61-P61) -> 20000
A62: FALSE | B62: 283 | C62: تعلاقة مي | D62: 45696 | E62: دين | F62: زبون سوشيال | H62: حسين | I62: 25000 | K62: 25000 | M62: 10000 | P62: =IF(N62="مبيعات", O62%*I62, IF(N62="ارباح", O62%*M62, "")) | Q62: =IF(OR(ISBLANK(M62),ISBLANK(P62),P62=0),"",M62-P62) -> 10000
A63: FALSE | B63: 275 | C63: بروشات | D63: 45696 | E63: دين | F63: ياسر اوكسجين | H63: حسين | I63: 20000 | K63: 20000 | M63: 5000 | P63: =IF(N63="مبيعات", O63%*I63, IF(N63="ارباح", O63%*M63, "")) | Q63: =IF(OR(ISBLANK(M63),ISBLANK(P63),P63=0),"",M63-P63) -> 5000
A64: TRUE | B64: A32 | C64: مهدي الموسوي | D64: 45696 | E64: مستلم | F64: زبون سوشيال | G64: 163 | H64: الورشة | I64: 490000 | J64: 45696 | K64: 0 | L64: 200000 | N64: مبيعات
A65: TRUE | B65: 274 | C65: بوكس حلقات مع قاعدة | D65: 45696 | E65: مستلم | F65: زبون سوشيال | G65: 939259 | H65: حسين | I65: 75000 | J65: 45710 | K65: 0 | L65: 30000 | M65: =IF(OR(ISBLANK(I65),ISBLANK(L65)),"",I65-L65) -> 45000 | P65: =IF(N65="مبيعات", O65%*I65, IF(N65="ارباح", O65%*M65, "")) | Q65: =IF(OR(ISBLANK(M65),ISBLANK(P65),P65=0),"",M65-P65) -> 45000
A66: TRUE | B66: 278 | C66: طبع قماش | D66: 45696 | E66: مستلم | F66: زبون سوشيال | G66: 939254 | H66: حسين | I66: 25000 | J66: 45710 | K66: 0 | M66: 5000 | P66: =IF(N66="مبيعات", O66%*I66, IF(N66="ارباح", O66%*M66, "")) | Q66: =IF(OR(ISBLANK(M66),ISBLANK(P66),P66=0),"",M66-P66) -> 5000
A67: TRUE | B67: 293-284 | C67: بوكسات - تعلاقة مي | D67: 45696 | E67: مستلم | F67: زبون سوشيال | G67: 229 | H67: حسين | I67: 60000 | M67: =IF(OR(ISBLANK(I67),ISBLANK(L67)),"",I67-L67) | P67: =IF(N67="مبيعات", O67%*I67, IF(N67="ارباح", O67%*M67, "")) | Q67: =IF(OR(ISBLANK(M67),ISBLANK(P67),P67=0),"",M67-P67) -> 0
A68: TRUE | B68: 279 | C68: مبخره | D68: 45696 | E68: مستلم | F68: زبون سوشيال | G68: 939260 | H68: حسين | I68: 60000 | J68: 45724 | K68: 0 | L68: 15000 | M68: =IF(OR(ISBLANK(I68),ISBLANK(L68)),"",I68-L68) -> 45000 | P68: =IF(N68="مبيعات", O68%*I68, IF(N68="ارباح", O68%*M68, "")) | Q68: =IF(OR(ISBLANK(M68),ISBLANK(P68),P68=0),"",M68-P68) -> 45000
A69: TRUE | B69: 280 | C69: علبة حلقات | D69: 45696 | E69: مستلم | F69: زبون سوشيال | G69: 939260 | H69: حسين | I69: 60000 | J69: 45724 | K69: 0 | L69: 20000 | M69: =IF(OR(ISBLANK(I69),ISBLANK(L69)),"",I69-L69) -> 40000 | P69: =IF(N69="مبيعات", O69%*I69, IF(N69="ارباح", O69%*M69, "")) | Q69: =IF(OR(ISBLANK(M69),ISBLANK(P69),P69=0),"",M69-P69) -> 40000
A70: TRUE | B70: 281 | C70: بوكس ذهب | D70: 45696 | E70: مستلم | F70: زبون سوشيال | G70: 939260 | H70: حسين | I70: 125000 | J70: 45724 | K70: 0 | L70: 30000 | M70: =IF(OR(ISBLANK(I70),ISBLANK(L70)),"",I70-L70) -> 95000 | P70: =IF(N70="مبيعات", O70%*I70, IF(N70="ارباح", O70%*M70, "")) | Q70: =IF(OR(ISBLANK(M70),ISBLANK(P70),P70=0),"",M70-P70) -> 95000
A71: TRUE | B71: 282 | C71: بوكس بدلة | D71: 45696 | E71: مستلم | F71: زبون سوشيال | G71: 939260 | H71: حسين | I71: 150000 | J71: 45724 | K71: 0 | L71: 50000 | M71: =IF(OR(ISBLANK(I71),ISBLANK(L71)),"",I71-L71) -> 100000 | P71: =IF(N71="مبيعات", O71%*I71, IF(N71="ارباح", O71%*M71, "")) | Q71: =IF(OR(ISBLANK(M71),ISBLANK(P71),P71=0),"",M71-P71) -> 100000
A72: FALSE | B72: 301 | C72: طبع قماش | D72: 45697 | E72: دين | F72: ادو | H72: حسين | I72: 5000 | K72: 5000 | L72: 1000 | P72: =IF(N72="مبيعات", O72%*I72, IF(N72="ارباح", O72%*M72, "")) | Q72: =IF(OR(ISBLANK(M72),ISBLANK(P72),P72=0),"",M72-P72)
A73: TRUE | B73: 302 | C73: صينية مهر | D73: 45697 | E73: مستلم | F73: زبون سوشيال | G73: 939258 | H73: حسين | I73: 250000 | J73: 45710 | K73: 0 | L73: 75000 | M73: =IF(OR(ISBLANK(I73),ISBLANK(L73)),"",I73-L73) -> 175000 | P73: =IF(N73="مبيعات", O73%*I73, IF(N73="ارباح", O73%*M73, "")) | Q73: =IF(OR(ISBLANK(M73),ISBLANK(P73),P73=0),"",M73-P73) -> 175000
A74: TRUE | B74: 297 | C74: ورق | D74: 45697 | E74: مستلم | F74: زبون سوشيال | G74: 939255 | H74: حسين | I74: 25000 | J74: 45710 | K74: 0 | L74: 5000 | M74: =IF(OR(ISBLANK(I74),ISBLANK(L74)),"",I74-L74) -> 20000 | P74: =IF(N74="مبيعات", O74%*I74, IF(N74="ارباح", O74%*M74, "")) | Q74: =IF(OR(ISBLANK(M74),ISBLANK(P74),P74=0),"",M74-P74) -> 20000
A75: TRUE | B75: 290 | C75: مبخرة علبة يخور | D75: 45697 | E75: مستلم | F75: زبون سوشيال | G75: 237 | H75: حسين | I75: 70000 | J75: 45701 | L75: 35000 | M75: =IF(OR(ISBLANK(I75),ISBLANK(L75)),"",I75-L75) -> 35000 | P75: =IF(N75="مبيعات", O75%*I75, IF(N75="ارباح", O75%*M75, "")) | Q75: =IF(OR(ISBLANK(M75),ISBLANK(P75),P75=0),"",M75-P75) -> 35000
A76: TRUE | B76: 276 | C76: مبخرة | D76: 45697 | E76: مستلم | F76: زبون سوشيال | G76: 223 | H76: حسين | I76: 35000 | J76: 45701 | L76: 15000 | M76: =IF(OR(ISBLANK(I76),ISBLANK(L76)),"",I76-L76) -> 20000 | P76: =IF(N76="مبيعات", O76%*I76, IF(N76="ارباح", O76%*M76, "")) | Q76: =IF(OR(ISBLANK(M76),ISBLANK(P76),P76=0),"",M76-P76) -> 20000
A77: TRUE | B77: 291 | C77: احلرف كوشة | D77: 45697 | E77: مستلم | F77: زبون سوشيال | G77: 231 | H77: حسين | I77: 25000 | J77: 45697 | M77: =IF(OR(ISBLANK(I77),ISBLANK(L77)),"",I77-L77) | P77: =IF(N77="مبيعات", O77%*I77, IF(N77="ارباح", O77%*M77, "")) | Q77: =IF(OR(ISBLANK(M77),ISBLANK(P77),P77=0),"",M77-P77) -> 0
A78: TRUE | B78: 292 | C78: اكرلك شفاف | D78: 45697 | E78: مستلم | F78: زبون سوشيال | G78: 230 | H78: رشيد | I78: 8000 | J78: 45700 | L78: 4000 | M78: =IF(OR(ISBLANK(I78),ISBLANK(L78)),"",I78-L78) -> 4000 | P78: =IF(N78="مبيعات", O78%*I78, IF(N78="ارباح", O78%*M78, "")) | Q78: =IF(OR(ISBLANK(M78),ISBLANK(P78),P78=0),"",M78-P78) -> 4000
A79: TRUE | B79: 305 | C79: اكرلك فضي لاصق | D79: 45698 | E79: مستلم | F79: زبون سوشيال | G79: 233 | H79: رشيد | I79: 10000 | J79: 45700 | L79: 5000 | P79: =IF(N79="مبيعات", O79%*I79, IF(N79="ارباح", O79%*M79, "")) | Q79: =IF(OR(ISBLANK(M79),ISBLANK(P79),P79=0),"",M79-P79)
A80: TRUE | B80: 307 | C80: اكرلك فضي لاصق | D80: 45698 | E80: مستلم | F80: زبون سوشيال | G80: 234 | H80: رشيد | I80: 10000 | J80: 45700 | L80: 5000 | M80: =IF(OR(ISBLANK(I80),ISBLANK(L80)),"",I80-L80) -> 5000 | P80: =IF(N80="مبيعات", O80%*I80, IF(N80="ارباح", O80%*M80, "")) | Q80: =IF(OR(ISBLANK(M80),ISBLANK(P80),P80=0),"",M80-P80) -> 5000
A81: TRUE | B81: 318 | C81: كوشة | D81: 45699 | E81: مستلم | F81: كورتادو | G81: 243. | H81: حسين | I81: 500000 | J81: 45700 | L81: 200000 | M81: =IF(OR(ISBLANK(I81),ISBLANK(L81)),"",I81-L81) -> 300000 | P81: =IF(N81="مبيعات", O81%*I81, IF(N81="ارباح", O81%*M81, "")) | Q81: =IF(OR(ISBLANK(M81),ISBLANK(P81),P81=0),"",M81-P81) -> 300000
A82: TRUE | B82: 299 | C82: بوكس مهر | D82: 45700 | E82: دين | F82: ادو | H82: حسين | I82: 125000 | K82: 125000 | L82: 25000 | M82: =IF(OR(ISBLANK(I82),ISBLANK(L82)),"",I82-L82) -> 100000 | P82: =IF(N82="مبيعات", O82%*I82, IF(N82="ارباح", O82%*M82, "")) | Q82: =IF(OR(ISBLANK(M82),ISBLANK(P82),P82=0),"",M82-P82) -> 100000
A83: FALSE | B83: 314 | C83: علبة عطور | D83: 45700 | E83: دين | F83: زهراء | H83: حسين | I83: 50000 | K83: 50000 | L83: 20000 | M83: =IF(OR(ISBLANK(I83),ISBLANK(L83)),"",I83-L83) -> 30000 | P83: =IF(N83="مبيعات", O83%*I83, IF(N83="ارباح", O83%*M83, "")) | Q83: =IF(OR(ISBLANK(M83),ISBLANK(P83),P83=0),"",M83-P83) -> 30000
A84: TRUE | B84: 298 | C84: بورد بصمات | D84: 45700 | E84: دين | F84: ادو | H84: حسين | I84: 30000 | K84: 30000 | L84: 15000 | M84: =IF(OR(ISBLANK(I84),ISBLANK(L84)),"",I84-L84) -> 15000 | P84: =IF(N84="مبيعات", O84%*I84, IF(N84="ارباح", O84%*M84, "")) | Q84: =IF(OR(ISBLANK(M84),ISBLANK(P84),P84=0),"",M84-P84) -> 15000
A85: TRUE | B85: 300 | C85: بوردج بصمات | D85: 45700 | E85: دين | F85: ادو | H85: حسين | I85: 30000 | K85: 30000 | L85: 15000 | M85: =IF(OR(ISBLANK(I85),ISBLANK(L85)),"",I85-L85) -> 15000 | P85: =IF(N85="مبيعات", O85%*I85, IF(N85="ارباح", O85%*M85, "")) | Q85: =IF(OR(ISBLANK(M85),ISBLANK(P85),P85=0),"",M85-P85) -> 15000
A86: TRUE | B86: a32 | C86: عيادة جانيت بخصوص اعلانات متفرقة | D86: 45700 | E86: مستلم | F86: جانيت | G86: 165 | H86: الورشة | I86: 2800000 | J86: 45700 | K86: 0 | L86: 800000 | M86: =IF(OR(ISBLANK(I86),ISBLANK(L86)),"",I86-L86) -> 2000000 | P86: =IF(N86="مبيعات", O86%*I86, IF(N86="ارباح", O86%*M86, "")) | Q86: =IF(OR(ISBLANK(M86),ISBLANK(P86),P86=0),"",M86-P86) -> 2000000
A87: TRUE | B87: 296 | C87: ملكانة | D87: 45700 | E87: مستلم | F87: زبون سوشيال | G87: 939261 | H87: حسين | I87: 75000 | K87: 0 | L87: 20000 | P87: =IF(N87="مبيعات", O87%*I87, IF(N87="ارباح", O87%*M87, "")) | Q87: =IF(OR(ISBLANK(M87),ISBLANK(P87),P87=0),"",M87-P87)
A88: TRUE | B88: 295 | C88: قاعدة اساور | D88: 45700 | E88: مستلم | F88: زبون سوشيال | G88: 939261 | H88: حسين | I88: 45000 | K88: 0 | L88: 20000 | M88: =IF(OR(ISBLANK(I88),ISBLANK(L88)),"",I88-L88) -> 25000 | P88: =IF(N88="مبيعات", O88%*I88, IF(N88="ارباح", O88%*M88, "")) | Q88: =IF(OR(ISBLANK(M88),ISBLANK(P88),P88=0),"",M88-P88) -> 25000
A89: TRUE | B89: 294 | C89: قاعدة حلقات | D89: 45700 | E89: مستلم | F89: زبون سوشيال | G89: 939261 | H89: حسين | I89: 75000 | L89: 20000 | M89: 0 | P89: =IF(N89="مبيعات", O89%*I89, IF(N89="ارباح", O89%*M89, "")) | Q89: =IF(OR(ISBLANK(M89),ISBLANK(P89),P89=0),"",M89-P89) -> 0
A90: FALSE | B90: 317 | C90: هاشتاك تخرج | D90: 45700 | F90: زبون سوشيال | H90: حسين | I90: 75000 | L90: 25000 | M90: =IF(OR(ISBLANK(I90),ISBLANK(L90)),"",I90-L90) -> 50000 | P90: =IF(N90="مبيعات", O90%*I90, IF(N90="ارباح", O90%*M90, "")) | Q90: =IF(OR(ISBLANK(M90),ISBLANK(P90),P90=0),"",M90-P90) -> 50000
A91: TRUE | B91: 293a | C91: قاعدة حلقات | D91: 45700 | E91: مستلم | F91: زبون سوشيال | G91: 939261 | H91: حسين | I91: 50000 | L91: 20000 | M91: =IF(OR(ISBLANK(I91),ISBLANK(L91)),"",I91-L91) -> 30000 | P91: =IF(N91="مبيعات", O91%*I91, IF(N91="ارباح", O91%*M91, "")) | Q91: =IF(OR(ISBLANK(M91),ISBLANK(P91),P91=0),"",M91-P91) -> 30000
A92: FALSE | B92: 315 | C92: صينية مهر | D92: 45700 | E92: دين | F92: زبون سوشيال | H92: حسين | I92: 35000 | L92: 25000 | M92: =IF(OR(ISBLANK(I92),ISBLANK(L92)),"",I92-L92) -> 10000 | P92: =IF(N92="مبيعات", O92%*I92, IF(N92="ارباح", O92%*M92, "")) | Q92: =IF(OR(ISBLANK(M92),ISBLANK(P92),P92=0),"",M92-P92) -> 10000
A93: TRUE | B93: a33 | C93: جوهرة الجوادين | D93: 45700 | E93: مستلم | F93: زبون سوشيال | G93: 168 | H93: الورشة | I93: 375000 | J93: 45706 | L93: 150000 | M93: =IF(OR(ISBLANK(I93),ISBLANK(L93)),"",I93-L93) -> 225000 | P93: =IF(N93="مبيعات", O93%*I93, IF(N93="ارباح", O93%*M93, "")) | Q93: =IF(OR(ISBLANK(M93),ISBLANK(P93),P93=0),"",M93-P93) -> 225000
A94: FALSE | B94: 312 | C94: مبخرة علبة بخور | D94: 45700 | E94: دين | F94: زهراء | H94: حسين | I94: 35000 | K94: 35000 | L94: 15000 | M94: =IF(OR(ISBLANK(I94),ISBLANK(L94)),"",I94-L94) -> 20000 | P94: =IF(N94="مبيعات", O94%*I94, IF(N94="ارباح", O94%*M94, "")) | Q94: =IF(OR(ISBLANK(M94),ISBLANK(P94),P94=0),"",M94-P94) -> 20000
A95: FALSE | B95: 313 | C95: علبة بخور | D95: 45700 | E95: دين | F95: زهراء | H95: حسين | I95: 30000 | K95: 30000 | L95: 15000 | M95: =IF(OR(ISBLANK(I95),ISBLANK(L95)),"",I95-L95) -> 15000 | P95: =IF(N95="مبيعات", O95%*I95, IF(N95="ارباح", O95%*M95, "")) | Q95: =IF(OR(ISBLANK(M95),ISBLANK(P95),P95=0),"",M95-P95) -> 15000
A96: TRUE | B96: 309 | C96: بوكس ذهب | D96: 45700 | E96: مستلم | F96: زبون سوشيال | G96: 939269 | H96: حسين | I96: 150000 | J96: 45724 | K96: 0 | L96: 25000 | M96: =IF(OR(ISBLANK(I96),ISBLANK(L96)),"",I96-L96) -> 125000 | P96: =IF(N96="مبيعات", O96%*I96, IF(N96="ارباح", O96%*M96, "")) | Q96: =IF(OR(ISBLANK(M96),ISBLANK(P96),P96=0),"",M96-P96) -> 125000
A97: TRUE | B97: 310 | C97: مبخرة علبة بخور | D97: 45700 | E97: مستلم | F97: زبون سوشيال | G97: 939269 | H97: حسين | I97: 75000 | J97: 45724 | K97: 0 | L97: 25000 | M97: =IF(OR(ISBLANK(I97),ISBLANK(L97)),"",I97-L97) -> 50000 | P97: =IF(N97="مبيعات", O97%*I97, IF(N97="ارباح", O97%*M97, "")) | Q97: =IF(OR(ISBLANK(M97),ISBLANK(P97),P97=0),"",M97-P97) -> 50000
A98: TRUE | B98: 311 | C98: بوكس حلقات | D98: 45700 | E98: مستلم | F98: زبون سوشيال | G98: 939269 | H98: حسين | I98: 40000 | J98: 45724 | K98: 0 | L98: 20000 | M98: =IF(OR(ISBLANK(I98),ISBLANK(L98)),"",I98-L98) -> 20000 | P98: =IF(N98="مبيعات", O98%*I98, IF(N98="ارباح", O98%*M98, "")) | Q98: =IF(OR(ISBLANK(M98),ISBLANK(P98),P98=0),"",M98-P98) -> 20000
A99: TRUE | B99: 320 | C99: صينية | D99: 45701 | E99: مستلم | F99: حنان | G99: 261 | H99: حسين | I99: 50000 | J99: 45706 | L99: 15000 | M99: =IF(OR(ISBLANK(I99),ISBLANK(L99)),"",I99-L99) -> 35000 | P99: =IF(N99="مبيعات", O99%*I99, IF(N99="ارباح", O99%*M99, "")) | Q99: =IF(OR(ISBLANK(M99),ISBLANK(P99),P99=0),"",M99-P99) -> 35000
A100: TRUE | B100: 319 | C100: صينية | D100: 45701 | E100: مستلم | F100: حنان | G100: 261 | H100: حسين | I100: 40000 | J100: 45706 | L100: 10000 | M100: =IF(OR(ISBLANK(I100),ISBLANK(L100)),"",I100-L100) -> 30000 | P100: =IF(N100="مبيعات", O100%*I100, IF(N100="ارباح", O100%*M100, "")) | Q100: =IF(OR(ISBLANK(M100),ISBLANK(P100),P100=0),"",M100-P100) -> 30000
...

Sheet واردات شهر يناير 2025
A1: TRUE | B1: 114 | C1: بوكس فوم عدد2 | D1: 45658 | E1: دين | F1: حراير | G1: 000/42 | H1: حسين | I1: 45000 | K1: 0 | L1: 45000 | M1: 15000 | N1: =IF(OR(ISBLANK(I1),ISBLANK(M1)),"",I1-M1) -> 30000 | O1: ارباح | P1: 0 | Q1: =IF(O1="مبيعات", P1%*I1, IF(O1="ارباح", P1%*N1, "")) -> 0 | R1: =IF(OR(ISBLANK(N1),ISBLANK(Q1),Q1=0),"",N1-Q1) | S1: دين + المبلغ الواصل في الوصل غير مطابق مع المسجل في الشيت
A2: FALSE | B2: 115 | C2: شريط مسكة | D2: 45658 | E2: دين | F2: ادو | H2: حسين | I2: 5000 | K2: =I2-L2 -> 0 | L2: 5000 | M2: 1000 | N2: =IF(OR(ISBLANK(I2),ISBLANK(M2)),"",I2-M2) -> 4000 | O2: ارباح | P2: 0 | Q2: =IF(O2="مبيعات", P2%*I2, IF(O2="ارباح", P2%*N2, "")) -> 0 | R2: =IF(OR(ISBLANK(N2),ISBLANK(Q2),Q2=0),"",N2-Q2) | S2: دين
A3: TRUE | C3: رصيد ابتدائي | D3: 45658 | E3: مستلم | H3: سيف | I3: 1864500 | K3: 1864500 | N3: =IF(OR(ISBLANK(I3),ISBLANK(M3)),"",I3-M3) | Q3: =IF(O3="مبيعات", P3%*I3, IF(O3="ارباح", P3%*N3, "")) | R3: =IF(OR(ISBLANK(N3),ISBLANK(Q3),Q3=0),"",N3-Q3) -> 0
A4: FALSE | B4: 113 | C4: بوكس حلقات | D4: 45658 | E4: مستلم | F4: شمس البصرة | H4: حسين | I4: 120000 | K4: 120000 | M4: 25000 | N4: =IF(OR(ISBLANK(I4),ISBLANK(M4)),"",I4-M4) -> 95000 | O4: ارباح | P4: 0 | Q4: =IF(O4="مبيعات", P4%*I4, IF(O4="ارباح", P4%*N4, "")) -> 0 | R4: =IF(OR(ISBLANK(N4),ISBLANK(Q4),Q4=0),"",N4-Q4) | S4: مراجعة
A5: FALSE | B5: 206a | C5: لوح فوم | D5: 45658 | E5: مستلم | F5: حنان | H5: حسين | I5: 62000 | K5: 62000 | M5: 30000 | N5: =IF(OR(ISBLANK(I5),ISBLANK(M5)),"",I5-M5) -> 32000 | Q5: =IF(O5="مبيعات", P5%*I5, IF(O5="ارباح", P5%*N5, "")) | R5: =IF(OR(ISBLANK(N5),ISBLANK(Q5),Q5=0),"",N5-Q5) -> 32000 | S5: مراجعة
A6: FALSE | B6: 111 | C6: بورد بصمات | D6: 45658 | E6: مستلم | F6: زبون سوشيال | H6: حسين | I6: 35000 | K6: 35000 | M6: 10000 | N6: =IF(OR(ISBLANK(I6),ISBLANK(M6)),"",I6-M6) -> 25000 | O6: ارباح | P6: 0 | Q6: =IF(O6="مبيعات", P6%*I6, IF(O6="ارباح", P6%*N6, "")) -> 0 | R6: =IF(OR(ISBLANK(N6),ISBLANK(Q6),Q6=0),"",N6-Q6) | S6: مراجعة
A7: TRUE | B7: 112 | C7: بطاقات زفاف | D7: 45658 | E7: راجع | F7: زبون سوشيال | H7: حسين | M7: 10000 | N7: =IF(OR(ISBLANK(T7),ISBLANK(M7)),"",T7-M7) -> 0 | O7: ارباح | P7: 0 | Q7: =IF(O7="مبيعات", P7%*T7, IF(O7="ارباح", P7%*N7, "")) -> 0 | R7: =IF(OR(ISBLANK(N7),ISBLANK(Q7),Q7=0),"",N7-Q7) | T7: 10000
A8: TRUE | B8: 1* | C8: كوشة منتظر | D8: 45659 | E8: مستلم | F8: زبون سوشيال | H8: حسين | I8: 550000 | K8: 550000 | M8: 350000 | N8: =IF(OR(ISBLANK(I8),ISBLANK(M8)),"",I8-M8) -> 200000 | O8: مبيعات | P8: 5 | Q8: =IF(O8="مبيعات", P8%*I8, IF(O8="ارباح", P8%*N8, "")) -> 27500 | R8: =IF(OR(ISBLANK(N8),ISBLANK(Q8),Q8=0),"",N8-Q8) -> 172500 | S8: واصل كاش
A9: TRUE | B9: 116 | C9: بوكس حلقات مع قاعدة | D9: 45659 | E9: مستلم | F9: زبون سوشيال | G9: 954716 | H9: حسين | I9: 160000 | K9: 160000 | M9: 30000 | N9: =IF(OR(ISBLANK(I9),ISBLANK(M9)),"",I9-M9) -> 130000 | O9: ارباح | P9: 25 | Q9: =IF(O9="مبيعات", P9%*I9, IF(O9="ارباح", P9%*N9, "")) -> 32500 | R9: =IF(OR(ISBLANK(N9),ISBLANK(Q9),Q9=0),"",N9-Q9) -> 97500 | S9: واصل كاش | T9: شمس البصرة
A10: FALSE | B10: 115a | C10: كتابة اكريلك ذهبي | D10: 45659 | E10: مستلم | F10: لمسه | H10: الورشة | I10: 15000 | K10: 15000 | M10: 5000 | N10: =IF(OR(ISBLANK(I10),ISBLANK(M10)),"",I10-M10) -> 10000 | O10: ارباح | P10: 0 | Q10: =IF(O10="مبيعات", P10%*I10, IF(O10="ارباح", P10%*N10, "")) -> 0 | R10: =IF(OR(ISBLANK(N10),ISBLANK(Q10),Q10=0),"",N10-Q10) | S10: واصل كاش
A11: TRUE | B11: 415 | C11: تعاليق | D11: 45660 | E11: مستلم | F11: زبون سوشيال | G11: 939288 | H11: حسين | I11: 30000 | J11: 45724 | K11: 30000 | L11: 0 | M11: 15000 | N11: =IF(OR(ISBLANK(I11),ISBLANK(M11)),"",I11-M11) -> 15000 | Q11: =IF(O11="مبيعات", P11%*I11, IF(O11="ارباح", P11%*N11, "")) | R11: =IF(OR(ISBLANK(N11),ISBLANK(Q11),Q11=0),"",N11-Q11) -> 15000
A12: TRUE | C12: استلام دين عن اعلان | D12: 45661 | E12: مستلم | F12: الدوغجي | H12: الورشة | I12: 1535000 | K12: 1535000 | N12: =IF(OR(ISBLANK(I12),ISBLANK(M12)),"",I12-M12) | Q12: =IF(O12="مبيعات", P12%*I12, IF(O12="ارباح", P12%*N12, "")) | R12: =IF(OR(ISBLANK(N12),ISBLANK(Q12),Q12=0),"",N12-Q12) -> 0
A13: TRUE | B13: a14 | C13: وائل خطاط | D13: 45661 | E13: مستلم | F13: زبون سوشيال | H13: الورشة | I13: 7000 | K13: 7000 | M13: 7000 | N13: =IF(OR(ISBLANK(I13),ISBLANK(M13)),"",I13-M13) -> 0 | Q13: =IF(O13="مبيعات", P13%*I13, IF(O13="ارباح", P13%*N13, "")) | R13: =IF(OR(ISBLANK(N13),ISBLANK(Q13),Q13=0),"",N13-Q13) -> 0
A14: TRUE | B14: 117 | C14: بوكس ذهب | D14: 45662 | E14: مستلم | F14: زبون سوشيال | G14: 984645 | H14: حسين | I14: 145000 | K14: 145000 | M14: 30000 | N14: =IF(OR(ISBLANK(I14),ISBLANK(M14)),"",I14-M14) -> 115000 | O14: ارباح | P14: 0 | Q14: =IF(O14="مبيعات", P14%*I14, IF(O14="ارباح", P14%*N14, "")) -> 0 | R14: =IF(OR(ISBLANK(N14),ISBLANK(Q14),Q14=0),"",N14-Q14) | S14: واصل كاش
A15: TRUE | B15: 118 | C15: مبخرة | D15: 45662 | E15: مستلم | F15: بيج تاليا | G15: 000/63 | H15: حسين | I15: 35000 | K15: 35000 | M15: 10000 | N15: =IF(OR(ISBLANK(I15),ISBLANK(M15)),"",I15-M15) -> 25000 | O15: ارباح | P15: 0 | Q15: =IF(O15="مبيعات", P15%*I15, IF(O15="ارباح", P15%*N15, "")) -> 0 | R15: =IF(OR(ISBLANK(N15),ISBLANK(Q15),Q15=0),"",N15-Q15) | S15: واصل كاش | T15: كاش
A16: TRUE | B16: A20 | C16: لوحة مكتبية | D16: 45662 | E16: مستلم | F16: مستطرق | G16: 000/84 | H16: الورشة | I16: 25000 | K16: 25000 | M16: 5000 | N16: =IF(OR(ISBLANK(I16),ISBLANK(M16)),"",I16-M16) -> 20000 | O16: ارباح | P16: 0 | Q16: =IF(O16="مبيعات", P16%*I16, IF(O16="ارباح", P16%*N16, "")) -> 0 | R16: =IF(OR(ISBLANK(N16),ISBLANK(Q16),Q16=0),"",N16-Q16) | S16: واصل كاش
A17: TRUE | B17: 121 | C17: مكتبيه | D17: 45663 | E17: دين | F17: حسين | G17: 000/64 | H17: حسين | I17: 75000 | K17: =I17-L17 -> 0 | L17: 75000 | M17: 25000 | N17: =IF(OR(ISBLANK(I17),ISBLANK(M17)),"",I17-M17) -> 50000 | O17: ارباح | P17: 25 | Q17: =IF(O17="مبيعات", P17%*I17, IF(O17="ارباح", P17%*N17, "")) -> 12500 | R17: =IF(OR(ISBLANK(N17),ISBLANK(Q17),Q17=0),"",N17-Q17) -> 37500 | S17: دين
A18: TRUE | B18: 119 | C18: مبخرة | D18: 45663 | E18: مستلم | F18: بيج تاليا | G18: 000/63 | H18: حسين | I18: 60000 | K18: 60000 | M18: 30000 | N18: =IF(OR(ISBLANK(I18),ISBLANK(M18)),"",I18-M18) -> 30000 | O18: ارباح | P18: 0 | Q18: =IF(O18="مبيعات", P18%*I18, IF(O18="ارباح", P18%*N18, "")) -> 0 | R18: =IF(OR(ISBLANK(N18),ISBLANK(Q18),Q18=0),"",N18-Q18) | S18: واصل كاش
A19: TRUE | B19: 120 | C19: بورد بصمات | D19: 45663 | E19: مستلم | F19: ادو | G19: 000/75 | H19: حسين | I19: 30000 | K19: 30000 | M19: 15000 | N19: =IF(OR(ISBLANK(I19),ISBLANK(M19)),"",I19-M19) -> 15000 | O19: ارباح | P19: 0 | Q19: =IF(O19="مبيعات", P19%*I19, IF(O19="ارباح", P19%*N19, "")) -> 0 | R19: =IF(OR(ISBLANK(N19),ISBLANK(Q19),Q19=0),"",N19-Q19) | S19: واصل كاش | T19: كاش
A20: TRUE | B20: A17 | C20: علامات دلالة | D20: 45663 | E20: مستلم | F20: وائل الخطاط | G20: 000/82 | H20: الورشة | I20: 200000 | K20: 200000 | M20: 50000 | N20: =IF(OR(ISBLANK(I20),ISBLANK(M20)),"",I20-M20) -> 150000 | O20: ارباح | P20: 0 | Q20: =IF(O20="مبيعات", P20%*I20, IF(O20="ارباح", P20%*N20, "")) -> 0 | R20: =IF(OR(ISBLANK(N20),ISBLANK(Q20),Q20=0),"",N20-Q20) | S20: واصل كاش
A21: TRUE | B21: A18 | C21: لوغو كوزمتك | D21: 45663 | E21: مستلم | F21: حسين | G21: 000/83 | H21: الورشة | I21: 60000 | K21: 60000 | M21: 20000 | N21: =IF(OR(ISBLANK(I21),ISBLANK(M21)),"",I21-M21) -> 40000 | O21: ارباح | P21: 0 | Q21: =IF(O21="مبيعات", P21%*I21, IF(O21="ارباح", P21%*N21, "")) -> 0 | R21: =IF(OR(ISBLANK(N21),ISBLANK(Q21),Q21=0),"",N21-Q21) | S21: واصل كاش
A22: TRUE | B22: 127 | C22: مبخرة مع علبة بخور | D22: 45664 | E22: دين | F22: حسين | G22: 000/66 | H22: حسين | I22: 75000 | K22: =I22-L22 -> 0 | L22: 75000 | M22: 10000 | N22: =IF(OR(ISBLANK(I22),ISBLANK(M22)),"",I22-M22) -> 65000 | O22: ارباح | P22: 0 | Q22: =IF(O22="مبيعات", P22%*I22, IF(O22="ارباح", P22%*N22, "")) -> 0 | R22: =IF(OR(ISBLANK(N22),ISBLANK(Q22),Q22=0),"",N22-Q22) | S22: مبعوث لم استلمه اشرف
A23: TRUE | B23: 123 | C23: بوكس حلقات | D23: 45664 | E23: معلق شمس البصرة | F23: زبون سوشيال | G23: 784642 | H23: حسين | I23: 50000 | L23: 50000 | M23: 15000 | N23: =IF(OR(ISBLANK(I23),ISBLANK(M23)),"",I23-M23) -> 35000 | O23: ارباح | P23: 0 | Q23: =IF(O23="مبيعات", P23%*I23, IF(O23="ارباح", P23%*N23, "")) -> 0 | R23: =IF(OR(ISBLANK(N23),ISBLANK(Q23),Q23=0),"",N23-Q23) | S23: معلق | T23: شمس البصرة
A24: FALSE | B24: 130 | C24: شريط ورد | D24: 45664 | E24: دين | F24: نرجس | H24: حسين | I24: 5000 | K24: =I24-L24 -> 0 | L24: 5000 | M24: 1000 | N24: =IF(OR(ISBLANK(I24),ISBLANK(M24)),"",I24-M24) -> 4000 | O24: ارباح | P24: 0 | Q24: =IF(O24="مبيعات", P24%*I24, IF(O24="ارباح", P24%*N24, "")) -> 0 | R24: =IF(OR(ISBLANK(N24),ISBLANK(Q24),Q24=0),"",N24-Q24) | S24: دين
A25: TRUE | C25: اعلان | D25: 45664 | E25: مستلم | F25: بنت الشيخة | H25: الورشة | I25: 550000 | K25: 550000 | N25: =IF(OR(ISBLANK(I25),ISBLANK(M25)),"",I25-M25) | Q25: =IF(O25="مبيعات", P25%*I25, IF(O25="ارباح", P25%*N25, "")) | R25: =IF(OR(ISBLANK(N25),ISBLANK(Q25),Q25=0),"",N25-Q25) -> 0
A26: TRUE | B26: 129 | C26: بوكس مهر | D26: 45664 | E26: مستلم | F26: زبون سوشيال | G26: 000/69 | H26: حسين | I26: 300000 | K26: 300000 | M26: 100000 | N26: =IF(OR(ISBLANK(I26),ISBLANK(M26)),"",I26-M26) -> 200000 | O26: ارباح | P26: 0 | Q26: =IF(O26="مبيعات", P26%*I26, IF(O26="ارباح", P26%*N26, "")) -> 0 | R26: =IF(OR(ISBLANK(N26),ISBLANK(Q26),Q26=0),"",N26-Q26) | S26: واصل كاش | T26: كاش
A27: TRUE | B27: 122 | C27: بوكس ذهب | D27: 45664 | E27: مستلم | F27: زبون سوشيال | G27: 784646 | H27: حسين | I27: 70000 | K27: 70000 | M27: 30000 | N27: =IF(OR(ISBLANK(I27),ISBLANK(M27)),"",I27-M27) -> 40000 | O27: ارباح | P27: 0 | Q27: =IF(O27="مبيعات", P27%*I27, IF(O27="ارباح", P27%*N27, "")) -> 0 | R27: =IF(OR(ISBLANK(N27),ISBLANK(Q27),Q27=0),"",N27-Q27) | S27: واصل كاش | T27: شمس البصرة
A28: TRUE | B28: 125 | C28: بوكس حلقات | D28: 45664 | E28: مستلم | F28: زبون سوشيال | G28: 984644 | H28: حسين | I28: 60000 | K28: 60000 | M28: 15000 | N28: =IF(OR(ISBLANK(I28),ISBLANK(M28)),"",I28-M28) -> 45000 | O28: ارباح | P28: 0 | Q28: =IF(O28="مبيعات", P28%*I28, IF(O28="ارباح", P28%*N28, "")) -> 0 | R28: =IF(OR(ISBLANK(N28),ISBLANK(Q28),Q28=0),"",N28-Q28) | S28: واصل كاش
A29: TRUE | B29: 128 | C29: فوم جداري | D29: 45664 | E29: مستلم | F29: زبون سوشيال | G29: 000/65 | H29: حسين | I29: 50000 | K29: 50000 | M29: 10000 | N29: =IF(OR(ISBLANK(I29),ISBLANK(M29)),"",I29-M29) -> 40000 | O29: ارباح | P29: 0 | Q29: =IF(O29="مبيعات", P29%*I29, IF(O29="ارباح", P29%*N29, "")) -> 0 | R29: =IF(OR(ISBLANK(N29),ISBLANK(Q29),Q29=0),"",N29-Q29) | S29: واصل كاش | T29: كاش
A30: TRUE | B30: 124 | C30: بورد بصمات | D30: 45664 | E30: مستلم | F30: زبون سوشيال | G30: 984644 | H30: حسين | I30: 35000 | K30: 35000 | M30: 15000 | N30: =IF(OR(ISBLANK(I30),ISBLANK(M30)),"",I30-M30) -> 20000 | O30: ارباح | P30: 0 | Q30: =IF(O30="مبيعات", P30%*I30, IF(O30="ارباح", P30%*N30, "")) -> 0 | R30: =IF(OR(ISBLANK(N30),ISBLANK(Q30),Q30=0),"",N30-Q30) | S30: واصل كاش | T30: شمس البصرة
A31: TRUE | B31: 126 | C31: بورد بصمات | D31: 45664 | E31: مستلم | F31: زبون سوشيال | G31: 984644 | H31: حسين | I31: 35000 | K31: 35000 | M31: 15000 | N31: =IF(OR(ISBLANK(I31),ISBLANK(M31)),"",I31-M31) -> 20000 | O31: ارباح | P31: 0 | Q31: =IF(O31="مبيعات", P31%*I31, IF(O31="ارباح", P31%*N31, "")) -> 0 | R31: =IF(OR(ISBLANK(N31),ISBLANK(Q31),Q31=0),"",N31-Q31) | S31: واصل كاش
A32: FALSE | B32: 126a | C32: حلقات اكريليك ذهبي | D32: 45664 | E32: مستلم | F32: زبون سوشيال | H32: حسين | I32: 7000 | K32: 7000 | M32: 2000 | N32: =IF(OR(ISBLANK(I32),ISBLANK(M32)),"",I32-M32) -> 5000 | O32: ارباح | Q32: =IF(O32="مبيعات", P32%*I32, IF(O32="ارباح", P32%*N32, "")) -> 0 | R32: =IF(OR(ISBLANK(N32),ISBLANK(Q32),Q32=0),"",N32-Q32) | S32: واصل كاش
A33: TRUE | B33: 133 | C33: احرف علب بخور | D33: 45665 | E33: مستلم | F33: محمد رشيد | G33: 000/68 | H33: حسين | I33: 25000 | K33: 15000 | L33: 10000 | M33: 3000 | N33: =IF(OR(ISBLANK(#REF!),ISBLANK(M33)),"",#REF!-M33) -> #REF! | O33: ارباح | P33: 0 | Q33: =IF(O33="مبيعات", P33%*#REF!, IF(O33="ارباح", P33%*N33, "")) -> #REF! | R33: =IF(OR(ISBLANK(N33),ISBLANK(Q33),Q33=0),"",N33-Q33) -> #REF! | S33: دين
A34: TRUE | B34: A21 | C34: كوبون cnc | D34: 45665 | E34: دين | F34: وائل الخطاط | G34: 000/60 | H34: الورشة | I34: 10000 | K34: 3000 | L34: 7000 | M34: 5000 | N34: =IF(OR(ISBLANK(I34),ISBLANK(M34)),"",I34-M34) -> 5000 | O34: ارباح | Q34: =IF(O34="مبيعات", P34%*I34, IF(O34="ارباح", P34%*N34, "")) -> 0 | R34: =IF(OR(ISBLANK(N34),ISBLANK(Q34),Q34=0),"",N34-Q34) | S34: واصل كاش
A35: TRUE | B35: 132 | C35: اسماء كوشه | D35: 45665 | E35: مستلم | F35: محمد رشيد | G35: 000/68 | H35: حسين | I35: 25000 | K35: 25000 | L35: 0 | M35: 10000 | N35: =IF(OR(ISBLANK(I36),ISBLANK(M35)),"",I36-M35) -> 55000 | O35: ارباح | P35: 0 | Q35: =IF(O35="مبيعات", P35%*I36, IF(O35="ارباح", P35%*N35, "")) -> 0 | R35: =IF(OR(ISBLANK(N35),ISBLANK(Q35),Q35=0),"",N35-Q35) | S35: دين
A36: TRUE | B36: 131 | C36: بوكس فلوس | D36: 45665 | E36: مستلم | F36: زهور امل | G36: 000/76 | H36: حسين | I36: 65000 | K36: 65000 | M36: 20000 | N36: =IF(OR(ISBLANK(I36),ISBLANK(M36)),"",I36-M36) -> 45000 | O36: ارباح | P36: 0 | Q36: =IF(O36="مبيعات", P36%*I36, IF(O36="ارباح", P36%*N36, "")) -> 0 | R36: =IF(OR(ISBLANK(N36),ISBLANK(Q36),Q36=0),"",N36-Q36) | S36: الوصل غير موقع من قبل اشرف
A37: TRUE | B37: 134 | C37: 4 بوكسات | D37: 45665 | E37: مستلم | F37: لمسه | G37: 000/72 | H37: الورشة | I37: 60000 | K37: 60000 | M37: 20000 | N37: =IF(OR(ISBLANK(I37),ISBLANK(M37)),"",I37-M37) -> 40000 | O37: ارباح | P37: 0 | Q37: =IF(O37="مبيعات", P37%*I37, IF(O37="ارباح", P37%*N37, "")) -> 0 | R37: =IF(OR(ISBLANK(N37),ISBLANK(Q37),Q37=0),"",N37-Q37) | S37: واصل كاش | T37: كاش
A38: TRUE | B38: 135 | C38: بوكس فارغ | D38: 45665 | E38: مستلم | F38: لمسه | G38: 000/71 | H38: حسين | I38: 20000 | K38: 20000 | M38: 5000 | N38: =IF(OR(ISBLANK(I38),ISBLANK(M38)),"",I38-M38) -> 15000 | O38: ارباح | P38: 0 | Q38: =IF(O38="مبيعات", P38%*I38, IF(O38="ارباح", P38%*N38, "")) -> 0 | R38: =IF(OR(ISBLANK(N38),ISBLANK(Q38),Q38=0),"",N38-Q38) | S38: واصل كاش | T38: كاش
A39: TRUE | B39: 135a | C39: بوكس ورد | D39: 45665 | E39: مكرر | F39: زبون سوشيال | H39: الورشة | M39: 100000 | N39: =IF(OR(ISBLANK(I39),ISBLANK(M39)),"",I39-M39) | O39: ارباح | Q39: =IF(O39="مبيعات", P39%*I39, IF(O39="ارباح", P39%*N39, "")) -> 0 | R39: =IF(OR(ISBLANK(N39),ISBLANK(Q39),Q39=0),"",N39-Q39) | S39: مكرر التسجيل | T39: 300000
A40: TRUE | B40: A11 | C40: اعلان cnc | D40: 45665 | E40: مستلم | F40: الفيحاء | G40: 000/59 | H40: الورشة | I40: 1425000 | K40: 1425000 | M40: 400000 | N40: =IF(OR(ISBLANK(I40),ISBLANK(M40)),"",I40-M40) -> 1025000 | Q40: =IF(O40="مبيعات", P40%*I40, IF(O40="ارباح", P40%*N40, "")) | R40: =IF(OR(ISBLANK(N40),ISBLANK(Q40),Q40=0),"",N40-Q40) -> 1025000 | S40: واصل كاش
A41: TRUE | B41: 139 | C41: بوكس قران | D41: 45666 | E41: معلق شمس البصرة | F41: زبون سوشيال | G41: 784650 | H41: حسين | I41: 250000 | L41: 250000 | M41: 50000 | N41: =IF(OR(ISBLANK(I41),ISBLANK(M41)),"",I41-M41) -> 200000 | O41: ارباح | P41: 0 | Q41: =IF(O41="مبيعات", P41%*I41, IF(O41="ارباح", P41%*N41, "")) -> 0 | R41: =IF(OR(ISBLANK(N41),ISBLANK(Q41),Q41=0),"",N41-Q41) | S41: معلق | T41: شمس البصرة | U41: =(sum(I38:I1000)) -> 16184000 | V41: اجمالي البيع: | X41: خطأ
A42: FALSE | B42: 141a | C42: حسن ورباب اكريليك مع بورد اسماء | D42: 45666 | E42: معلق شمس البصرة | F42: زبون سوشيال | H42: حسين | I42: 40000 | L42: 40000 | M42: 25000 | N42: =IF(OR(ISBLANK(I42),ISBLANK(M42)),"",I42-M42) -> 15000 | O42: ارباح | Q42: =IF(O42="مبيعات", P42%*I42, IF(O42="ارباح", P42%*N42, "")) -> 0 | R42: =IF(OR(ISBLANK(N42),ISBLANK(Q42),Q42=0),"",N42-Q42) | S42: معلق
A43: TRUE | B43: 137 | C43: مبخرة + علبة بخور | D43: 45666 | E43: مستلم | F43: زبون سوشيال | G43: 784648 | H43: حسين | I43: 70000 | K43: 70000 | M43: 20000 | N43: =IF(OR(ISBLANK(I43),ISBLANK(M43)),"",I43-M43) -> 50000 | O43: ارباح | P43: 0 | Q43: =IF(O43="مبيعات", P43%*I43, IF(O43="ارباح", P43%*N43, "")) -> 0 | R43: =IF(OR(ISBLANK(N43),ISBLANK(Q43),Q43=0),"",N43-Q43) | T43: شمس البصرة
A44: TRUE | B44: 142 | C44: بورد تغليف قذيفة مع اسماء عدد 3 | D44: 45666 | E44: مستلم | F44: زبون سوشيال | G44: 000/77 | H44: الورشة | I44: 60000 | K44: 60000 | M44: 30000 | N44: =IF(OR(ISBLANK(I44),ISBLANK(M44)),"",I44-M44) -> 30000 | O44: ارباح | P44: 0 | Q44: =IF(O44="مبيعات", P44%*I44, IF(O44="ارباح", P44%*N44, "")) -> 0 | R44: =IF(OR(ISBLANK(N44),ISBLANK(Q44),Q44=0),"",N44-Q44) | S44: واصل كاش | T44: كاش
A45: TRUE | B45: 138 | C45: بورد بصمات | D45: 45666 | E45: مستلم | F45: زبون سوشيال | G45: 784648 | H45: حسين | I45: 40000 | K45: 40000 | M45: 15000 | N45: =IF(OR(ISBLANK(I45),ISBLANK(M45)),"",I45-M45) -> 25000 | O45: ارباح | P45: 0 | Q45: =IF(O45="مبيعات", P45%*I45, IF(O45="ارباح", P45%*N45, "")) -> 0 | R45: =IF(OR(ISBLANK(N45),ISBLANK(Q45),Q45=0),"",N45-Q45) | T45: شمس البصرة
A46: TRUE | B46: 140 | C46: بورد بصمات | D46: 45666 | E46: مستلم | F46: زبون سوشيال | G46: 000/74 | H46: حسين | I46: 40000 | K46: 40000 | M46: 15000 | N46: =IF(OR(ISBLANK(I46),ISBLANK(M46)),"",I46-M46) -> 25000 | O46: ارباح | P46: 0 | Q46: =IF(O46="مبيعات", P46%*I46, IF(O46="ارباح", P46%*N46, "")) -> 0 | R46: =IF(OR(ISBLANK(N46),ISBLANK(Q46),Q46=0),"",N46-Q46) | S46: واصل كاش | T46: كاش
A47: TRUE | B47: 141 | C47: عبارة اكريلك | D47: 45666 | E47: مستلم | F47: زبون سوشيال | G47: 000/74 | H47: حسين | I47: 20000 | K47: 20000 | M47: 5000 | N47: =IF(OR(ISBLANK(I47),ISBLANK(M47)),"",I47-M47) -> 15000 | O47: ارباح | P47: 0 | Q47: =IF(O47="مبيعات", P47%*I47, IF(O47="ارباح", P47%*N47, "")) -> 0 | R47: =IF(OR(ISBLANK(N47),ISBLANK(Q47),Q47=0),"",N47-Q47) | S47: واصل كاش
A48: TRUE | B48: 136 | C48: بورد ايباد | D48: 45666 | E48: راجع | F48: جوري | H48: حسين | M48: 10000 | N48: =IF(OR(ISBLANK(T48),ISBLANK(M48)),"",T48-M48) -> 25000 | O48: ارباح | P48: 0 | Q48: =IF(O48="مبيعات", P48%*T48, IF(O48="ارباح", P48%*N48, "")) -> 0 | R48: =IF(OR(ISBLANK(N48),ISBLANK(Q48),Q48=0),"",N48-Q48) | S48: معلومات الوصل تختلف عن المسجل في الشيت فقط رقم الطب يتشابه في الشيت والوصل | T48: 35000
A49: TRUE | B49: 145 | C49: بوكس ذهب | D49: 45667 | E49: مستلم | F49: زبون سوشيال | G49: 954725 | H49: حسين | I49: 150000 | K49: 150000 | M49: 50000 | N49: =IF(OR(ISBLANK(I49),ISBLANK(M49)),"",I49-M49) -> 100000 | O49: ارباح | P49: 0 | Q49: =IF(O49="مبيعات", P49%*I49, IF(O49="ارباح", P49%*N49, "")) -> 0 | R49: =IF(OR(ISBLANK(N49),ISBLANK(Q49),Q49=0),"",N49-Q49) | S49: واصل كاش | T49: شمس البصرة
A50: TRUE | B50: 147 | C50: مبخرة علبة بخور قاعدة | D50: 45667 | E50: مستلم | F50: زبون سوشيال | G50: 954725 | H50: حسين | I50: 85000 | K50: 85000 | M50: 25000 | N50: =IF(OR(ISBLANK(I50),ISBLANK(M50)),"",I50-M50) -> 60000 | O50: ارباح | P50: 0 | Q50: =IF(O50="مبيعات", P50%*I50, IF(O50="ارباح", P50%*N50, "")) -> 0 | R50: =IF(OR(ISBLANK(N50),ISBLANK(Q50),Q50=0),"",N50-Q50) | S50: واصل كاش | T50: شمس البصرة
A51: TRUE | B51: 146 | C51: بوكس حلقات | D51: 45667 | E51: مستلم | F51: زبون سوشيال | G51: 954725 | H51: حسين | I51: 60000 | K51: 60000 | M51: 20000 | N51: =IF(OR(ISBLANK(I51),ISBLANK(M51)),"",I51-M51) -> 40000 | O51: ارباح | P51: 0 | Q51: =IF(O51="مبيعات", P51%*I51, IF(O51="ارباح", P51%*N51, "")) -> 0 | R51: =IF(OR(ISBLANK(N51),ISBLANK(Q51),Q51=0),"",N51-Q51) | S51: واصل كاش | T51: شمس البصرة
A52: TRUE | B52: 148 | C52: علبة مسكه | D52: 45667 | E52: مستلم | F52: زبون سوشيال | G52: 954725 | H52: حسين | I52: 40000 | K52: 40000 | M52: 15000 | N52: =IF(OR(ISBLANK(I52),ISBLANK(M52)),"",I52-M52) -> 25000 | O52: ارباح | P52: 0 | Q52: =IF(O52="مبيعات", P52%*I52, IF(O52="ارباح", P52%*N52, "")) -> 0 | R52: =IF(OR(ISBLANK(N52),ISBLANK(Q52),Q52=0),"",N52-Q52) | S52: واصل كاش | T52: شمس البصرة
A53: TRUE | B53: 149 | C53: بورد بصمات | D53: 45667 | E53: مستلم | F53: زبون سوشيال | G53: 954725 | H53: حسين | I53: 40000 | K53: 40000 | M53: 10000 | N53: =IF(OR(ISBLANK(I53),ISBLANK(M53)),"",I53-M53) -> 30000 | O53: ارباح | P53: 0 | Q53: =IF(O53="مبيعات", P53%*I53, IF(O53="ارباح", P53%*N53, "")) -> 0 | R53: =IF(OR(ISBLANK(N53),ISBLANK(Q53),Q53=0),"",N53-Q53) | S53: واصل كاش | T53: شمس البصرة
A54: TRUE | B54: 143 | C54: كتابة اكرلك | D54: 45667 | E54: مستلم | F54: زهور لمسة | G54: 000/78 | H54: حسين | I54: 15000 | K54: 15000 | M54: 5000 | N54: =IF(OR(ISBLANK(I54),ISBLANK(M54)),"",I54-M54) -> 10000 | O54: ارباح | P54: 0 | Q54: =IF(O54="مبيعات", P54%*I54, IF(O54="ارباح", P54%*N54, "")) -> 0 | R54: =IF(OR(ISBLANK(N54),ISBLANK(Q54),Q54=0),"",N54-Q54) | S54: واصل كاش | T54: كاش
A55: TRUE | B55: 144 | C55: بورد بصمات | D55: 45667 | E55: مستلم | F55: حواري | G55: 954719 | H55: حسين | I55: 10000 | K55: 10000 | M55: 5000 | N55: =IF(OR(ISBLANK(I55),ISBLANK(M55)),"",I55-M55) -> 5000 | O55: ارباح | P55: 0 | Q55: =IF(O55="مبيعات", P55%*I55, IF(O55="ارباح", P55%*N55, "")) -> 0 | R55: =IF(OR(ISBLANK(N55),ISBLANK(Q55),Q55=0),"",N55-Q55) | S55: واصل كاش | T55: شمس البصرة
A56: TRUE | B56: 150 | C56: مبخره | D56: 45668 | E56: معلق شمس البصرة | F56: برايد ستور | G56: 784649 | H56: حسين | I56: 35000 | L56: 35000 | M56: 15000 | N56: =IF(OR(ISBLANK(I56),ISBLANK(M56)),"",I56-M56) -> 20000 | O56: ارباح | P56: 0 | Q56: =IF(O56="مبيعات", P56%*I56, IF(O56="ارباح", P56%*N56, "")) -> 0 | R56: =IF(OR(ISBLANK(N56),ISBLANK(Q56),Q56=0),"",N56-Q56) | S56: معلق | T56: شمس البصرة
A57: TRUE | B57: 154 | C57: بوكس ذهب | D57: 45668 | E57: مستلم | F57: زبون سوشيال | G57: 954718 | H57: حسين | I57: 170000 | K57: 170000 | M57: 50000 | N57: =IF(OR(ISBLANK(I57),ISBLANK(M57)),"",I57-M57) -> 120000 | O57: ارباح | P57: 0 | Q57: =IF(O57="مبيعات", P57%*I57, IF(O57="ارباح", P57%*N57, "")) -> 0 | R57: =IF(OR(ISBLANK(N57),ISBLANK(Q57),Q57=0),"",N57-Q57) | S57: واصل كاش | T57: شمس البصرة
A58: TRUE | B58: 153 | C58: دفتر تخرج | D58: 45668 | E58: مستلم | F58: زبون سوشيال | G58: 000/80 | H58: حسين | I58: 50000 | K58: 50000 | M58: 15000 | N58: =IF(OR(ISBLANK(I58),ISBLANK(M58)),"",I58-M58) -> 35000 | O58: ارباح | P58: 0 | Q58: =IF(O58="مبيعات", P58%*I58, IF(O58="ارباح", P58%*N58, "")) -> 0 | R58: =IF(OR(ISBLANK(N58),ISBLANK(Q58),Q58=0),"",N58-Q58) | S58: واصل كاش | T58: كاش
A59: TRUE | B59: 156 | C59: مقدمة حلويات | D59: 45668 | E59: مستلم | F59: لوكا كافيه | G59: 000/73 | H59: حسين | I59: 45000 | K59: 45000 | M59: 20000 | N59: =IF(OR(ISBLANK(I59),ISBLANK(M59)),"",I59-M59) -> 25000 | O59: ارباح | P59: 0 | Q59: =IF(O59="مبيعات", P59%*I59, IF(O59="ارباح", P59%*N59, "")) -> 0 | R59: =IF(OR(ISBLANK(N59),ISBLANK(Q59),Q59=0),"",N59-Q59) | S59: واصل كاش
A60: TRUE | B60: 158 | C60: بوكس حلقات | D60: 45668 | E60: مستلم | F60: بيج تاليا | G60: 000/61 | H60: حسين | I60: 40000 | K60: 40000 | M60: 15000 | N60: =IF(OR(ISBLANK(I60),ISBLANK(M60)),"",I60-M60) -> 25000 | O60: ارباح | P60: 0 | Q60: =IF(O60="مبيعات", P60%*I60, IF(O60="ارباح", P60%*N60, "")) -> 0 | R60: =IF(OR(ISBLANK(N60),ISBLANK(Q60),Q60=0),"",N60-Q60) | S60: واصل كاش
A61: FALSE | B61: 152 | C61: طبع قماش | D61: 45668 | E61: مستلم | F61: زهراء | H61: حسين | I61: 25000 | K61: 25000 | M61: 10000 | N61: =IF(OR(ISBLANK(I61),ISBLANK(M61)),"",I61-M61) -> 15000 | O61: ارباح | P61: 0 | Q61: =IF(O61="مبيعات", P61%*I61, IF(O61="ارباح", P61%*N61, "")) -> 0 | R61: =IF(OR(ISBLANK(N61),ISBLANK(Q61),Q61=0),"",N61-Q61) | S61: واصل ورشة لم يستلمه اشرف
A62: TRUE | B62: 157 | C62: قماش طبع | D62: 45668 | E62: مستلم | F62: زبون سوشيال | G62: 000/72 | H62: حسين | I62: 20000 | K62: 20000 | M62: 5000 | N62: =IF(OR(ISBLANK(I62),ISBLANK(M62)),"",I62-M62) -> 15000 | O62: ارباح | P62: 0 | Q62: =IF(O62="مبيعات", P62%*I62, IF(O62="ارباح", P62%*N62, "")) -> 0 | R62: =IF(OR(ISBLANK(N62),ISBLANK(Q62),Q62=0),"",N62-Q62) | S62: واصل كاش
A63: TRUE | B63: 151 | C63: بوكس مهر | D63: 45668 | E63: راجع | F63: زبون سوشيال | G63: 954720 | H63: حسين | M63: 25000 | N63: =IF(OR(ISBLANK(T63),ISBLANK(M63)),"",T63-M63) -> 100000 | O63: ارباح | P63: 0 | Q63: =IF(O63="مبيعات", P63%*T63, IF(O63="ارباح", P63%*N63, "")) -> 0 | R63: =IF(OR(ISBLANK(N63),ISBLANK(Q63),Q63=0),"",N63-Q63) | T63: 125000
A64: TRUE | B64: 247 | C64: اسماء مكتبية عدد 2 | D64: 45669 | E64: دين | F64: سامر الزيرجاوي | G64: 000/1 | H64: حسين | I64: 35000 | L64: 35000 | M64: 15000 | N64: =IF(OR(ISBLANK(I64),ISBLANK(M64)),"",I64-M64) -> 20000 | O64: ارباح | Q64: =IF(O64="مبيعات", P64%*I64, IF(O64="ارباح", P64%*N64, "")) -> 0 | R64: =IF(OR(ISBLANK(N64),ISBLANK(Q64),Q64=0),"",N64-Q64) | S64: مكرر
A65: TRUE | B65: 248 | C65: ديكور MDF | D65: 45670 | E65: دين | F65: حسين | G65: 000/3 | H65: حسين | I65: 350000 | K65: 240000 | L65: 110000 | M65: 200000 | N65: =IF(OR(ISBLANK(I65),ISBLANK(M65)),"",I65-M65) -> 150000 | O65: ارباح | Q65: =IF(O65="مبيعات", P65%*I65, IF(O65="ارباح", P65%*N65, "")) -> 0 | R65: =IF(OR(ISBLANK(N65),ISBLANK(Q65),Q65=0),"",N65-Q65) | S65: دين
A66: TRUE | B66: A3 | C66: عقارات مريومة | D66: 45670 | E66: مستلم | F66: زبون سوشيال | G66: 000/65 | H66: الورشة | I66: 400000 | K66: 400000 | M66: 250000 | N66: =IF(OR(ISBLANK(I66),ISBLANK(M66)),"",I66-M66) -> 150000 | O66: ارباح | Q66: =IF(O66="مبيعات", P66%*I66, IF(O66="ارباح", P66%*N66, "")) -> 0 | R66: =IF(OR(ISBLANK(N66),ISBLANK(Q66),Q66=0),"",N66-Q66) | S66: واصل كاش
A67: FALSE | B67: 155 | C67: بوكس حلقات | D67: 45671 | E67: معلق شمس البصرة | F67: شمس البصرة | H67: حسين | I67: 60000 | L67: 60000 | M67: 20000 | N67: =IF(OR(ISBLANK(I67),ISBLANK(M67)),"",I67-M67) -> 40000 | O67: ارباح | Q67: =IF(O67="مبيعات", P67%*I67, IF(O67="ارباح", P67%*N67, "")) -> 0 | R67: =IF(OR(ISBLANK(N67),ISBLANK(Q67),Q67=0),"",N67-Q67) | S67: معلق
A68: TRUE | B68: 161a | C68: زخرفة عجواني | D68: 45671 | E68: دين | F68: حسين | G68: 00/1 | H68: الورشة | I68: 30000 | K68: =I68-L68 -> 0 | L68: 30000 | M68: 5000 | N68: =IF(OR(ISBLANK(I68),ISBLANK(M68)),"",I68-M68) -> 25000 | O68: ارباح | Q68: =IF(O68="مبيعات", P68%*I68, IF(O68="ارباح", P68%*N68, "")) -> 0 | R68: =IF(OR(ISBLANK(N68),ISBLANK(Q68),Q68=0),"",N68-Q68) | S68: دين
A69: TRUE | B69: 243 | C69: خلفية جبس عربي | D69: 45672 | E69: مستلم | F69: زبون سوشيال | G69: 000/66-67 | H69: حسين | I69: 650000 | K69: 650000 | M69: 200000 | N69: =IF(OR(ISBLANK(I69),ISBLANK(M69)),"",I69-M69) -> 450000 | O69: ارباح | Q69: =IF(O69="مبيعات", P69%*I69, IF(O69="ارباح", P69%*N69, "")) -> 0 | R69: =IF(OR(ISBLANK(N69),ISBLANK(Q69),Q69=0),"",N69-Q69) | S69: واصل كاش
A70: TRUE | C70: استلام دين عن اعلان | D70: 45672 | E70: مستلم | F70: الدوغجي | H70: الورشة | I70: 150000 | K70: 150000 | N70: =IF(OR(ISBLANK(I70),ISBLANK(M70)),"",I70-M70) | Q70: =IF(O70="مبيعات", P70%*I70, IF(O70="ارباح", P70%*N70, "")) | R70: =IF(OR(ISBLANK(N70),ISBLANK(Q70),Q70=0),"",N70-Q70) -> 0
A71: TRUE | B71: A15B | C71: درع حسب الطلب | D71: 45672 | E71: مستلم | F71: زبون سوشيال | G71: 000/58 | H71: الورشة | I71: 100000 | K71: 100000 | M71: 50000 | N71: =IF(OR(ISBLANK(I71),ISBLANK(M71)),"",I71-M71) -> 50000 | O71: ارباح | P71: 0 | Q71: =IF(O71="مبيعات", P71%*I71, IF(O71="ارباح", P71%*N71, "")) -> 0 | R71: =IF(OR(ISBLANK(N71),ISBLANK(Q71),Q71=0),"",N71-Q71)
A72: TRUE | B72: A13 | C72: وائل الخطاط | D72: 45672 | E72: مستلم | F72: وائل الخطاط | G72: 000/70 | H72: الورشة | I72: 50000 | K72: 50000 | M72: 15000 | N72: =IF(OR(ISBLANK(I72),ISBLANK(M72)),"",I72-M72) -> 35000 | O72: ارباح | P72: 0 | Q72: =IF(O72="مبيعات", P72%*I72, IF(O72="ارباح", P72%*N72, "")) -> 0 | R72: =IF(OR(ISBLANK(N72),ISBLANK(Q72),Q72=0),"",N72-Q72) | S72: واصل كاش
A73: TRUE | B73: A22 | C73: فلكس طبع | D73: 45672 | E73: مستلم | F73: زبون سوشيال | G73: 000/69 | H73: الورشة | I73: 16000 | K73: 16000 | M73: 15000 | N73: =IF(OR(ISBLANK(I73),ISBLANK(M73)),"",I73-M73) -> 1000 | O73: ارباح | Q73: =IF(O73="مبيعات", P73%*I73, IF(O73="ارباح", P73%*N73, "")) -> 0 | R73: =IF(OR(ISBLANK(N73),ISBLANK(Q73),Q73=0),"",N73-Q73) | S73: واصل كاش
A74: TRUE | B74: 169 | C74: ظروف حجم A3 | D74: 45673 | E74: مستلم | F74: ابو جعفر | G74: 000/81 | H74: الورشة | I74: 200000 | K74: 200000 | M74: 100000 | N74: =IF(OR(ISBLANK(I74),ISBLANK(M74)),"",I74-M74) -> 100000 | O74: ارباح | P74: 0 | Q74: =IF(O74="مبيعات", P74%*I74, IF(O74="ارباح", P74%*N74, "")) -> 0 | R74: =IF(OR(ISBLANK(N74),ISBLANK(Q74),Q74=0),"",N74-Q74) | S74: واصل كاش
A75: TRUE | B75: 168 | C75: مبخرة+علبة بخور | D75: 45673 | E75: مستلم | F75: بيج تاليا | G75: 000/87 | H75: حسين | I75: 70000 | K75: 70000 | M75: 30000 | N75: =IF(OR(ISBLANK(I75),ISBLANK(M75)),"",I75-M75) -> 40000 | O75: ارباح | P75: 0 | Q75: =IF(O75="مبيعات", P75%*I75, IF(O75="ارباح", P75%*N75, "")) -> 0 | R75: =IF(OR(ISBLANK(N75),ISBLANK(Q75),Q75=0),"",N75-Q75) | S75: واصل كاش
A76: FALSE | B76: 156a | C76: دفتر تخرج | D76: 45675 | E76: دين | F76: ادو | H76: حسين | I76: 50000 | K76: =I76-L76 -> 0 | L76: 50000 | M76: 15000 | N76: =IF(OR(ISBLANK(I76),ISBLANK(M76)),"",I76-M76) -> 35000 | O76: ارباح | Q76: =IF(O76="مبيعات", P76%*I76, IF(O76="ارباح", P76%*N76, "")) -> 0 | R76: =IF(OR(ISBLANK(N76),ISBLANK(Q76),Q76=0),"",N76-Q76) | S76: دين
A77: TRUE | B77: 176a | C77: بوكس مهر | D77: 45675 | E77: مستلم | F77: زبون سوشيال | G77: 954741 | H77: حسين | I77: 125000 | K77: 125000 | M77: 25000 | N77: =IF(OR(ISBLANK(I77),ISBLANK(M77)),"",I77-M77) -> 100000 | O77: ارباح | P77: 0 | Q77: =IF(O77="مبيعات", P77%*I77, IF(O77="ارباح", P77%*N77, "")) -> 0 | R77: =IF(OR(ISBLANK(N77),ISBLANK(Q77),Q77=0),"",N77-Q77) | S77: معلق
A78: FALSE | B78: 162 | C78: بوكس مهر | D78: 45675 | E78: مستلم | F78: زبون سوشيال | H78: حسين | I78: 125000 | K78: 125000 | M78: 25000 | N78: =IF(OR(ISBLANK(I78),ISBLANK(M78)),"",I78-M78) -> 100000 | O78: ارباح | P78: 0 | Q78: =IF(O78="مبيعات", P78%*I78, IF(O78="ارباح", P78%*N78, "")) -> 0 | R78: =IF(OR(ISBLANK(N78),ISBLANK(Q78),Q78=0),"",N78-Q78) | S78: واصل كاش
A79: TRUE | B79: 163 | C79: بورد ايباد | D79: 45675 | E79: مستلم | F79: زبون سوشيال | H79: حسين | I79: 100000 | K79: 100000 | M79: 25000 | N79: =IF(OR(ISBLANK(I79),ISBLANK(M79)),"",I79-M79) -> 75000 | O79: ارباح | P79: 0 | Q79: =IF(O79="مبيعات", P79%*I79, IF(O79="ارباح", P79%*N79, "")) -> 0 | R79: =IF(OR(ISBLANK(N79),ISBLANK(Q79),Q79=0),"",N79-Q79) | S79: مبعوث لم استلمه اشرف
A80: TRUE | B80: 164 | C80: بوكس مهر | D80: 45675 | E80: مستلم | F80: نرجس ورد | H80: حسين | I80: 100000 | K80: 100000 | M80: 25000 | N80: =IF(OR(ISBLANK(I80),ISBLANK(M80)),"",I80-M80) -> 75000 | O80: ارباح | P80: 0 | Q80: =IF(O80="مبيعات", P80%*I80, IF(O80="ارباح", P80%*N80, "")) -> 0 | R80: =IF(OR(ISBLANK(N80),ISBLANK(Q80),Q80=0),"",N80-Q80) | S80: مستلم نقوده لم يستلمه اشرف
A81: TRUE | B81: 175-160 | C81: علبة بخور+ قاعدة | D81: 45675 | E81: مستلم | F81: زبون سوشيال | G81: 954741 | H81: حسين | I81: 75000 | K81: 75000 | M81: 25000 | N81: =IF(OR(ISBLANK(I81),ISBLANK(M81)),"",I81-M81) -> 50000 | O81: ارباح | P81: 0 | Q81: =IF(O81="مبيعات", P81%*I81, IF(O81="ارباح", P81%*N81, "")) -> 0 | R81: =IF(OR(ISBLANK(N81),ISBLANK(Q81),Q81=0),"",N81-Q81) | S81: معلق
A82: TRUE | B82: 174-159 | C82: بوكس حلقات | D82: 45675 | E82: مستلم | F82: زبون سوشيال | G82: 954741 | H82: حسين | I82: 50000 | K82: 50000 | M82: 20000 | N82: =IF(OR(ISBLANK(I82),ISBLANK(M82)),"",I82-M82) -> 30000 | O82: ارباح | P82: 0 | Q82: 0 | R82: =IF(OR(ISBLANK(N82),ISBLANK(Q82),Q82=0),"",N82-Q82) | S82: مكرر تسجيل
A83: TRUE | B83: 177a | C83: بوكس حلقات | D83: 45675 | E83: مستلم | F83: زبون سوشيال | G83: 954741 | H83: حسين | I83: 50000 | K83: 50000 | M83: 20000 | N83: =IF(OR(ISBLANK(I83),ISBLANK(M83)),"",I83-M83) -> 30000 | O83: ارباح | P83: 0 | Q83: =IF(O83="مبيعات", P83%*I83, IF(O83="ارباح", P83%*N83, "")) -> 0 | R83: =IF(OR(ISBLANK(N83),ISBLANK(Q83),Q83=0),"",N83-Q83) | S83: معلق
A84: TRUE | B84: 160 | C84: مبخرة | D84: 45675 | E84: مستلم | F84: زبون سوشيال | G84: 954721 | H84: حسين | I84: 45000 | K84: 45000 | M84: 25000 | N84: =IF(OR(ISBLANK(I84),ISBLANK(M84)),"",I84-M84) -> 20000 | O84: ارباح | P84: 0 | Q84: =IF(O84="مبيعات", P84%*I84, IF(O84="ارباح", P84%*N84, "")) -> 0 | R84: =IF(OR(ISBLANK(N84),ISBLANK(Q84),Q84=0),"",N84-Q84) | S84: واصل كاش | T84: شمس البصرة
A85: TRUE | B85: 166 | C85: بورد بصمات | D85: 45675 | E85: مستلم | F85: زبون سوشيال | G85: 954722 | H85: حسين | I85: 45000 | K85: 45000 | M85: 10000 | N85: =IF(OR(ISBLANK(I85),ISBLANK(M85)),"",I85-M85) -> 35000 | O85: ارباح | P85: 0 | Q85: =IF(O85="مبيعات", P85%*I85, IF(O85="ارباح", P85%*N85, "")) -> 0 | R85: =IF(OR(ISBLANK(N85),ISBLANK(Q85),Q85=0),"",N85-Q85) | T85: شمس البصرة
A86: TRUE | B86: 176 | C86: بورد اكرلك | D86: 45675 | E86: مستلم | F86: زبون سوشيال | G86: 954741 | H86: حسين | I86: 45000 | K86: 45000 | M86: 20000 | N86: =IF(OR(ISBLANK(I86),ISBLANK(M86)),"",I86-M86) -> 25000 | O86: ارباح | P86: 0 | Q86: =IF(O86="مبيعات", P86%*I86, IF(O86="ارباح", P86%*N86, "")) -> 0 | R86: =IF(OR(ISBLANK(N86),ISBLANK(Q86),Q86=0),"",N86-Q86) | S86: معلق
A87: TRUE | B87: 177 | C87: رسالة العمر | D87: 45675 | E87: مستلم | F87: زبون سوشيال | G87: 954741 | H87: حسين | I87: 35000 | K87: 35000 | M87: 10000 | N87: =IF(OR(ISBLANK(I87),ISBLANK(M87)),"",I87-M87) -> 25000 | O87: ارباح | P87: 0 | Q87: =IF(O87="مبيعات", P87%*I87, IF(O87="ارباح", P87%*N87, "")) -> 0 | R87: =IF(OR(ISBLANK(N87),ISBLANK(Q87),Q87=0),"",N87-Q87) | S87: معلق
A88: TRUE | B88: 167 | C88: مبخرة | D88: 45675 | E88: مستلم | F88: زبون سوشيال | G88: 000/88 | H88: حسين | I88: 35000 | K88: 35000 | M88: 10000 | N88: =IF(OR(ISBLANK(I88),ISBLANK(M88)),"",I88-M88) -> 25000 | O88: ارباح | P88: 0 | Q88: =IF(O88="مبيعات", P88%*I88, IF(O88="ارباح", P88%*N88, "")) -> 0 | R88: =IF(OR(ISBLANK(N88),ISBLANK(Q88),Q88=0),"",N88-Q88) | S88: واصل كاش | T88: كاش
A89: TRUE | B89: 161 | C89: اسم فوم | D89: 45675 | E89: مستلم | F89: زبون سوشيال | G89: 000/81 | H89: حسين | I89: 15000 | K89: 15000 | M89: 5000 | N89: =IF(OR(ISBLANK(I89),ISBLANK(M89)),"",I89-M89) -> 10000 | O89: ارباح | P89: 0 | Q89: =IF(O89="مبيعات", P89%*I89, IF(O89="ارباح", P89%*N89, "")) -> 0 | R89: =IF(OR(ISBLANK(N89),ISBLANK(Q89),Q89=0),"",N89-Q89) | S89: واصل كاش | T89: كاش
A90: TRUE | B90: 165 | C90: بورد حفر | D90: 45675 | E90: مستلم | F90: محمد فيروزه | G90: 000/82 | H90: حسين | I90: 15000 | K90: 15000 | M90: 15000 | N90: =IF(OR(ISBLANK(I90),ISBLANK(M90)),"",I90-M90) -> 0 | O90: ارباح | P90: 0 | Q90: =IF(O90="مبيعات", P90%*I90, IF(O90="ارباح", P90%*N90, "")) -> 0 | R90: =IF(OR(ISBLANK(N90),ISBLANK(Q90),Q90=0),"",N90-Q90) | S90: دين
A91: TRUE | B91: 159 | C91: بورد بصمات + تعلاقات كلاصات | D91: 45675 | E91: مستلم | F91: محمد فيروزة | G91: 000/83 | H91: حسين | I91: 15000 | K91: 15000 | M91: 5000 | N91: =IF(OR(ISBLANK(I91),ISBLANK(M91)),"",I91-M91) -> 10000 | O91: ارباح | P91: 0 | Q91: =IF(O91="مبيعات", P91%*I91, IF(O91="ارباح", P91%*N91, "")) -> 0 | R91: =IF(OR(ISBLANK(N91),ISBLANK(Q91),Q91=0),"",N91-Q91) | S91: مبعوث لم استلمه اشرف
A92: TRUE | B92: 171 | C92: مسكة اكريليك | D92: 45675 | E92: مستلم | F92: معتصم | G92: 000/89 | H92: رشيد | I92: 10000 | K92: 10000 | M92: 5000 | N92: =IF(OR(ISBLANK(I92),ISBLANK(M92)),"",I92-M92) -> 5000 | O92: ارباح | P92: 0 | Q92: =IF(O92="مبيعات", P92%*I92, IF(O92="ارباح", P92%*N92, "")) -> 0 | R92: =IF(OR(ISBLANK(N92),ISBLANK(Q92),Q92=0),"",N92-Q92) | S92: واصل كاش
A93: TRUE | B93: 172 | C93: حروف اكريليك | D93: 45675 | E93: مستلم | F93: زبون سوشيال | G93: 000/90 | H93: رشيد | I93: 10000 | K93: 10000 | M93: 5000 | N93: =IF(OR(ISBLANK(I93),ISBLANK(M93)),"",I93-M93) -> 5000 | O93: ارباح | P93: 0 | Q93: =IF(O93="مبيعات", P93%*I93, IF(O93="ارباح", P93%*N93, "")) -> 0 | R93: =IF(OR(ISBLANK(N93),ISBLANK(Q93),Q93=0),"",N93-Q93) | S93: واصل كاش
A94: FALSE | B94: 168a | C94: اكريليك فضي | D94: 45675 | E94: مستلم | F94: زبون سوشيال | H94: الورشة | I94: 10000 | K94: 10000 | M94: 2000 | N94: =IF(OR(ISBLANK(I94),ISBLANK(M94)),"",I94-M94) -> 8000 | O94: ارباح | P94: 0 | Q94: =IF(O94="مبيعات", P94%*I94, IF(O94="ارباح", P94%*N94, "")) -> 0 | R94: =IF(OR(ISBLANK(N94),ISBLANK(Q94),Q94=0),"",N94-Q94) | S94: مراجعة
A95: TRUE | B95: A9 | C95: اعلان داخلي | D95: 45675 | E95: مستلم | F95: مستطرق | G95: 000/74 | H95: الورشة | I95: 200000 | K95: 200000 | M95: 50000 | N95: =IF(OR(ISBLANK(I95),ISBLANK(M95)),"",I95-M95) -> 150000 | O95: ارباح | P95: 0 | Q95: =IF(O95="مبيعات", P95%*I95, IF(O95="ارباح", P95%*N95, "")) -> 0 | R95: =IF(OR(ISBLANK(N95),ISBLANK(Q95),Q95=0),"",N95-Q95) | S95: زين كاش واصل
A96: TRUE | B96: 180 | C96: مبخرة علبة بخور قاعدة | D96: 45676 | E96: مستلم | F96: زبون سوشيال | G96: 954724 | H96: حسين | I96: 75000 | K96: 75000 | M96: 25000 | N96: =IF(OR(ISBLANK(I96),ISBLANK(M96)),"",I96-M96) -> 50000 | O96: ارباح | P96: 0 | Q96: =IF(O96="مبيعات", P96%*I96, IF(O96="ارباح", P96%*N96, "")) -> 0 | R96: =IF(OR(ISBLANK(N96),ISBLANK(Q96),Q96=0),"",N96-Q96) | T96: شمس البصرة
A97: TRUE | B97: 179 | C97: اسماء منضدي | D97: 45676 | E97: مستلم | F97: زبون سوشيال | G97: 954741 | H97: حسين | I97: 50000 | K97: 50000 | M97: 20000 | N97: =IF(OR(ISBLANK(I97),ISBLANK(M97)),"",I97-M97) -> 30000 | O97: ارباح | P97: 0 | Q97: =IF(O97="مبيعات", P97%*I97, IF(O97="ارباح", P97%*N97, "")) -> 0 | R97: =IF(OR(ISBLANK(N97),ISBLANK(Q97),Q97=0),"",N97-Q97) | S97: معلق
A98: TRUE | B98: 178 | C98: بورد توقيع | D98: 45676 | E98: مستلم | F98: زبون سوشيال | G98: 954741 | H98: حسين | I98: 45000 | K98: 45000 | M98: 15000 | N98: =IF(OR(ISBLANK(I98),ISBLANK(M98)),"",I98-M98) -> 30000 | O98: ارباح | P98: 0 | Q98: =IF(O98="مبيعات", P98%*I98, IF(O98="ارباح", P98%*N98, "")) -> 0 | R98: =IF(OR(ISBLANK(N98),ISBLANK(Q98),Q98=0),"",N98-Q98) | S98: معلق
A99: TRUE | B99: 182 | C99: مبخرة | D99: 45676 | E99: مستلم | F99: بيج تاليا | G99: 000/91 | H99: حسين | I99: 35000 | K99: 35000 | M99: 15000 | N99: =IF(OR(ISBLANK(I99),ISBLANK(M99)),"",I99-M99) -> 20000 | O99: ارباح | P99: 0 | Q99: =IF(O99="مبيعات", P99%*I99, IF(O99="ارباح", P99%*N99, "")) -> 0 | R99: =IF(OR(ISBLANK(N99),ISBLANK(Q99),Q99=0),"",N99-Q99) | S99: واصل كاش | T99: كاش
A100: TRUE | B100: 181 | C100: قران | D100: 45676 | E100: مستلم | F100: زبون سوشيال | G100: 954724 | H100: حسين | I100: 20000 | K100: 20000 | M100: 10000 | N100: =IF(OR(ISBLANK(I100),ISBLANK(M100)),"",I100-M100) -> 10000 | O100: ارباح | P100: 0 | Q100: =IF(O100="مبيعات", P100%*I100, IF(O100="ارباح", P100%*N100, "")) -> 0 | R100: =IF(OR(ISBLANK(N100),ISBLANK(Q100),Q100=0),"",N100-Q100) | T100: شمس البصرة
...

Sheet مصروفات شهر فبراير 2025
A1: TRUE | D1: 45689 | E1: 500000 | F1: حسين مارس | H1: سلفة | L1: 500000
D2: 45689 | E2: 250000 | F2: اشرف الادقاني | H2: سلفة | L2: 250000
A3: TRUE | C3: قماش مع توصيل0 | D3: 45689 | E3: 70000 | F3: الورشة | H3: المواد الخام | L3: 70000
A4: TRUE | C4: اصباغ سيغما | D4: 45689 | E4: 38000 | F4: الورشة | G4: 106263 | H4: الوان ودهانات | L4: 38000
A5: TRUE | C5: الوان | D5: 45689 | E5: 35000 | F5: الورشة | G5: 2456 | H5: الوان ودهانات | L5: 35000
A6: TRUE | C6: كوفي شوب | D6: 45689 | E6: 8000 | F6: الورشة | H6: نثرية | L6: 8000
A7: TRUE | C7: طرقات | D7: 45689 | E7: 6000 | F7: الورشة | L7: 6000
A8: TRUE | D8: 45690 | E8: 175000 | F8: محمد السوري | H8: سلفة | L8: 175000
A9: TRUE | C9: باسكت | D9: 45690 | E9: 75000 | F9: الورشة | H9: خدمات | L9: 75000
A10: TRUE | C10: قماش | D10: 45690 | E10: 38000 | F10: الورشة | L10: 38000
A11: TRUE | D11: 45690 | E11: 25000 | F11: علي عمار | H11: راتب | L11: 25000
A12: TRUE | D12: 45690 | E12: 25000 | F12: وليد | H12: راتب | L12: 25000
A13: TRUE | C13: ورقيات | D13: 45690 | E13: 25000 | F13: الورشة | H13: المواد الخام | L13: 25000
A14: TRUE | C14: الابرار | D14: 45690 | E14: 20000 | F14: الورشة | G14: 3482 | H14: خشب MDF | L14: 20000
A15: TRUE | C15: انشائيية | D15: 45690 | E15: 14000 | F15: الورشة | G15: 120 | L15: 14000
A16: TRUE | C16: فلوس كروة حيدر يافوز | D16: 45690 | E16: 10000 | F16: الورشة | H16: خدمات | L16: 10000
A17: TRUE | D17: 45690 | E17: 8000 | F17: يونس يعقوب | H17: راتب | L17: 8000
A18: TRUE | D18: 45690 | E18: 5000 | F18: محمد السوري | H18: سلفة | L18: 5000
A19: TRUE | C19: صب رش | D19: 45690 | E19: 2000 | F19: الورشة | H19: الوان ودهانات | L19: 2000
A20: TRUE | C20: الابرار | D20: 45691 | E20: 532000 | F20: الورشة | G20: 4058 | H20: المواد الخام, لواصق | L20: 532000
A21: TRUE | C21: الابرار | D21: 45691 | E21: 373000 | F21: الورشة | G21: 4062 | H21: المواد الخام, لواصق | L21: 373000
A22: FALSE | C22: سحب سلفة | D22: 45691 | E22: 300000 | F22: سيف عدنان | H22: سلفة | L22: 300000
A23: FALSE | C23: داينة | D23: 45691 | E23: 175000 | F23: الورشة | H23: استهلاكيات الورشة | L23: 175000
A24: FALSE | C24: تم سحيى راتب | D24: 45691 | E24: 135000 | F24: ليث محاسب | H24: راتب | L24: 135000
A25: TRUE | D25: 45691 | E25: 90000 | F25: حيدر الصباغ | H25: راتب | L25: 90000
A26: TRUE | D26: 45691 | E26: 85000 | F26: عبدالله الصباغ | H26: راتب | L26: 85000
A27: TRUE | C27: الابرار | D27: 45691 | E27: 80000 | F27: الورشة | G27: 4064 | H27: المواد الخام | L27: 80000
A28: TRUE | C28: الابرار | D28: 45691 | E28: 75000 | F28: الورشة | G28: 4063 | H28: المواد الخام | L28: 75000
A29: TRUE | C29: اوسكار | D29: 45691 | E29: 58000 | F29: الورشة | G29: 1634/1642 | H29: المواد الخام | L29: 58000
A30: TRUE | C30: شراء مواد خام | D30: 45691 | E30: 35000 | F30: الورشة | H30: المواد الخام | L30: 35000
A31: TRUE | C31: طلبية | D31: 45691 | E31: 30000 | F31: سيف عدنان | H31: سلفة | L31: 30000
A32: FALSE | C32: تم سحب سلفة | D32: 45691 | E32: 30000 | F32: حيدر الصباغ | H32: سلفة | L32: 30000
A33: TRUE | D33: 45691 | E33: 25000 | F33: عبد الرضا عقيل | H33: راتب | L33: 25000
A34: TRUE | D34: 45691 | E34: 25000 | F34: حيدر الصباغ | H34: راتب | L34: 25000
A35: TRUE | D35: 45691 | E35: 25000 | F35: حسين مارس | H35: سلفة | L35: 25000
A36: FALSE | C36: تم سحب سلفة | D36: 45691 | E36: 25000 | F36: علي الكهربائي | H36: سلفة | L36: 25000
A37: TRUE | C37: الابرار | D37: 45691 | E37: 19000 | F37: الورشة | G37: 3533 | H37: المواد الخام | L37: 19000
A38: TRUE | C38: طرقات | D38: 45691 | E38: 19000 | F38: الورشة | H38: خدمات | L38: 19000
A39: FALSE | C39: تم سحب سلفة | D39: 45691 | E39: 5000 | F39: حيدر الكهربائي | H39: سلفة | L39: 5000
A40: TRUE | C40: برينة | D40: 45691 | E40: 3000 | H40: عدة يدوية | L40: 3000
A41: TRUE | C41: مكينة كاوية | D41: 45691 | E41: 110000 | F41: انجيكو | G41: 1852 | H41: عدة يدوية | L41: 110000
A42: TRUE | C42: كيبل | D42: 45691 | E42: 52000 | F42: عمار | G42: 216 | H42: المواد الخام | L42: 52000
A43: TRUE | C43: المنيوم | D43: 45691 | E43: 35000 | H43: المواد الخام | L43: 35000
A44: TRUE | C44: سحب سلفة | D44: 45691 | E44: 29000 | F44: عبد الرضا عقيل | H44: سلفة | L44: 29000
A45: TRUE | C45: براغي | D45: 45691 | E45: 15000 | F45: الزهراء | G45: 265 | H45: المواد الخام | L45: 15000
A46: TRUE | C46: بسمار و فشر | D46: 45691 | E46: 15000 | F46: الضيف | G46: 1253 | H46: المواد الخام | L46: 15000
A47: TRUE | C47: زواة يوفي | D47: 45691 | E47: 15000 | F47: الزهراء | G47: 272 | L47: 15000
A48: TRUE | C48: ريوك | D48: 45691 | E48: 12000 | H48: استهلاكيات الورشة | L48: 12000
A49: TRUE | C49: نقل يوفي | D49: 45691 | E49: 10000 | G49: 8 | H49: استهلاكيات الورشة | L49: 10000
A50: TRUE | C50: نقل يوفي | D50: 45691 | E50: 10000 | H50: استهلاكيات الورشة | L50: 10000
A51: TRUE | C51: نقل الابرار | D51: 45691 | E51: 10000 | H51: استهلاكيات الورشة | L51: 10000
A52: TRUE | C52: نقل كاوية | D52: 45691 | E52: 5000 | H52: استهلاكيات الورشة | L52: 5000
A53: FALSE | D53: 45692 | E53: 500000 | F53: اشرف الادقاني | H53: سلفة | L53: 500000
A54: TRUE | C54: علي البديري | D54: 45692 | E54: 140000 | F54: الورشة | G54: 3739 | H54: المواد الخام | L54: 140000
A55: TRUE | C55: الابرار | D55: 45692 | E55: 105000 | F55: الورشة | G55: 4075 | H55: المواد الخام | L55: 105000
A56: TRUE | C56: النبع+ عده يدوية لرشيد | D56: 45692 | E56: 55000 | F56: الورشة | G56: 86-4 | H56: عدة يدوية | L56: 55000
A57: TRUE | C57: ملكانات | D57: 45692 | E57: 55000 | F57: الورشة | H57: المواد الخام | L57: 55000
A58: TRUE | C58: قماش | D58: 45692 | E58: 35000 | F58: الورشة | H58: المواد الخام | L58: 35000
A59: TRUE | D59: 45692 | E59: 25000 | F59: علي عمار | H59: راتب | L59: 25000
A60: TRUE | C60: انشائيات | D60: 45692 | E60: 22500 | F60: الضيف | G60: 29964 | H60: استهلاكيات الورشة | L60: 22500
A61: TRUE | C61: علاء خليجي | D61: 45692 | E61: 20000 | F61: الورشة | H61: عدة يدوية | L61: 20000
A62: TRUE | C62: الوسام | D62: 45692 | E62: 14000 | F62: الوسام | G62: sp90 | H62: استهلاكيات الورشة | L62: 14000
A63: TRUE | C63: كرسي مكتب | D63: 45693 | E63: 500000 | F63: الورشة | H63: المواد الخام | L63: 500000
A64: TRUE | D64: 45693 | E64: 463000 | F64: علي الكهربائي | H64: سلفة | L64: 463000
A65: TRUE | D65: 45693 | E65: 400000 | F65: عبد الرضا عقيل | H65: راتب | L65: 400000
A66: TRUE | D66: 45693 | E66: 275000 | F66: اشرف الادقاني | H66: سلفة | L66: 275000
A67: TRUE | D67: 45693 | E67: 250000 | F67: محمد السوري | H67: سلفة | L67: 250000
A68: TRUE | D68: 45693 | E68: 209000 | F68: عبدالله الصباغ | H68: سلفة | L68: 209000
A69: TRUE | D69: 45693 | E69: 200000 | F69: حيدر الصباغ | H69: راتب | L69: 200000
A70: TRUE | D70: 45693 | E70: 127500 | F70: عبدالله الصباغ | H70: راتب | L70: 127500
A71: TRUE | D71: 45693 | E71: 100000 | F71: عبد الرضا عقيل | H71: سلفة | L71: 100000
A72: TRUE | D72: 45693 | E72: 68000 | F72: يونس يعقوب | H72: راتب | L72: 68000
A73: TRUE | C73: كاوية فلكس | D73: 45693 | E73: 37000 | F73: الورشة | H73: عدة يدوية | L73: 37000
A74: TRUE | D74: 45693 | E74: 25000 | F74: وليد | H74: راتب | L74: 25000
A75: TRUE | D75: 45693 | E75: 10000 | F75: اشرف الادقاني | H75: سلفة | L75: 10000
A76: TRUE | D76: 45693 | E76: 10000 | F76: وليد | H76: راتب | L76: 10000
A77: TRUE | D77: 45693 | E77: 10000 | F77: محمد السوري | H77: سلفة | L77: 10000
A78: TRUE | C78: ورق ظروف | D78: 45693 | E78: 10000 | F78: الورشة | H78: المواد الخام | L78: 10000
A79: TRUE | C79: الضيف | D79: 45693 | E79: 10000 | F79: الورشة | G79: 30456 | L79: 10000
A80: TRUE | C80: شمع احمر | D80: 45693 | E80: 5000 | F80: الورشة | H80: المواد الخام | L80: 5000
A81: TRUE | D81: 45693 | E81: 5000 | F81: الورشة | H81: الوان ودهانات | L81: 5000
A82: TRUE | C82: ups فاربر عدد 3 | D82: 45694 | E82: 285000 | F82: الورشة | G82: 1696 | H82: المواد الخام | L82: 285000
A83: TRUE | D83: 45694 | E83: 231000 | F83: حيدر الكهربائي | H83: راتب | L83: 231000
A84: TRUE | C84: بروشات اللواء السابع + شراء استهلاكيات ورشة | D84: 45694 | E84: 200000 | F84: الورشة | H84: المواد الخام, استهلاكيات الورشة | L84: 200000
A85: TRUE | C85: محمد ارت | D85: 45694 | E85: 155000 | F85: الورشة | G85: 561 | H85: المواد الخام | L85: 155000
A86: TRUE | D86: 45694 | E86: 100000 | F86: اشرف الادقاني | H86: سلفة | L86: 100000 | R86: =(MINUS(R85,#REF!)) -> #REF! | S86: الصافي:
A87: TRUE | C87: القلم | D87: 45694 | E87: 63000 | F87: الورشة | G87: 157 | H87: المواد الخام | L87: 63000 | U87: 3
A88: TRUE | D88: 45694 | E88: 50000 | F88: وليد | H88: راتب | L88: 50000
A89: TRUE | C89: الخليج مياه | D89: 45694 | E89: 34000 | F89: الورشة | G89: 2997 | H89: المواد الخام | L89: 34000
A90: TRUE | D90: 45694 | E90: 30000 | F90: الورشة | G90: 1994 | H90: المواد الخام | L90: 30000
A91: TRUE | C91: غراض مكتبية | D91: 45694 | E91: 29000 | F91: الورشة | G91: 13773 | H91: تكاليف تطوير | L91: 29000
A92: FALSE | C92: تم شراء جلد ابيض | D92: 45694 | E92: 20000 | F92: الورشة | G92: 8132522 | H92: المواد الخام | L92: 20000
A93: TRUE | C93: سجل يومية | D93: 45694 | E93: 15000 | F93: الورشة | G93: 2483 | H93: المواد الخام | L93: 15000
A94: FALSE | D94: 45694 | E94: 13500 | F94: الورشة | H94: نثرية | L94: 13500
A95: TRUE | C95: طريق وليد | D95: 45694 | E95: 13000 | F95: الورشة | H95: المواد الخام | L95: 13000
A96: TRUE | C96: المنار | D96: 45694 | E96: 13000 | F96: الورشة | G96: 1986 | H96: المواد الخام | L96: 13000
A97: TRUE | C97: سماعات | D97: 45694 | E97: 12000 | F97: الورشة | H97: المواد الخام | L97: 12000
A98: TRUE | C98: سجل | D98: 45694 | E98: 10000 | F98: الورشة | G98: 2485 | H98: المواد الخام | L98: 10000
A99: TRUE | C99: واير | D99: 45694 | E99: 8000 | F99: الورشة | H99: المواد الخام | L99: 8000
A100: TRUE | C100: تم شراء فلكس | D100: 45694 | E100: 8000 | F100: الورشة | H100: المواد الخام | L100: 8000
...

Sheet الورقة26
A1: الاسم | B1: التاريخ | C1: الوقت | D1: الوقت | G1: الغرامة
A2: انوار كريم | B2: 45932 | C2: 0.36388889 | D2: 0.38680556 | E2: =((MIN(10,MAX(0,(MIN(D2,TIME(10,0,0))-MAX(C2,TIME(8,0,0)))*24)))) -> 0.55 | F2: =300000/235 -> 1276.5957 | G2: =F2*E2 -> 702.12766
A3: انوار كريم | B3: 45934 | C3: 0.33333333 | D3: 0.36805556 | E3: =((MIN(10,MAX(0,(MIN(D3,TIME(10,0,0))-MAX(C3,TIME(8,0,0)))*24)))) -> 0.83333333 | F3: =300000/235 -> 1276.5957 | G3: =F3*E3 -> 1063.8298
A4: انوار كريم | B4: 45935 | C4: 0.34722222 | D4: 0.38194444 | E4: =((MIN(10,MAX(0,(MIN(D4,TIME(10,0,0))-MAX(C4,TIME(8,0,0)))*24)))) -> 0.83333333 | F4: =300000/235 -> 1276.5957 | G4: =F4*E4 -> 1063.8298
A5: حيدر يافوز | B5: 45932 | C5: 0.36388889 | D5: 0.38680556 | E5: =((MIN(10,MAX(0,(MIN(D5,TIME(10,0,0))-MAX(C5,TIME(8,0,0)))*24)))) -> 0.55 | F5: =300000/235 -> 1276.5957 | G5: =F5*E5 -> 702.12766
A6: انوار كريم | B6: 45936 | C6: 0.35486111 | D6: 0.36319444 | E6: =((MIN(10,MAX(0,(MIN(D6,TIME(10,0,0))-MAX(C6,TIME(8,0,0)))*24)))) -> 0.2 | F6: =300000/235 -> 1276.5957 | G6: =F6*E6 -> 255.31915
A7: انوار كريم | B7: 45938 | C7: 0.33472222 | D7: 0.37361111 | E7: =((MIN(10,MAX(0,(MIN(D7,TIME(10,0,0))-MAX(C7,TIME(8,0,0)))*24)))) -> 0.93333333 | F7: =300000/235 -> 1276.5957 | G7: =F7*E7 -> 1191.4894
A8: انوار كريم | B8: 45939 | C8: 0.33333333 | D8: 0.36041667 | E8: =((MIN(10,MAX(0,(MIN(D8,TIME(10,0,0))-MAX(C8,TIME(8,0,0)))*24)))) -> 0.65 | F8: =300000/235 -> 1276.5957 | G8: =F8*E8 -> 829.78723
A9: محمد | B9: 45935 | C9: 0.36111111 | D9: 0.38194444 | E9: =((MIN(10,MAX(0,(MIN(D9,TIME(10,0,0))-MAX(C9,TIME(8,0,0)))*24)))) -> 0.5 | F9: =300000/235 -> 1276.5957 | G9: =F9*E9 -> 638.29787
A10: محمد | B10: 45938 | C10: 0.33958333 | D10: 0.37361111 | E10: =((MIN(10,MAX(0,(MIN(D10,TIME(10,0,0))-MAX(C10,TIME(8,0,0)))*24)))) -> 0.81666667 | F10: =300000/235 -> 1276.5957 | G10: =F10*E10 -> 1042.5532
A11: محمد | B11: 45939 | C11: 0.33333333 | D11: 0.36041667 | E11: =((MIN(10,MAX(0,(MIN(D11,TIME(10,0,0))-MAX(C11,TIME(8,0,0)))*24)))) -> 0.65 | F11: =300000/235 -> 1276.5957 | G11: =F11*E11 -> 829.78723
A12: يافوز | B12: 45935 | C12: 0.35416667 | D12: 0.38194444 | E12: =((MIN(10,MAX(0,(MIN(D12,TIME(10,0,0))-MAX(C12,TIME(8,0,0)))*24)))) -> 0.66666667 | F12: =375000/235 -> 1595.7447 | G12: =F12*E12 -> 1063.8298
A13: يافوز | B13: 45936 | C13: 0.35486111 | D13: 0.36319444 | E13: =((MIN(10,MAX(0,(MIN(D13,TIME(10,0,0))-MAX(C13,TIME(8,0,0)))*24)))) -> 0.2 | F13: =375000/235 -> 1595.7447 | G13: =F13*E13 -> 319.14894
A14: يافوز | B14: 45937 | C14: 0.33680556 | D14: 0.35416667 | E14: =((MIN(10,MAX(0,(MIN(D14,TIME(10,0,0))-MAX(C14,TIME(8,0,0)))*24)))) -> 0.41666667 | F14: =375000/235 -> 1595.7447 | G14: =F14*E14 -> 664.89362
A15: يافوز | B15: 45938 | C15: 0.33680556 | D15: 0.37361111 | E15: =((MIN(10,MAX(0,(MIN(D15,TIME(10,0,0))-MAX(C15,TIME(8,0,0)))*24)))) -> 0.88333333 | F15: =375000/235 -> 1595.7447 | G15: =F15*E15 -> 1409.5745
A16: يافوز | B16: 45939 | C16: 0.33333333 | D16: 0.36041667 | E16: =((MIN(10,MAX(0,(MIN(D16,TIME(10,0,0))-MAX(C16,TIME(8,0,0)))*24)))) -> 0.65 | F16: =375000/235 -> 1595.7447 | G16: =F16*E16 -> 1037.234

Sheet عرض 
A3: 2025/01/
A5: المصروفات | C5: الورادات
A6: الرواتب والسلف | B6: =IFERROR(__xludf.DUMMYFUNCTION("AI(""make this cell to calculate query for A3 month date and bring it from "")"),"=AI(""make this cell to calculate query for A3 month date and bring it from "")") -> =AI("make this cell to calculate query for A3 month date and bring it from ")
A7: المشتريات

Sheet مصروفات شهر يناير 2025
A1: TRUE | D1: 45659 | E1: 100000 | F1: علي الكهربائي | H1: راتب | L1: 100000
A2: TRUE | C2: صحيات | D2: 45659 | E2: 84000 | F2: المكتب | G2: 644 | H2: تكاليف تطوير | L2: 84000
A3: TRUE | D3: 45659 | E3: 82000 | F3: حسين مارس | H3: سلفة | L3: 82000
A4: TRUE | D4: 45659 | E4: 25000 | F4: علي عمار | H4: راتب | L4: 25000
A5: TRUE | D5: 45659 | E5: 25000 | F5: عبد الرضا عقيل | H5: راتب | L5: 25000
A6: TRUE | D6: 45659 | E6: 25000 | F6: حيدر الكهربائي | H6: راتب | L6: 25000
A7: TRUE | C7: طرقات ورصيد | D7: 45659 | E7: 15000 | F7: الورشة | H7: خدمات, رصيد | L7: 15000
A8: TRUE | C8: كهربائيات | D8: 45659 | E8: 15000 | F8: الورشة | H8: استهلاكيات الورشة | L8: 15000
A9: TRUE | C9: شراء كفوف وكمامات | D9: 45659 | E9: 10000 | F9: الورشة | H9: استهلاكيات الورشة | L9: 10000
A10: TRUE | D10: 45661 | E10: 630000 | F10: عبد الرضا عقيل | H10: راتب | L10: 630000
A11: TRUE | D11: 45661 | E11: 348000 | F11: حيدر الكهربائي | H11: راتب | L11: 348000
A12: TRUE | D12: 45661 | E12: 260000 | F12: يونس يعقوب | H12: الحوافز, راتب | L12: 260000
A13: TRUE | D13: 45661 | E13: 150000 | F13: اشرف الادقاني | H13: سلفة | L13: 150000 | M13: مراجعة
A14: TRUE | C14: شراء اقمشة | D14: 45661 | E14: 50000 | F14: الورشة | H14: المواد الخام | L14: 50000
A15: TRUE | C15: مكص قماش ومستلزمات تعليب | D15: 45661 | E15: 26000 | F15: الورشة | G15: 12224 | H15: عدة يدوية, المواد الخام | L15: 26000
A16: TRUE | D16: 45662 | E16: 477500 | F16: حيدر الصباغ | H16: راتب | L16: 477500
A17: TRUE | D17: 45662 | E17: 411000 | F17: عبدالله الصباغ | H17: راتب | L17: 411000
A18: TRUE | D18: 45662 | E18: 335000 | F18: علي الكهربائي | H18: راتب | L18: 335000
A19: TRUE | C19: شراء كهربائيات | D19: 45662 | E19: 30000 | F19: الورشة | H19: استهلاكيات الورشة | L19: 30000
A20: TRUE | C20: تسديد حساب قديم ( صفاء ) | D20: 45663 | E20: 745000 | F20: الورشة | G20: 32327 وصل قبض الورشة | H20: خشب MDF | L20: 745000
A21: TRUE | D21: 45663 | E21: 200000 | F21: يوسف يعقوب | H21: راتب | L21: 200000
A22: TRUE | C22: شراء معدات ولواصق | D22: 45663 | E22: 45000 | F22: الورشة | H22: لواصق, عدة يدوية | L22: 45000
A23: TRUE | C23: عدة حدادة يوسف | D23: 45663 | E23: 40000 | F23: الورشة | H23: عدة يدوية | L23: 40000
A24: FALSE | C24: شراء عدد يدوية + مواد للصحيات | D24: 45663 | E24: 40000 | F24: الورشة | H24: المواد الخام | L24: 40000
A25: TRUE | C25: نقليات (تكسي توصيل طلبيات) | D25: 45663 | E25: 11000 | F25: الورشة | H25: خدمات | L25: 11000
A26: TRUE | D26: 45663 | E26: 10000 | F26: عبد الرضا عقيل | H26: راتب | L26: 10000
A27: TRUE | D27: 45664 | E27: 857000 | F27: معتصم | H27: راتب | L27: 857000
A28: TRUE | C28: الابرار | D28: 45664 | E28: 192000 | F28: الورشة | G28: 3562 | H28: المواد الخام | L28: 192000
A29: TRUE | C29: صرفيات يوسف نثرية ( مواد تنظيف - عدة - بخاخات -....) | D29: 45664 | E29: 40000 | F29: الورشة | H29: استهلاكيات الورشة | L29: 40000
A30: TRUE | D30: 45664 | E30: 25000 | F30: علي عمار | H30: راتب | L30: 25000
A31: TRUE | D31: 45665 | E31: 200000 | F31: محمد السوري | H31: سلفة | L31: 200000
A32: TRUE | C32: عمود تل | D32: 45666 | E32: 180000 | F32: الورشة | G32: 31089 | H32: المواد الخام | L32: 180000
A33: TRUE | D33: 45666 | E33: 100000 | F33: وليد | H33: راتب | L33: 100000
A34: TRUE | D34: 45666 | E34: 100000 | F34: اشرف الادقاني | H34: سلفة | L34: 100000
A35: TRUE | C35: علي عبد الواحد حمود | D35: 45666 | E35: 77500 | F35: الورشة | G35: 943 | H35: لواصق | L35: 77500
A36: TRUE | C36: شركة الضيف | D36: 45666 | E36: 55000 | F36: الورشة | G36: 30053 | H36: المواد الخام | L36: 55000
A37: TRUE | C37: درة الخليج | D37: 45666 | E37: 43750 | F37: الورشة | G37: 1474 | H37: استهلاكيات الورشة | L37: 43750
A38: TRUE | C38: انشائيات | D38: 45666 | E38: 43000 | F38: محل الاخوين | G38: 244 | H38: استهلاكيات الورشة | L38: 43000
A39: TRUE | D39: 45666 | E39: 25000 | F39: وليد | G39: 121 | H39: نثرية | L39: 25000
A40: TRUE | D40: 45666 | E40: 20000 | F40: نقليات | H40: خدمات | L40: 20000
A41: TRUE | C41: شراء رصيد | D41: 45666 | E41: 10000 | F41: الورشة | H41: رصيد | L41: 10000
A42: TRUE | C42: شراء كفوف وكمامات | D42: 45666 | E42: 10000 | F42: الورشة | H42: استهلاكيات الورشة | L42: 10000
A43: TRUE | C43: شراء كاكات | D43: 45666 | E43: 10000 | F43: الورشة | H43: تكاليف تطوير | L43: 10000
A44: TRUE | C44: علي عبد الواحد حمود | D44: 45666 | E44: 8000 | F44: الورشة | G44: 121 | H44: لواصق | L44: 8000
A45: TRUE | C45: نفاضة | D45: 45666 | E45: 5000 | F45: الورشة | H45: استهلاكيات الورشة | L45: 5000
A46: TRUE | C46: وليد طرقات | D46: 45667 | E46: 26000 | F46: الورشة | H46: خدمات | L46: 26000
A47: TRUE | C47: طرقات اشرف | D47: 45667 | E47: 15000 | F47: الورشة | H47: خدمات | L47: 15000
A48: TRUE | D48: 45667 | E48: 10000 | F48: عبد الرضا عقيل | H48: راتب | L48: 10000
A49: TRUE | C49: رصيد | D49: 45667 | E49: 10000 | F49: الورشة | H49: رصيد | L49: 10000
A50: TRUE | C50: نقليات | D50: 45667 | E50: 5000 | F50: الورشة | H50: خدمات | L50: 5000
A51: TRUE | D51: 45668 | E51: 1097000 | F51: الابرار | G51: 3615 | H51: المواد الخام | L51: 1097000
A52: TRUE | D52: 45668 | E52: 260000 | F52: الخورة | G52: 31771 | H52: المواد الخام | L52: 260000
A53: FALSE | D53: 45669 | E53: 180000 | F53: علي الكهربائي | H53: راتب | L53: 180000
A54: TRUE | D54: 45669 | E54: 145000 | F54: علي عمار | H54: راتب | L54: 145000
A55: TRUE | C55: نقليات عبدالرضا | D55: 45669 | E55: 25000 | F55: الورشة | H55: خدمات | L55: 25000
A56: TRUE | D56: 45669 | E56: 15000 | F56: عبد الرضا عقيل | H56: راتب | L56: 15000
A57: TRUE | C57: مشتريات( مسامير + كهربائيات + نثرية) | D57: 45670 | E57: 250000 | F57: الورشة | H57: استهلاكيات الورشة, المواد الخام, عدة يدوية | L57: 250000
A58: TRUE | C58: الابرار | D58: 45670 | E58: 85000 | F58: الورشة | G58: 3662 | H58: المواد الخام | L58: 85000
A59: TRUE | C59: شراء اقمشة ومواد خام | D59: 45670 | E59: 75000 | F59: الورشة | H59: المواد الخام | L59: 75000
A60: TRUE | C60: نقل حسين للمدينة | D60: 45670 | E60: 40000 | F60: الورشة | H60: خدمات | L60: 40000
A61: TRUE | C61: الضيف | D61: 45670 | E61: 31500 | F61: الورشة | G61: 60186 | H61: المواد الخام | L61: 31500
A62: TRUE | D62: 45670 | E62: 15000 | F62: محمد السوري | H62: سلفة | L62: 15000
A63: TRUE | D63: 45670 | E63: 15000 | F63: حسين مارس | H63: سلفة | L63: 15000
A64: TRUE | C64: الابرار | D64: 45671 | E64: 57000 | F64: الورشة | G64: 3532 | H64: المواد الخام | L64: 57000
A65: TRUE | C65: شراء رصيد لهاتف الورشة + هاتف اشرف | D65: 45671 | E65: 30000 | F65: الورشة | H65: رصيد | L65: 30000
A66: TRUE | C66: نقليات + شراء مواد خام | D66: 45671 | E66: 25000 | F66: الورشة | H66: نثرية, المواد الخام | L66: 25000
A67: TRUE | C67: ابو حسن الفائق | D67: 45671 | E67: 15000 | F67: الورشة | G67: 18637 | H67: المواد الخام | L67: 15000
A68: TRUE | C68: اخشاب الماجد | D68: 45672 | E68: 155000 | F68: الورشة | G68: 1610 | H68: خشب MDF | L68: 155000
A69: TRUE | C69: اشتراك نت | D69: 45672 | E69: 65000 | F69: الورشة | H69: خدمات | L69: 65000
A70: TRUE | C70: خشب فايبر صاج | D70: 45672 | E70: 35000 | F70: الخورة | G70: 31870 | H70: عدة يدوية | L70: 35000
A71: TRUE | D71: 45672 | E71: 35000 | F71: حسين مارس | H71: سلفة | L71: 35000
A72: TRUE | D72: 45673 | E72: 90000 | F72: عبدالله الصباغ | H72: راتب | L72: 90000
A73: TRUE | C73: اقمشة وعدة حسين | D73: 45673 | E73: 75000 | F73: الورشة | H73: المواد الخام | L73: 75000
A74: TRUE | D74: 45673 | E74: 25000 | F74: محمد السوري | H74: سلفة | L74: 25000
A75: TRUE | C75: بنكو | D75: 45673 | E75: 15000 | F75: الورشة | H75: خدمات | L75: 15000
A76: TRUE | C76: الخورة | D76: 45674 | E76: 255000 | F76: الورشة | G76: 31894 | H76: عدة يدوية | L76: 255000
A77: FALSE | D77: 45674 | E77: 110000 | F77: صرفيات يوسف | G77: ؟؟؟؟ | H77: نثرية | L77: 110000
A78: TRUE | D78: 45674 | E78: 50000 | F78: وليد | H78: راتب | L78: 50000
A79: TRUE | D79: 45674 | E79: 12000 | F79: حسين مارس | H79: سلفة | L79: 12000
A80: TRUE | D80: 45675 | E80: 130000 | F80: علي عمار | H80: راتب | L80: 130000
A81: TRUE | D81: 45675 | E81: 50000 | F81: حيدر الصباغ | H81: راتب | L81: 50000
A82: TRUE | D82: 45675 | E82: 50000 | F82: محمد السوري | H82: سلفة | L82: 50000
A83: TRUE | C83: مصاريف | D83: 45675 | E83: 5000 | F83: الورشة | H83: نثرية | L83: 5000
A84: TRUE | C84: صرفيات ورشة 000-76 | D84: 45676 | E84: 270000 | F84: عبد الرضا عقيل | G84: 000-76 | H84: تكلفة طباعة , المواد الخام, خدمات | L84: 270000
A85: TRUE | C85: الضيف | D85: 45676 | E85: 102000 | F85: الورشة | G85: 30196 | H85: عدة يدوية | L85: 102000
A86: TRUE | C86: بنكو و باسكت | D86: 45676 | E86: 75000 | F86: الورشة | G86: 30196 | H86: خدمات | L86: 75000
A87: TRUE | D87: 45676 | E87: 55000 | F87: محمد السوري | H87: سلفة | L87: 55000
A88: TRUE | C88: واير | D88: 45676 | E88: 50000 | F88: الورشة | G88: 118547 | H88: المواد الخام | L88: 50000
A89: TRUE | C89: طرقات -عدة - صبغ | D89: 45676 | E89: 34000 | F89: الورشة | H89: الوان ودهانات | L89: 34000
A90: TRUE | C90: علي البديري | D90: 45676 | E90: 15000 | F90: الورشة | G90: 3401 | H90: المواد الخام | L90: 15000
A91: TRUE | C91: اصباغ احمر ازرق ابيض | D91: 45677 | E91: 134000 | F91: سيغما | G91: I-06212 | H91: الوان ودهانات | L91: 134000
A92: TRUE | C92: مطعم الموناليزا صرفيات | D92: 45677 | E92: 120000 | F92: الورشة | G92: 000-80 | H92: تسويق | L92: 120000
A93: TRUE | C93: مطعم المتحف صرفيات | D93: 45677 | E93: 110000 | F93: الورشة | H93: تسويق | L93: 110000
A94: TRUE | C94: الخورة | D94: 45677 | E94: 90000 | F94: الخورة | G94: 31971 | H94: عدة يدوية | L94: 90000
A95: TRUE | C95: سيغما | D95: 45677 | E95: 82000 | F95: الورشة | G95: i-06172 | H95: الوان ودهانات | L95: 82000
A96: TRUE | C96: طريق الى المدينة | D96: 45677 | E96: 75000 | F96: الورشة | H96: خدمات | L96: 75000
A97: TRUE | C97: النبع للحسابات الالكترونية | D97: 45677 | E97: 25000 | F97: الورشة | G97: 100-1 | H97: تكاليف تطوير | L97: 25000
A98: TRUE | D98: 45678 | E98: 140000 | F98: عبد الرضا عقيل | H98: راتب | L98: 140000
A99: TRUE | C99: الابرار | D99: 45678 | E99: 76000 | F99: الورشة | G99: 3812 | H99: المواد الخام | L99: 76000
A100: TRUE | D100: 45679 | E100: 100000 | F100: حسين مارس | H100: سلفة | L100: 100000
...

Sheet نسخة من الواردات
F1: =sum(F3:F2879) -> 241736000 | L1: =sum(L3:L2879) -> 234527000 | M1: =SUM(M3:M968) -> 842000 | N1: =sum(N3:N2879) -> 6367000 | O1: =F1-N1-L1-M1 -> 0 | P1: =SUM(P3:P863) -> 17671500 | X1: =L1-sum( 'المصروفات'!D1)-X2 -> -72960750 | Y1: النقص | Z1: ='المصروفات'!J1 -> 732000 | AA1: الديون
A2: تدقيق شمس البصرة | B2: دققت | C2: NO. | D2: تاريخ البند | E2: الحالة | F2: القيمة | G2: البند | H2: المندوب | I2: رقم الوصل | J2: اسم الزبون | K2: Column 22 | L2: المستلم | M2: الخصم | N2: الباقي | O2: تاريخ الاستلام | P2: كلفة المنتج | Q2: الربح | R2: نوع العمولة | S2: قيمة النسبة % | T2: العمولة | U2: الربح بعد اقتطاع العمولة | V2: الملاحظات | W2: طريقة الدفع | X2: 3584500 | Y2: القاصة الحالية | Z2: ='المصروفات'!D1 -> 303903250 | AA2: مجموع المصروفات
A3: FALSE | B3: TRUE | C3: 267 | D3: 45693 | E3: مستلم | F3: 8000 | G3: شريط مع كروت معايدة | H3: حسين | I3: 213 | J3: نرجس | L3: 8000 | M3: 0 | N3: 0 | O3: 45696 | P3: 10000 | Q3: =IF(OR(ISBLANK(F3),ISBLANK(P3)),"",F3-P3) -> -2000 | T3: =IF(R3="مبيعات", S3%*F3, IF(R3="ارباح", S3%*Q3, "")) | U3: =IF(OR(ISBLANK(Q3),ISBLANK(T3),T3=0),"",Q3-T3) -> -2000
A4: FALSE | B4: TRUE | C4: 268 | D4: 45693 | E4: مستلم | F4: 5000 | G4: شريط طبع | H4: حسين | I4: 212 | J4: زبون سوشيال | L4: 5000 | M4: 0 | N4: 0 | O4: 45696 | P4: 1000 | Q4: =IF(OR(ISBLANK(F4),ISBLANK(P4)),"",F4-P4) -> 4000 | T4: =IF(R4="مبيعات", S4%*F4, IF(R4="ارباح", S4%*Q4, "")) | U4: =IF(OR(ISBLANK(Q4),ISBLANK(T4),T4=0),"",Q4-T4) -> 4000
A5: FALSE | B5: TRUE | D5: 45695 | E5: مستلم | F5: 360000 | G5: قص سي ان سي شركة السراج | H5: الورشة | I5: 162 | J5: محمد مصمم | L5: 360000 | M5: 0 | N5: 0 | O5: 45696 | P5: 150000 | Q5: =IF(OR(ISBLANK(F5),ISBLANK(P5)),"",F5-P5) -> 210000 | T5: =IF(R5="مبيعات", S5%*F5, IF(R5="ارباح", S5%*Q5, "")) | U5: =IF(OR(ISBLANK(Q5),ISBLANK(T5),T5=0),"",Q5-T5) -> 210000
A6: FALSE | B6: TRUE | C6: AA32 | D6: 45696 | E6: مستلم | F6: 490000 | G6: مهدي الموسوي | H6: الورشة | I6: 163 | J6: زبون سوشيال | L6: 490000 | M6: 0 | N6: 0 | O6: 45696 | P6: 200000 | R6: مبيعات
A7: FALSE | B7: TRUE | C7: 251 | D7: 45691 | E7: مستلم | F7: 30000 | G7: مبخرة اكرلك جلد جوزي | H7: حسين | I7: 203 | J7: زبون سوشيال | L7: 30000 | M7: 0 | N7: 0 | O7: 45697 | P7: 15000 | Q7: =IF(OR(ISBLANK(F7),ISBLANK(P7)),"",F7-P7) -> 15000 | T7: =IF(R7="مبيعات", S7%*F7, IF(R7="ارباح", S7%*Q7, "")) | U7: =IF(OR(ISBLANK(Q7),ISBLANK(T7),T7=0),"",Q7-T7) -> 15000 | AA7: قيد الانشاء | AB7: ابيض
A8: FALSE | B8: TRUE | C8: 257 | D8: 45693 | E8: مستلم | F8: 150000 | G8: بوكس بدلة | H8: حسين | I8: 217 | J8: زبون سوشيال | L8: 150000 | M8: 0 | N8: 0 | O8: 45697 | Q8: =IF(OR(ISBLANK(F8),ISBLANK(P8)),"",F8-P8) | T8: =IF(R8="مبيعات", S8%*F8, IF(R8="ارباح", S8%*Q8, "")) | U8: =IF(OR(ISBLANK(Q8),ISBLANK(T8),T8=0),"",Q8-T8) -> 0
A9: FALSE | B9: TRUE | C9: 258 | D9: 45694 | E9: مستلم | F9: 25000 | G9: بورد فوم | H9: حسين | I9: 218 | J9: زبون سوشيال | L9: 25000 | M9: 0 | N9: 0 | O9: 45697 | Q9: =IF(OR(ISBLANK(F9),ISBLANK(P9)),"",F9-P9) | T9: =IF(R9="مبيعات", S9%*F9, IF(R9="ارباح", S9%*Q9, "")) | U9: =IF(OR(ISBLANK(Q9),ISBLANK(T9),T9=0),"",Q9-T9) -> 0 | AA9: ذ
A10: FALSE | B10: TRUE | C10: 291 | D10: 45697 | E10: مستلم | F10: 25000 | G10: احلرف كوشة | H10: حسين | I10: 231 | J10: زبون سوشيال | L10: 25000 | M10: 0 | N10: 0 | O10: 45697 | Q10: =IF(OR(ISBLANK(F10),ISBLANK(P10)),"",F10-P10) | T10: =IF(R10="مبيعات", S10%*F10, IF(R10="ارباح", S10%*Q10, "")) | U10: =IF(OR(ISBLANK(Q10),ISBLANK(T10),T10=0),"",Q10-T10) -> 0 | Z10: \
A11: FALSE | B11: TRUE | C11: 211 | D11: 45682 | E11: مستلم | F11: 15000 | G11: وثيقة تخرج | H11: حسين | I11: 000/26 | J11: زهراء | L11: 15000 | M11: 0 | N11: 0 | O11: 45698 | P11: 5000 | Q11: =IF(OR(ISBLANK(F11),ISBLANK(P11)),"",F11-P11) -> 10000 | R11: ارباح | S11: 0 | T11: =IF(R11="مبيعات", S11%*F11, IF(R11="ارباح", S11%*Q11, "")) -> 0 | U11: =IF(OR(ISBLANK(Q11),ISBLANK(T11),T11=0),"",Q11-T11) | V11: مكرر | AC11: `
A12: FALSE | B12: TRUE | C12: 224 | D12: 45684 | E12: دين | F12: 512000 | G12: تصميم وطباعة ستكرات | H12: سيف | I12: 154 | J12: ميكا تك | L12: 500000 | M12: 0 | N12: 12000 | O12: 45698 | P12: 310000 | Q12: =IF(OR(ISBLANK(F12),ISBLANK(P12)),"",F12-P12) -> 202000 | R12: ارباح | S12: 0 | T12: =IF(R12="مبيعات", S12%*F12, IF(R12="ارباح", S12%*Q12, "")) -> 0 | U12: =IF(OR(ISBLANK(Q12),ISBLANK(T12),T12=0),"",Q12-T12) | V12: دين
A13: FALSE | B13: TRUE | C13: 226 | D13: 45685 | E13: مستلم | F13: 50000 | G13: مبخرة | H13: حسين | I13: 000/39 | J13: زهراء | L13: 50000 | M13: 0 | N13: 0 | O13: 45698 | P13: 20000 | Q13: =IF(OR(ISBLANK(F13),ISBLANK(P13)),"",F13-P13) -> 30000 | R13: ارباح | S13: 0 | T13: =IF(R13="مبيعات", S13%*F13, IF(R13="ارباح", S13%*Q13, "")) -> 0 | U13: =IF(OR(ISBLANK(Q13),ISBLANK(T13),T13=0),"",Q13-T13) | V13: دين
A14: FALSE | B14: TRUE | C14: 231 | D14: 45691 | E14: مستلم | F14: 30000 | G14: مبخرة | H14: حسين | I14: 232 | J14: زهراء | L14: 30000 | M14: 0 | N14: 0 | O14: 45698 | P14: 15000 | Q14: =IF(OR(ISBLANK(F14),ISBLANK(P14)),"",F14-P14) -> 15000 | T14: =IF(R14="مبيعات", S14%*F14, IF(R14="ارباح", S14%*Q14, "")) | U14: =IF(OR(ISBLANK(Q14),ISBLANK(T14),T14=0),"",Q14-T14) -> 15000 | V14: دين
A15: FALSE | B15: TRUE | C15: A31 | D15: 45695 | E15: مستلم | F15: 500000 | G15: بروشات شهيد | H15: حسين | I15: 161 | J15: زبون سوشيال | L15: 500000 | M15: 0 | N15: 0 | O15: 45700 | Q15: =IF(OR(ISBLANK(F15),ISBLANK(P15)),"",F15-P15) | T15: =IF(R15="مبيعات", S15%*F15, IF(R15="ارباح", S15%*Q15, "")) | U15: =IF(OR(ISBLANK(Q15),ISBLANK(T15),T15=0),"",Q15-T15) -> 0
A16: FALSE | B16: TRUE | C16: 292 | D16: 45697 | E16: مستلم | F16: 8000 | G16: اكرلك شفاف | H16: رشيد | I16: 230 | J16: زبون سوشيال | L16: 8000 | M16: 0 | N16: 0 | O16: 45700 | P16: 4000 | Q16: =IF(OR(ISBLANK(F16),ISBLANK(P16)),"",F16-P16) -> 4000 | T16: =IF(R16="مبيعات", S16%*F16, IF(R16="ارباح", S16%*Q16, "")) | U16: =IF(OR(ISBLANK(Q16),ISBLANK(T16),T16=0),"",Q16-T16) -> 4000
A17: FALSE | B17: TRUE | C17: 305 | D17: 45698 | E17: مستلم | F17: 10000 | G17: اكرلك فضي لاصق | H17: رشيد | I17: 233 | J17: زبون سوشيال | L17: 10000 | M17: 0 | N17: 0 | O17: 45700 | P17: 5000 | T17: =IF(R17="مبيعات", S17%*F17, IF(R17="ارباح", S17%*Q17, "")) | U17: =IF(OR(ISBLANK(Q17),ISBLANK(T17),T17=0),"",Q17-T17)
A18: FALSE | B18: TRUE | C18: 307 | D18: 45698 | E18: مستلم | F18: 10000 | G18: اكرلك فضي لاصق | H18: رشيد | I18: 234 | J18: زبون سوشيال | L18: 10000 | M18: 0 | N18: 0 | O18: 45700 | P18: 5000 | Q18: =IF(OR(ISBLANK(F18),ISBLANK(P18)),"",F18-P18) -> 5000 | T18: =IF(R18="مبيعات", S18%*F18, IF(R18="ارباح", S18%*Q18, "")) | U18: =IF(OR(ISBLANK(Q18),ISBLANK(T18),T18=0),"",Q18-T18) -> 5000
A19: FALSE | B19: TRUE | C19: 318 | D19: 45699 | E19: مستلم | F19: 500000 | G19: كوشة | H19: حسين | I19: 243. | J19: كورتادو | L19: 500000 | M19: 0 | N19: 0 | O19: 45700 | P19: 200000 | Q19: =IF(OR(ISBLANK(F19),ISBLANK(P19)),"",F19-P19) -> 300000 | T19: =IF(R19="مبيعات", S19%*F19, IF(R19="ارباح", S19%*Q19, "")) | U19: =IF(OR(ISBLANK(Q19),ISBLANK(T19),T19=0),"",Q19-T19) -> 300000
A20: FALSE | B20: TRUE | C20: a32 | D20: 45700 | E20: مستلم | F20: 2800000 | G20: عيادة جانيت بخصوص اعلانات متفرقة | H20: الورشة | I20: 165 | J20: جانيت | L20: 2800000 | M20: 0 | N20: 0 | O20: 45700 | P20: 800000 | Q20: =IF(OR(ISBLANK(F20),ISBLANK(P20)),"",F20-P20) -> 2000000 | T20: =IF(R20="مبيعات", S20%*F20, IF(R20="ارباح", S20%*Q20, "")) | U20: =IF(OR(ISBLANK(Q20),ISBLANK(T20),T20=0),"",Q20-T20) -> 2000000
A21: FALSE | B21: TRUE | C21: 276 | D21: 45697 | E21: مستلم | F21: 35000 | G21: مبخرة | H21: حسين | I21: 223 | J21: زبون سوشيال | L21: 35000 | M21: 0 | N21: 0 | O21: 45701 | P21: 15000 | Q21: =IF(OR(ISBLANK(F21),ISBLANK(P21)),"",F21-P21) -> 20000 | T21: =IF(R21="مبيعات", S21%*F21, IF(R21="ارباح", S21%*Q21, "")) | U21: =IF(OR(ISBLANK(Q21),ISBLANK(T21),T21=0),"",Q21-T21) -> 20000 | X21: =(sum(P17:P3134)) -> 16941500 | Y21: اجمالي الكلفة: | AA21: معلق شمس البصرة
A22: FALSE | B22: TRUE | C22: 290 | D22: 45697 | E22: مستلم | F22: 70000 | G22: مبخرة علبة يخور | H22: حسين | I22: 237 | J22: زبون سوشيال | L22: 70000 | M22: 0 | N22: 0 | O22: 45701 | P22: 35000 | Q22: =IF(OR(ISBLANK(F22),ISBLANK(P22)),"",F22-P22) -> 35000 | T22: =IF(R22="مبيعات", S22%*F22, IF(R22="ارباح", S22%*Q22, "")) | U22: =IF(OR(ISBLANK(Q22),ISBLANK(T22),T22=0),"",Q22-T22) -> 35000 | X22: =(sum(T:T)) -> 227750 | Y22: العمولة: | AA22: كاش واصل دخل
A23: FALSE | B23: TRUE | C23: a33 | D23: 45700 | E23: مستلم | F23: 375000 | G23: علي اسطنبول / مطبعة جوهرة الجوادين | H23: الورشة | I23: 168 | J23: زبون سوشيال | L23: 375000 | M23: 0 | N23: 0 | O23: 45706 | P23: 150000 | Q23: =IF(OR(ISBLANK(F23),ISBLANK(P23)),"",F23-P23) -> 225000 | T23: =IF(R23="مبيعات", S23%*F23, IF(R23="ارباح", S23%*Q23, "")) | U23: =IF(OR(ISBLANK(Q23),ISBLANK(T23),T23=0),"",Q23-T23) -> 225000
A24: FALSE | B24: TRUE | C24: 319 | D24: 45701 | E24: مستلم | F24: 40000 | G24: صينية | H24: حسين | I24: 261 | J24: حنان | L24: 40000 | M24: 0 | N24: 0 | O24: 45706 | P24: 10000 | Q24: =IF(OR(ISBLANK(F24),ISBLANK(P24)),"",F24-P24) -> 30000 | T24: =IF(R24="مبيعات", S24%*F24, IF(R24="ارباح", S24%*Q24, "")) | U24: =IF(OR(ISBLANK(Q24),ISBLANK(T24),T24=0),"",Q24-T24) -> 30000
A25: FALSE | B25: TRUE | C25: 320 | D25: 45701 | E25: مستلم | F25: 50000 | G25: صينية | H25: حسين | I25: 261 | J25: حنان | L25: 50000 | M25: 0 | N25: 0 | O25: 45706 | P25: 15000 | Q25: =IF(OR(ISBLANK(F25),ISBLANK(P25)),"",F25-P25) -> 35000 | T25: =IF(R25="مبيعات", S25%*F25, IF(R25="ارباح", S25%*Q25, "")) | U25: =IF(OR(ISBLANK(Q25),ISBLANK(T25),T25=0),"",Q25-T25) -> 35000
A26: FALSE | B26: TRUE | C26: 330 | D26: 45701 | E26: مستلم | F26: 35000 | G26: بورد اكرلك | H26: حسين | I26: 261 | J26: حنان | L26: 35000 | M26: 0 | N26: 0 | O26: 45706 | P26: 10000 | Q26: =IF(OR(ISBLANK(F26),ISBLANK(P26)),"",F26-P26) -> 25000 | T26: =IF(R26="مبيعات", S26%*F26, IF(R26="ارباح", S26%*Q26, "")) | U26: =IF(OR(ISBLANK(Q26),ISBLANK(T26),T26=0),"",Q26-T26) -> 25000
A27: FALSE | B27: TRUE | C27: 321 | D27: 45702 | E27: مستلم | F27: 70000 | G27: علبة بخور وصينية | H27: حسين | I27: 261 | J27: حنان | L27: 70000 | M27: 0 | N27: 0 | O27: 45706 | P27: 35000 | Q27: =IF(OR(ISBLANK(F27),ISBLANK(P27)),"",F27-P27) -> 35000 | T27: =IF(R27="مبيعات", S27%*F27, IF(R27="ارباح", S27%*Q27, "")) | U27: =IF(OR(ISBLANK(Q27),ISBLANK(T27),T27=0),"",Q27-T27) -> 35000
A28: FALSE | B28: TRUE | C28: 322 | D28: 45702 | E28: مستلم | F28: 70000 | G28: صينية فوم | H28: حسين | I28: 261 | J28: حنان | L28: 70000 | M28: 0 | N28: 0 | O28: 45706 | P28: 35000 | Q28: =IF(OR(ISBLANK(F28),ISBLANK(P28)),"",F28-P28) -> 35000 | T28: =IF(R28="مبيعات", S28%*F28, IF(R28="ارباح", S28%*Q28, "")) | U28: =IF(OR(ISBLANK(Q28),ISBLANK(T28),T28=0),"",Q28-T28) -> 35000
A29: FALSE | B29: TRUE | C29: a35 | D29: 45706 | E29: مستلم | F29: 60000 | G29: بروشات | H29: الورشة | I29: 169 | J29: زبون سوشيال | L29: 60000 | M29: 0 | N29: 0 | O29: 45706 | P29: 30000 | Q29: =IF(OR(ISBLANK(F29),ISBLANK(P29)),"",F29-P29) -> 30000 | T29: =IF(R29="مبيعات", S29%*F29, IF(R29="ارباح", S29%*Q29, "")) | U29: =IF(OR(ISBLANK(Q29),ISBLANK(T29),T29=0),"",Q29-T29) -> 30000
A30: FALSE | B30: TRUE | C30: B-906 | D30: 45706 | E30: مستلم | F30: 510000 | G30: عبد الله جانيت | H30: الورشة | I30: 0/166 | J30: جانيت | L30: 510000 | M30: 0 | N30: 0 | O30: 45706 | P30: 50000 | Q30: =IF(OR(ISBLANK(F30),ISBLANK(P30)),"",F30-P30) -> 460000 | T30: =IF(R30="مبيعات", S30%*F30, IF(R30="ارباح", S30%*Q30, "")) | U30: =IF(OR(ISBLANK(Q30),ISBLANK(T30),T30=0),"",Q30-T30) -> 460000
A31: TRUE | B31: TRUE | C31: 228 | D31: 45686 | E31: مستلم | F31: 375000 | G31: 3 بوكسات ذهب | H31: حسين | I31: 939257 | J31: زبون سوشيال | L31: 375000 | M31: 0 | N31: 0 | O31: 45710 | P31: 75000 | Q31: =IF(OR(ISBLANK(F31),ISBLANK(P31)),"",F31-P31) -> 300000 | R31: ارباح | S31: 0 | T31: =IF(R31="مبيعات", S31%*F31, IF(R31="ارباح", S31%*Q31, "")) -> 0 | U31: =IF(OR(ISBLANK(Q31),ISBLANK(T31),T31=0),"",Q31-T31) | V31: مراجعة
A32: TRUE | B32: TRUE | C32: 247 | D32: 45690 | E32: مستلم | F32: 15000 | G32: شريط2 | H32: حسين | I32: 939253 | J32: زبون سوشيال | L32: 15000 | M32: 0 | N32: 0 | O32: 45710 | P32: 3000 | Q32: =IF(OR(ISBLANK(F32),ISBLANK(P32)),"",F32-P32) -> 12000 | T32: =IF(R32="مبيعات", S32%*F32, IF(R32="ارباح", S32%*Q32, "")) | U32: =IF(OR(ISBLANK(Q32),ISBLANK(T32),T32=0),"",Q32-T32) -> 12000 | V32: معلق
A33: TRUE | B33: TRUE | C33: 274 | D33: 45696 | E33: مستلم | F33: 75000 | G33: بوكس حلقات مع قاعدة | H33: حسين | I33: 939259 | J33: زبون سوشيال | L33: 75000 | M33: 0 | N33: 0 | O33: 45710 | P33: 30000 | Q33: =IF(OR(ISBLANK(F33),ISBLANK(P33)),"",F33-P33) -> 45000 | T33: =IF(R33="مبيعات", S33%*F33, IF(R33="ارباح", S33%*Q33, "")) | U33: =IF(OR(ISBLANK(Q33),ISBLANK(T33),T33=0),"",Q33-T33) -> 45000
A34: TRUE | B34: TRUE | C34: 278 | D34: 45696 | E34: مستلم | F34: 25000 | G34: طبع قماش | H34: حسين | I34: 939254 | J34: زبون سوشيال | L34: 25000 | M34: 0 | N34: 0 | O34: 45710 | Q34: 5000 | T34: =IF(R34="مبيعات", S34%*F34, IF(R34="ارباح", S34%*Q34, "")) | U34: =IF(OR(ISBLANK(Q34),ISBLANK(T34),T34=0),"",Q34-T34) -> 5000
A35: TRUE | B35: TRUE | C35: 297 | D35: 45697 | E35: مستلم | F35: 25000 | G35: ورق | H35: حسين | I35: 939255 | J35: زبون سوشيال | L35: 25000 | M35: 0 | N35: 0 | O35: 45710 | P35: 5000 | Q35: =IF(OR(ISBLANK(F35),ISBLANK(P35)),"",F35-P35) -> 20000 | T35: =IF(R35="مبيعات", S35%*F35, IF(R35="ارباح", S35%*Q35, "")) | U35: =IF(OR(ISBLANK(Q35),ISBLANK(T35),T35=0),"",Q35-T35) -> 20000
A36: TRUE | B36: TRUE | C36: 302 | D36: 45697 | E36: مستلم | F36: 250000 | G36: صينية مهر | H36: حسين | I36: 939258 | J36: زبون سوشيال | L36: 250000 | M36: 0 | N36: 0 | O36: 45710 | P36: 75000 | Q36: =IF(OR(ISBLANK(F36),ISBLANK(P36)),"",F36-P36) -> 175000 | T36: =IF(R36="مبيعات", S36%*F36, IF(R36="ارباح", S36%*Q36, "")) | U36: =IF(OR(ISBLANK(Q36),ISBLANK(T36),T36=0),"",Q36-T36) -> 175000
A37: FALSE | B37: TRUE | C37: a34 | D37: 45710 | E37: مستلم | F37: 120000 | G37: اعلام طبع | H37: الورشة | I37: 171 | J37: زبون سوشيال | L37: 120000 | M37: 0 | N37: 0 | O37: 45710 | Q37: =IF(OR(ISBLANK(F37),ISBLANK(P37)),"",F37-P37) | T37: =IF(R37="مبيعات", S37%*F37, IF(R37="ارباح", S37%*Q37, "")) | U37: =IF(OR(ISBLANK(Q37),ISBLANK(T37),T37=0),"",Q37-T37) -> 0
A38: FALSE | B38: FALSE | C38: 334 | D38: 45704 | E38: مستلم | F38: 100000 | G38: بطاقة دعوة | H38: حسين | I38: 278 | J38: زبون سوشيال | L38: 100000 | M38: 0 | N38: 0 | O38: 45716 | P38: 25000 | Q38: =IF(OR(ISBLANK(F38),ISBLANK(P38)),"",F38-P38) -> 75000 | T38: =IF(R38="مبيعات", S38%*F38, IF(R38="ارباح", S38%*Q38, "")) | U38: =IF(OR(ISBLANK(Q38),ISBLANK(T38),T38=0),"",Q38-T38) -> 75000
A39: FALSE | B39: FALSE | C39: 335 | D39: 45704 | E39: مستلم | F39: 360000 | G39: بروشات | H39: حسين | I39: 278 | J39: زبون سوشيال | L39: 360000 | M39: 0 | N39: 0 | O39: 45716 | P39: 230000 | Q39: =IF(OR(ISBLANK(F39),ISBLANK(P39)),"",F39-P39) -> 130000 | T39: =IF(R39="مبيعات", S39%*F39, IF(R39="ارباح", S39%*Q39, "")) | U39: =IF(OR(ISBLANK(Q39),ISBLANK(T39),T39=0),"",Q39-T39) -> 130000
A40: FALSE | B40: TRUE | C40: 377 | D40: 45713 | E40: مستلم | F40: 1000000 | G40: خلفية كورتادو | H40: حسين | I40: 268 | J40: زبون سوشيال | L40: 1000000 | M40: 0 | N40: 0 | O40: 45716 | P40: 400000 | Q40: =IF(OR(ISBLANK(F40),ISBLANK(P40)),"",F40-P40) -> 600000 | T40: =IF(R40="مبيعات", S40%*F40, IF(R40="ارباح", S40%*Q40, "")) | U40: =IF(OR(ISBLANK(Q40),ISBLANK(T40),T40=0),"",Q40-T40) -> 600000
A41: FALSE | B41: FALSE | C41: 386 | D41: 45713 | E41: مستلم | F41: 190000 | G41: بنت القاضي | H41: حسين | I41: 272 | J41: زبون سوشيال | L41: 190000 | M41: 0 | N41: 0 | O41: 45717 | P41: 60000 | Q41: =IF(OR(ISBLANK(F41),ISBLANK(P41)),"",F41-P41) -> 130000 | T41: =IF(R41="مبيعات", S41%*F41, IF(R41="ارباح", S41%*Q41, "")) | U41: =IF(OR(ISBLANK(Q41),ISBLANK(T41),T41=0),"",Q41-T41) -> 130000
A42: FALSE | B42: TRUE | C42: 527 | D42: 45733 | E42: مستلم | F42: 30000 | G42: هلال | H42: حسين | I42: 294 | J42: زبون سوشيال | L42: 30000 | M42: 0 | N42: 0 | O42: 45718 | Q42: =IF(OR(ISBLANK(F42),ISBLANK(P42)),"",F42-P42) | T42: =IF(R42="مبيعات", S42%*F42, IF(R42="ارباح", S42%*Q42, "")) | U42: =IF(OR(ISBLANK(Q42),ISBLANK(T42),T42=0),"",Q42-T42) -> 0
A43: FALSE | B43: FALSE | C43: 563 | D43: 45747 | E43: مستلم | F43: 60000 | G43: بوكس حلقات | H43: حسين | I43: 509 | J43: زبون | L43: 60000 | M43: 0 | N43: 0 | O43: 45719 | Q43: =IF(OR(ISBLANK(F43),ISBLANK(P43)),"",F43-P43) | T43: =IF(R43="مبيعات", S43%*F43, IF(R43="ارباح", S43%*Q43, "")) | U43: =IF(OR(ISBLANK(Q43),ISBLANK(T43),T43=0),"",Q43-T43) -> 0
A44: FALSE | B44: TRUE | C44: A23B | D44: 45693 | E44: مستلم | F44: 600000 | G44: بوتيك هافان | H44: الورشة | I44: 000/158 | J44: زبون سوشيال | L44: =F44-N44 -> 600000 | M44: 0 | N44: 0 | O44: 45723 | P44: 250000 | Q44: =IF(OR(ISBLANK(F44),ISBLANK(P44)),"",F44-P44) -> 350000 | T44: =IF(R44="مبيعات", S44%*F44, IF(R44="ارباح", S44%*Q44, "")) | U44: =IF(OR(ISBLANK(Q44),ISBLANK(T44),T44=0),"",Q44-T44) -> 350000
A45: FALSE | B45: TRUE | C45: A23 | D45: 45716 | E45: مستلم | F45: 600000 | G45: بوتيك هافان | H45: الورشة | I45: 185 | J45: زبون سوشيال | L45: 600000 | M45: 0 | N45: 0 | O45: 45723 | Q45: =IF(OR(ISBLANK(F45),ISBLANK(P45)),"",F45-P45) | T45: =IF(R45="مبيعات", S45%*F45, IF(R45="ارباح", S45%*Q45, "")) | U45: =IF(OR(ISBLANK(Q45),ISBLANK(T45),T45=0),"",Q45-T45) -> 0 | V45: تم استلام المبلغ المتبقي 450000 بتاريخ 7/3/2025 المبلغ الكامل 600000
A46: FALSE | B46: FALSE | C46: 308 | D46: 45721 | E46: مستلم | F46: 19000 | G46: هلال منضدي | H46: وليد | I46: 179 | J46: زبون | L46: 19000 | M46: 0 | N46: 0 | O46: 45723 | Q46: =IF(OR(ISBLANK(F46),ISBLANK(P46)),"",F46-P46) | T46: =IF(R46="مبيعات", S46%*F46, IF(R46="ارباح", S46%*Q46, "")) | U46: =IF(OR(ISBLANK(Q46),ISBLANK(T46),T46=0),"",Q46-T46) -> 0
A47: FALSE | B47: TRUE | C47: 415 | D47: 45660 | E47: مستلم | F47: 30000 | G47: تعاليق | H47: حسين | I47: 939288 | J47: زبون سوشيال | L47: 30000 | M47: 0 | N47: 0 | O47: 45724 | P47: 15000 | Q47: =IF(OR(ISBLANK(F47),ISBLANK(P47)),"",F47-P47) -> 15000 | T47: =IF(R47="مبيعات", S47%*F47, IF(R47="ارباح", S47%*Q47, "")) | U47: =IF(OR(ISBLANK(Q47),ISBLANK(T47),T47=0),"",Q47-T47) -> 15000
A48: FALSE | B48: TRUE | C48: 265 | D48: 45693 | E48: مستلم | F48: 50000 | G48: بورد بصمات | H48: حسين | I48: 939256 | J48: زبون سوشيال | L48: 50000 | M48: 0 | N48: 0 | O48: 45724 | P48: 15000 | Q48: =IF(OR(ISBLANK(F48),ISBLANK(P48)),"",F48-P48) -> 35000 | T48: =IF(R48="مبيعات", S48%*F48, IF(R48="ارباح", S48%*Q48, "")) | U48: =IF(OR(ISBLANK(Q48),ISBLANK(T48),T48=0),"",Q48-T48) -> 35000
A49: FALSE | B49: TRUE | C49: 266 | D49: 45693 | E49: مستلم | F49: 100000 | G49: مبخرة و علبية بخور | H49: حسين | I49: 939256 | J49: زبون سوشيال | L49: 100000 | M49: 0 | N49: 0 | O49: 45724 | P49: 30000 | Q49: =IF(OR(ISBLANK(F49),ISBLANK(P49)),"",F49-P49) -> 70000 | T49: =IF(R49="مبيعات", S49%*F49, IF(R49="ارباح", S49%*Q49, "")) | U49: =IF(OR(ISBLANK(Q49),ISBLANK(T49),T49=0),"",Q49-T49) -> 70000
A50: FALSE | B50: TRUE | C50: 279 | D50: 45696 | E50: مستلم | F50: 60000 | G50: مبخره | H50: حسين | I50: 939260 | J50: زبون سوشيال | L50: 60000 | M50: 0 | N50: 0 | O50: 45724 | P50: 15000 | Q50: =IF(OR(ISBLANK(F50),ISBLANK(P50)),"",F50-P50) -> 45000 | T50: =IF(R50="مبيعات", S50%*F50, IF(R50="ارباح", S50%*Q50, "")) | U50: =IF(OR(ISBLANK(Q50),ISBLANK(T50),T50=0),"",Q50-T50) -> 45000
A51: FALSE | B51: TRUE | C51: 280 | D51: 45696 | E51: مستلم | F51: 60000 | G51: علبة حلقات | H51: حسين | I51: 939260 | J51: زبون سوشيال | L51: 60000 | M51: 0 | N51: 0 | O51: 45724 | P51: 20000 | Q51: =IF(OR(ISBLANK(F51),ISBLANK(P51)),"",F51-P51) -> 40000 | T51: =IF(R51="مبيعات", S51%*F51, IF(R51="ارباح", S51%*Q51, "")) | U51: =IF(OR(ISBLANK(Q51),ISBLANK(T51),T51=0),"",Q51-T51) -> 40000
A52: FALSE | B52: TRUE | C52: 281 | D52: 45696 | E52: مستلم | F52: 125000 | G52: بوكس ذهب | H52: حسين | I52: 939260 | J52: زبون سوشيال | L52: 125000 | M52: 0 | N52: 0 | O52: 45724 | P52: 30000 | Q52: =IF(OR(ISBLANK(F52),ISBLANK(P52)),"",F52-P52) -> 95000 | T52: =IF(R52="مبيعات", S52%*F52, IF(R52="ارباح", S52%*Q52, "")) | U52: =IF(OR(ISBLANK(Q52),ISBLANK(T52),T52=0),"",Q52-T52) -> 95000
A53: FALSE | B53: TRUE | C53: 282 | D53: 45696 | E53: مستلم | F53: 150000 | G53: بوكس بدلة | H53: حسين | I53: 939260 | J53: زبون سوشيال | L53: 150000 | M53: 0 | N53: 0 | O53: 45724 | P53: 50000 | Q53: =IF(OR(ISBLANK(F53),ISBLANK(P53)),"",F53-P53) -> 100000 | T53: =IF(R53="مبيعات", S53%*F53, IF(R53="ارباح", S53%*Q53, "")) | U53: =IF(OR(ISBLANK(Q53),ISBLANK(T53),T53=0),"",Q53-T53) -> 100000
A54: FALSE | B54: TRUE | C54: 309 | D54: 45700 | E54: مستلم | F54: 150000 | G54: بوكس ذهب | H54: حسين | I54: 939269 | J54: زبون سوشيال | L54: 150000 | M54: 0 | N54: 0 | O54: 45724 | P54: 25000 | Q54: =IF(OR(ISBLANK(F54),ISBLANK(P54)),"",F54-P54) -> 125000 | T54: =IF(R54="مبيعات", S54%*F54, IF(R54="ارباح", S54%*Q54, "")) | U54: =IF(OR(ISBLANK(Q54),ISBLANK(T54),T54=0),"",Q54-T54) -> 125000
A55: FALSE | B55: TRUE | C55: 310 | D55: 45700 | E55: مستلم | F55: 75000 | G55: مبخرة علبة بخور | H55: حسين | I55: 939269 | J55: زبون سوشيال | L55: 75000 | M55: 0 | N55: 0 | O55: 45724 | P55: 25000 | Q55: =IF(OR(ISBLANK(F55),ISBLANK(P55)),"",F55-P55) -> 50000 | T55: =IF(R55="مبيعات", S55%*F55, IF(R55="ارباح", S55%*Q55, "")) | U55: =IF(OR(ISBLANK(Q55),ISBLANK(T55),T55=0),"",Q55-T55) -> 50000
A56: FALSE | B56: TRUE | C56: 311 | D56: 45700 | E56: مستلم | F56: 40000 | G56: بوكس حلقات | H56: حسين | I56: 939269 | J56: زبون سوشيال | L56: 40000 | M56: 0 | N56: 0 | O56: 45724 | P56: 20000 | Q56: =IF(OR(ISBLANK(F56),ISBLANK(P56)),"",F56-P56) -> 20000 | T56: =IF(R56="مبيعات", S56%*F56, IF(R56="ارباح", S56%*Q56, "")) | U56: =IF(OR(ISBLANK(Q56),ISBLANK(T56),T56=0),"",Q56-T56) -> 20000
A57: FALSE | B57: TRUE | C57: 345 | D57: 45707 | E57: مستلم | F57: 60000 | G57: بوكس حلقات | H57: حسين | I57: 939266 | J57: زبون سوشيال | L57: 60000 | M57: 0 | N57: 0 | O57: 45724 | P57: 20000 | Q57: =IF(OR(ISBLANK(F57),ISBLANK(P57)),"",F57-P57) -> 40000 | T57: =IF(R57="مبيعات", S57%*F57, IF(R57="ارباح", S57%*Q57, "")) | U57: =IF(OR(ISBLANK(Q57),ISBLANK(T57),T57=0),"",Q57-T57) -> 40000
A58: FALSE | B58: TRUE | C58: 346 | D58: 45707 | E58: مستلم | F58: 120000 | G58: بوكس حلقات | H58: حسين | I58: 939265 | J58: زبون سوشيال | L58: 120000 | M58: 0 | N58: 0 | O58: 45724 | P58: 40000 | Q58: =IF(OR(ISBLANK(F58),ISBLANK(P58)),"",F58-P58) -> 80000 | T58: =IF(R58="مبيعات", S58%*F58, IF(R58="ارباح", S58%*Q58, "")) | U58: =IF(OR(ISBLANK(Q58),ISBLANK(T58),T58=0),"",Q58-T58) -> 80000
... A60: FALSE | B60: TRUE | C60: 340 | D60: 45711 | E60: مستلم | F60: 45000 | G60: بورد بصمات | H60: حسين | I60: 939264 | J60: زبون سوشيال | L60: 45000 | M60: 0 | N60: 0 | O60: 45724 | P60: 15000 | Q60: =IF(OR(ISBLANK(F60),ISBLANK(P60)),"",F60-P60) -> 30000 | T60: =IF(R60="مبيعات", S60%*F60, IF(R60="ارباح", S60%*Q60, "")) | U60: =IF(OR(ISBLANK(Q60),ISBLANK(T60),T60=0),"",Q60-T60) -> 30000
A61: FALSE | B61: TRUE | C61: 341 | D61: 45711 | E61: مستلم الكتروني | F61: 350000 | G61: طاولة | H61: حسين | I61: 939267 | J61: حسين | L61: 350000 | M61: 0 | N61: 0 | O61: 45724 | P61: 100000 | Q61: =IF(OR(ISBLANK(F61),ISBLANK(P61)),"",F61-P61) -> 250000 | T61: =IF(R61="مبيعات", S61%*F61, IF(R61="ارباح", S61%*Q61, "")) | U61: =IF(OR(ISBLANK(Q61),ISBLANK(T61),T61=0),"",Q61-T61) -> 250000 | V61: التوصيل 20 الف الحساب زين كاش حسيبن
A62: FALSE | B62: TRUE | C62: 367 | D62: 45713 | E62: مستلم | F62: 175000 | G62: بوكس بدلة | H62: حسين | I62: 939275 | J62: زبون سوشيال | L62: 175000 | M62: 0 | N62: 0 | O62: 45724 | P62: 50000 | Q62: =IF(OR(ISBLANK(F62),ISBLANK(P62)),"",F62-P62) -> 125000 | T62: =IF(R62="مبيعات", S62%*F62, IF(R62="ارباح", S62%*Q62, "")) | U62: =IF(OR(ISBLANK(Q62),ISBLANK(T62),T62=0),"",Q62-T62) -> 125000
A63: FALSE | B63: TRUE | C63: 347 | D63: 45714 | E63: مستلم | F63: 220000 | G63: ركن رمضاني | H63: حسين | I63: 939273 | J63: زبون سوشيال | L63: 220000 | M63: 0 | N63: 0 | O63: 45724 | P63: 75000 | Q63: =IF(OR(ISBLANK(F63),ISBLANK(P63)),"",F63-P63) -> 145000 | T63: =IF(R63="مبيعات", S63%*F63, IF(R63="ارباح", S63%*Q63, "")) | U63: =IF(OR(ISBLANK(Q63),ISBLANK(T63),T63=0),"",Q63-T63) -> 145000
A64: FALSE | B64: TRUE | C64: 387 | D64: 45714 | E64: مستلم | F64: 20000 | G64: كلمة رمضان | H64: حسين | I64: 939277 | J64: زبون سوشيال | L64: 20000 | M64: 0 | N64: 0 | O64: 45724 | P64: 5000 | Q64: =IF(OR(ISBLANK(F64),ISBLANK(P64)),"",F64-P64) -> 15000 | T64: =IF(R64="مبيعات", S64%*F64, IF(R64="ارباح", S64%*Q64, "")) | U64: =IF(OR(ISBLANK(Q64),ISBLANK(T64),T64=0),"",Q64-T64) -> 15000
A65: FALSE | B65: TRUE | C65: 388 | D65: 45714 | E65: مستلم | F65: 10000 | G65: قماش طبع | H65: حسين | I65: 939282 | J65: زبون سوشيال | L65: 10000 | M65: 0 | N65: 0 | O65: 45724 | P65: 2000 | Q65: =IF(OR(ISBLANK(F65),ISBLANK(P65)),"",F65-P65) -> 8000 | T65: =IF(R65="مبيعات", S65%*F65, IF(R65="ارباح", S65%*Q65, "")) | U65: =IF(OR(ISBLANK(Q65),ISBLANK(T65),T65=0),"",Q65-T65) -> 8000
A66: FALSE | B66: TRUE | C66: 391 | D66: 45714 | E66: مستلم | F66: 20000 | G66: مبخرة | H66: حسين | I66: 939279 | J66: زبون سوشيال | L66: 20000 | M66: 0 | N66: 0 | O66: 45724 | P66: 10000 | Q66: =IF(OR(ISBLANK(F66),ISBLANK(P66)),"",F66-P66) -> 10000 | T66: =IF(R66="مبيعات", S66%*F66, IF(R66="ارباح", S66%*Q66, "")) | U66: =IF(OR(ISBLANK(Q66),ISBLANK(T66),T66=0),"",Q66-T66) -> 10000
A67: FALSE | B67: TRUE | C67: 396 | D67: 45714 | E67: مستلم | F67: 20000 | G67: مبخرة هلال | H67: حسين | I67: 939280 | J67: زبون سوشيال | L67: 20000 | M67: 0 | N67: 0 | O67: 45724 | P67: 10000 | Q67: =IF(OR(ISBLANK(F67),ISBLANK(P67)),"",F67-P67) -> 10000 | T67: =IF(R67="مبيعات", S67%*F67, IF(R67="ارباح", S67%*Q67, "")) | U67: =IF(OR(ISBLANK(Q67),ISBLANK(T67),T67=0),"",Q67-T67) -> 10000 | AM67: /
A68: FALSE | B68: TRUE | C68: 412 | D68: 45715 | E68: مستلم | F68: 175000 | G68: بوكس بدلة | H68: حسين | I68: 00/38 | J68: زبون سوشيال | L68: 175000 | M68: 0 | N68: 0 | O68: 45724 | P68: 50000 | Q68: =IF(OR(ISBLANK(F68),ISBLANK(P68)),"",F68-P68) -> 125000 | T68: =IF(R68="مبيعات", S68%*F68, IF(R68="ارباح", S68%*Q68, "")) | U68: =IF(OR(ISBLANK(Q68),ISBLANK(T68),T68=0),"",Q68-T68) -> 125000
A69: FALSE | B69: TRUE | C69: 404 | D69: 45716 | E69: مستلم | F69: 50000 | G69: مبخرة | H69: حسين | I69: 939290 | J69: زبون سوشيال | L69: 50000 | M69: 0 | N69: 0 | O69: 45724 | P69: 20000 | Q69: =IF(OR(ISBLANK(F69),ISBLANK(P69)),"",F69-P69) -> 30000 | T69: =IF(R69="مبيعات", S69%*F69, IF(R69="ارباح", S69%*Q69, "")) | U69: =IF(OR(ISBLANK(Q69),ISBLANK(T69),T69=0),"",Q69-T69) -> 30000
A70: FALSE | B70: TRUE | C70: 405 | D70: 45716 | E70: مستلم | F70: 10000 | G70: مبارك عليكم الشهر | H70: حسين | I70: 939278 | J70: زبون سوشيال | L70: 10000 | M70: 0 | N70: 0 | O70: 45724 | P70: 5000 | Q70: =IF(OR(ISBLANK(F70),ISBLANK(P70)),"",F70-P70) -> 5000 | T70: =IF(R70="مبيعات", S70%*F70, IF(R70="ارباح", S70%*Q70, "")) | U70: =IF(OR(ISBLANK(Q70),ISBLANK(T70),T70=0),"",Q70-T70) -> 5000
A71: FALSE | B71: TRUE | C71: 406 | D71: 45716 | E71: مستلم | F71: 25000 | G71: جوامع | H71: حسين | I71: 939278 | J71: زبون سوشيال | L71: 25000 | M71: 0 | N71: 0 | O71: 45724 | P71: 10000 | Q71: =IF(OR(ISBLANK(F71),ISBLANK(P71)),"",F71-P71) -> 15000 | T71: =IF(R71="مبيعات", S71%*F71, IF(R71="ارباح", S71%*Q71, "")) | U71: =IF(OR(ISBLANK(Q71),ISBLANK(T71),T71=0),"",Q71-T71) -> 15000
A72: FALSE | B72: TRUE | C72: 408 | D72: 45716 | E72: مستلم | F72: 25000 | G72: مبخرة | H72: حسين | I72: 939281 | J72: زبون سوشيال | L72: 25000 | M72: 0 | N72: 0 | O72: 45724 | P72: 10000 | Q72: =IF(OR(ISBLANK(F72),ISBLANK(P72)),"",F72-P72) -> 15000 | T72: =IF(R72="مبيعات", S72%*F72, IF(R72="ارباح", S72%*Q72, "")) | U72: =IF(OR(ISBLANK(Q72),ISBLANK(T72),T72=0),"",Q72-T72) -> 15000
A73: FALSE | B73: TRUE | C73: 413 | D73: 45716 | E73: مستلم | F73: 30000 | G73: هلال | H73: حسين | I73: 939287 | J73: زبون سوشيال | L73: 30000 | M73: 0 | N73: 0 | O73: 45724 | P73: 15000 | Q73: =IF(OR(ISBLANK(F73),ISBLANK(P73)),"",F73-P73) -> 15000 | T73: =IF(R73="مبيعات", S73%*F73, IF(R73="ارباح", S73%*Q73, "")) | U73: =IF(OR(ISBLANK(Q73),ISBLANK(T73),T73=0),"",Q73-T73) -> 15000
A74: FALSE | B74: TRUE | C74: 414 | D74: 45716 | E74: مستلم | F74: 25000 | G74: مبخرة | H74: حسين | I74: 939287 | J74: زبون سوشيال | L74: 25000 | M74: 0 | N74: 0 | O74: 45724 | P74: 10000 | Q74: =IF(OR(ISBLANK(F74),ISBLANK(P74)),"",F74-P74) -> 15000 | T74: =IF(R74="مبيعات", S74%*F74, IF(R74="ارباح", S74%*Q74, "")) | U74: =IF(OR(ISBLANK(Q74),ISBLANK(T74),T74=0),"",Q74-T74) -> 15000
A75: FALSE | B75: TRUE | C75: 417 | D75: 45716 | E75: مستلم | F75: 25000 | G75: صينية | H75: حسين | I75: 939286 | J75: زبون سوشيال | L75: 25000 | M75: 0 | N75: 0 | O75: 45724 | P75: 15000 | Q75: =IF(OR(ISBLANK(F75),ISBLANK(P75)),"",F75-P75) -> 10000 | T75: =IF(R75="مبيعات", S75%*F75, IF(R75="ارباح", S75%*Q75, "")) | U75: =IF(OR(ISBLANK(Q75),ISBLANK(T75),T75=0),"",Q75-T75) -> 10000
A76: FALSE | B76: TRUE | C76: 418 | D76: 45716 | E76: مستلم | F76: 25000 | G76: مبخرة | H76: حسين | I76: 939286 | J76: زبون سوشيال | L76: 25000 | M76: 0 | N76: 0 | O76: 45724 | P76: 15000 | Q76: =IF(OR(ISBLANK(F76),ISBLANK(P76)),"",F76-P76) -> 10000 | T76: =IF(R76="مبيعات", S76%*F76, IF(R76="ارباح", S76%*Q76, "")) | U76: =IF(OR(ISBLANK(Q76),ISBLANK(T76),T76=0),"",Q76-T76) -> 10000
A77: FALSE | B77: FALSE | C77: 419 | D77: 45716 | E77: مستلم | F77: 25000 | G77: مبخرة | H77: حسين | I77: 939285 | J77: زبون سوشيال | L77: 25000 | M77: 0 | N77: 0 | O77: 45724 | P77: 15000 | Q77: =IF(OR(ISBLANK(F77),ISBLANK(P77)),"",F77-P77) -> 10000 | T77: =IF(R77="مبيعات", S77%*F77, IF(R77="ارباح", S77%*Q77, "")) | U77: =IF(OR(ISBLANK(Q77),ISBLANK(T77),T77=0),"",Q77-T77) -> 10000
A78: FALSE | B78: TRUE | C78: 427 | D78: 45717 | E78: مستلم | F78: 30000 | G78: هلال | H78: حسين | I78: 939284 | J78: زبون سوشيال | L78: 30000 | M78: 0 | N78: 0 | O78: 45724 | P78: 15000 | Q78: =IF(OR(ISBLANK(F78),ISBLANK(P78)),"",F78-P78) -> 15000 | T78: =IF(R78="مبيعات", S78%*F78, IF(R78="ارباح", S78%*Q78, "")) | U78: =IF(OR(ISBLANK(Q78),ISBLANK(T78),T78=0),"",Q78-T78) -> 15000
A79: FALSE | B79: TRUE | C79: 428 | D79: 45717 | E79: مستلم | F79: 30000 | G79: هلال | H79: حسين | I79: 939283 | J79: زبون سوشيال | L79: 30000 | M79: 0 | N79: 0 | O79: 45724 | P79: 15000 | Q79: =IF(OR(ISBLANK(F79),ISBLANK(P79)),"",F79-P79) -> 15000 | T79: =IF(R79="مبيعات", S79%*F79, IF(R79="ارباح", S79%*Q79, "")) | U79: =IF(OR(ISBLANK(Q79),ISBLANK(T79),T79=0),"",Q79-T79) -> 15000
A80: FALSE | B80: TRUE | C80: 429 | D80: 45717 | E80: مستلم | F80: 25000 | G80: مبخرة | H80: حسين | I80: 939283 | J80: زبون سوشيال | L80: 25000 | M80: 0 | N80: 0 | O80: 45724 | P80: 15000 | Q80: =IF(OR(ISBLANK(F80),ISBLANK(P80)),"",F80-P80) -> 10000 | T80: =IF(R80="مبيعات", S80%*F80, IF(R80="ارباح", S80%*Q80, "")) | U80: =IF(OR(ISBLANK(Q80),ISBLANK(T80),T80=0),"",Q80-T80) -> 10000
A81: FALSE | B81: TRUE | C81: 431 | D81: 45717 | E81: مستلم | F81: 30000 | G81: هلال | H81: حسين | I81: 939289 | J81: زبون سوشيال | L81: 30000 | M81: 0 | N81: 0 | O81: 45724 | P81: 15000 | Q81: =IF(OR(ISBLANK(F81),ISBLANK(P81)),"",F81-P81) -> 15000 | T81: =IF(R81="مبيعات", S81%*F81, IF(R81="ارباح", S81%*Q81, "")) | U81: =IF(OR(ISBLANK(Q81),ISBLANK(T81),T81=0),"",Q81-T81) -> 15000
A82: FALSE | B82: FALSE | D82: 45723 | E82: مستلم | F82: 50000 | G82: علي الكناني مطبوعات ورقية | H82: سيف | I82: 623 | J82: علي الكناني | L82: 50000 | M82: 0 | N82: 0 | O82: 45724 | Q82: =IF(OR(ISBLANK(F82),ISBLANK(P82)),"",F82-P82) | T82: =IF(R82="مبيعات", S82%*F82, IF(R82="ارباح", S82%*Q82, "")) | U82: =IF(OR(ISBLANK(Q82),ISBLANK(T82),T82=0),"",Q82-T82) -> 0
A83: FALSE | B83: FALSE | D83: 45724 | E83: مستلم | F83: 14850000 | G83: عربون تنفيذ خلفيات اعراس مع كونر ضيافة | H83: حسين | L83: 14850000 | M83: 0 | N83: 0 | O83: 45724 | Q83: =IF(OR(ISBLANK(F83),ISBLANK(P83)),"",F83-P83) | T83: =IF(R83="مبيعات", S83%*F83, IF(R83="ارباح", S83%*Q83, "")) | U83: =IF(OR(ISBLANK(Q83),ISBLANK(T83),T83=0),"",Q83-T83) -> 0 | V83: تم تسديد 5 ملايين بتاريخ 8 / 3 2025 دفعة اولية + 5 ملاين بتاريخ 24 /3 /2025 + تم تسديد 4.850.000 بتاريخ19/4/2025 باقي الحساب و خصم 150.000 مواد مسحوبة من القاعة للعمل
A84: FALSE | B84: FALSE | D84: 45714 | E84: جزئي | F84: 300000 | G84: حساب راجع من عربون شاشات ليان | H84: عبد الرضا | J84: ريتاج توب | L84: 300000 | M84: 0 | N84: 0 | O84: 45726 | Q84: =IF(OR(ISBLANK(F84),ISBLANK(P84)),"",F84-P84) | T84: =IF(R84="مبيعات", S84%*F84, IF(R84="ارباح", S84%*Q84, "")) | U84: =IF(OR(ISBLANK(Q84),ISBLANK(T84),T84=0),"",Q84-T84) -> 0
A85: FALSE | B85: FALSE | C85: A40 | D85: 45724 | E85: مستلم | F85: 1475000 | G85: ديكور رمضاني + لوكو فوم اكرلك + اعلان | H85: عبد الرضا | I85: 277 | J85: ريتاج توب | L85: 1475000 | M85: 0 | N85: 0 | O85: 45726 | P85: 405000 | Q85: =IF(OR(ISBLANK(F85),ISBLANK(P85)),"",F85-P85) -> 1070000 | T85: =IF(R85="مبيعات", S85%*F85, IF(R85="ارباح", S85%*Q85, "")) | U85: =IF(OR(ISBLANK(Q85),ISBLANK(T85),T85=0),"",Q85-T85) -> 1070000
A86: FALSE | B86: FALSE | C86: 495 | D86: 45727 | E86: مستلم | F86: 500000 | G86: كوشة | H86: حسين | J86: حنان | L86: 500000 | M86: 0 | N86: 0 | O86: 45727 | P86: 175000 | Q86: =IF(OR(ISBLANK(F86),ISBLANK(P86)),"",F86-P86) -> 325000 | T86: =IF(R86="مبيعات", S86%*F86, IF(R86="ارباح", S86%*Q86, "")) | U86: =IF(OR(ISBLANK(Q86),ISBLANK(T86),T86=0),"",Q86-T86) -> 325000
A87: FALSE | B87: FALSE | D87: 45727 | E87: مستلم | F87: 30000 | G87: اجرة نقل الكوشه | H87: الورشة | J87: زبون سوشيال | L87: 30000 | M87: 0 | N87: 0 | O87: 45727 | Q87: =IF(OR(ISBLANK(F87),ISBLANK(P87)),"",F87-P87) | T87: =IF(R87="مبيعات", S87%*F87, IF(R87="ارباح", S87%*Q87, "")) | U87: =IF(OR(ISBLANK(Q87),ISBLANK(T87),T87=0),"",Q87-T87) -> 0
A88: FALSE | B88: TRUE | C88: 456 | D88: 45725 | E88: مستلم | F88: 100000 | G88: مجسم | H88: حسين | I88: 283 | J88: زبون سوشيال | L88: 100000 | M88: 0 | N88: 0 | O88: 45728 | P88: 50000 | Q88: =IF(OR(ISBLANK(F88),ISBLANK(P88)),"",F88-P88) -> 50000 | T88: =IF(R88="مبيعات", S88%*F88, IF(R88="ارباح", S88%*Q88, "")) | U88: =IF(OR(ISBLANK(Q88),ISBLANK(T88),T88=0),"",Q88-T88) -> 50000
A89: FALSE | B89: TRUE | C89: 455 | D89: 45728 | E89: مستلم | F89: 185000 | G89: هلال + فانوس | H89: حسين | I89: 283 | J89: زبون سوشيال | L89: 185000 | M89: 0 | N89: 0 | O89: 45728 | P89: 75000 | Q89: =IF(OR(ISBLANK(F89),ISBLANK(P89)),"",F89-P89) -> 110000 | T89: =IF(R89="مبيعات", S89%*F89, IF(R89="ارباح", S89%*Q89, "")) | U89: =IF(OR(ISBLANK(Q89),ISBLANK(T89),T89=0),"",Q89-T89) -> 110000
A90: FALSE | B90: TRUE | C90: 496 | D90: 45728 | E90: مستلم | F90: 20000 | G90: قماش طبع | H90: حسين | I90: 291 | J90: زبون سوشيال | L90: 20000 | M90: 0 | N90: 0 | O90: 45728 | P90: 2000 | Q90: =IF(OR(ISBLANK(F90),ISBLANK(P90)),"",F90-P90) -> 18000 | T90: =IF(R90="مبيعات", S90%*F90, IF(R90="ارباح", S90%*Q90, "")) | U90: =IF(OR(ISBLANK(Q90),ISBLANK(T90),T90=0),"",Q90-T90) -> 18000
A91: FALSE | B91: FALSE | C91: 436 | D91: 45722 | E91: مستلم | F91: 500000 | G91: دانة برايد | H91: حسين | J91: زبون سوشيال | L91: 500000 | M91: 0 | N91: 0 | O91: 45729 | P91: 250000 | Q91: =IF(OR(ISBLANK(F91),ISBLANK(P91)),"",F91-P91) -> 250000 | T91: =IF(R91="مبيعات", S91%*F91, IF(R91="ارباح", S91%*Q91, "")) | U91: =IF(OR(ISBLANK(Q91),ISBLANK(T91),T91=0),"",Q91-T91) -> 250000
A92: FALSE | B92: FALSE | C92: 494 | D92: 45727 | E92: مستلم | F92: 125000 | G92: بورد فوم | H92: حسين | I92: 118 | J92: بنت القاضي | L92: 125000 | M92: 0 | N92: 0 | O92: 45731 | P92: 40000 | Q92: =IF(OR(ISBLANK(F92),ISBLANK(P92)),"",F92-P92) -> 85000 | T92: =IF(R92="مبيعات", S92%*F92, IF(R92="ارباح", S92%*Q92, "")) | U92: =IF(OR(ISBLANK(Q92),ISBLANK(T92),T92=0),"",Q92-T92) -> 85000
A93: FALSE | B93: FALSE | C93: 500a | D93: 45727 | E93: مستلم | F93: 15000 | G93: بوكس مهر | H93: الورشة | J93: لمسه | L93: 15000 | M93: 0 | N93: 0 | O93: 45731 | P93: 5000 | Q93: =IF(OR(ISBLANK(F93),ISBLANK(P93)),"",F93-P93) -> 10000 | T93: =IF(R93="مبيعات", S93%*F93, IF(R93="ارباح", S93%*Q93, "")) | U93: =IF(OR(ISBLANK(Q93),ISBLANK(T93),T93=0),"",Q93-T93) -> 10000
A94: FALSE | B94: FALSE | C94: 507a | D94: 45730 | E94: مستلم | F94: 40000 | G94: حوض اكرلك | H94: حسين | I94: 00/41 | J94: لمسه | L94: 40000 | M94: 0 | N94: 0 | O94: 45731 | P94: 20000 | Q94: =IF(OR(ISBLANK(F94),ISBLANK(P94)),"",F94-P94) -> 20000 | T94: =IF(R94="مبيعات", S94%*F94, IF(R94="ارباح", S94%*Q94, "")) | U94: =IF(OR(ISBLANK(Q94),ISBLANK(T94),T94=0),"",Q94-T94) -> 20000
A95: FALSE | B95: TRUE | C95: 520 | D95: 45734 | E95: مستلم | F95: 20000 | G95: توزيعات | H95: حسين | I95: 00/44 | J95: حنان | L95: 20000 | M95: 0 | N95: 0 | O95: 45731 | Q95: =IF(OR(ISBLANK(F95),ISBLANK(P95)),"",F95-P95) | T95: =IF(R95="مبيعات", S95%*F95, IF(R95="ارباح", S95%*Q95, "")) | U95: =IF(OR(ISBLANK(Q95),ISBLANK(T95),T95=0),"",Q95-T95) -> 0
A96: FALSE | B96: TRUE | C96: 139 | D96: 45666 | E96: مستلم | F96: 245000 | G96: بوكس قران | H96: حسين | I96: 784650 | J96: زبون سوشيال | L96: 245000 | M96: 0 | N96: 0 | O96: 45733 | P96: 50000 | Q96: =IF(OR(ISBLANK(F96),ISBLANK(P96)),"",F96-P96) -> 195000 | R96: ارباح | S96: 0 | T96: =IF(R96="مبيعات", S96%*F96, IF(R96="ارباح", S96%*Q96, "")) -> 0 | U96: =IF(OR(ISBLANK(Q96),ISBLANK(T96),T96=0),"",Q96-T96) | V96: معلق | W96: شمس البصرة
A97: FALSE | B97: TRUE | C97: 150 | D97: 45668 | E97: مستلم | F97: 30000 | G97: مبخره | H97: حسين | I97: 784649 | J97: برايد ستور | L97: 30000 | M97: 0 | N97: 0 | O97: 45733 | P97: 15000 | Q97: 15000 | R97: ارباح | S97: 0 | T97: =IF(R97="مبيعات", S97%*F97, IF(R97="ارباح", S97%*Q97, "")) -> 0 | U97: =IF(OR(ISBLANK(Q97),ISBLANK(T97),T97=0),"",Q97-T97) | V97: معلق | W97: شمس البصرة
A98: FALSE | B98: FALSE | C98: 378 | D98: 45713 | E98: مستلم | F98: 45000 | G98: مقدمة | H98: حسين | I98: 939298 | J98: زبون سوشيال | L98: 45000 | M98: 0 | N98: 0 | O98: 45733 | P98: 20000 | Q98: =IF(OR(ISBLANK(F98),ISBLANK(P98)),"",F98-P98) -> 25000 | T98: =IF(R98="مبيعات", S98%*F98, IF(R98="ارباح", S98%*Q98, "")) | U98: =IF(OR(ISBLANK(Q98),ISBLANK(T98),T98=0),"",Q98-T98) -> 25000
A99: FALSE | B99: TRUE | C99: 392 | D99: 45714 | E99: مستلم | F99: 25000 | G99: مبخرة هلال | H99: حسين | I99: 939291 | J99: زبون سوشيال | L99: 25000 | M99: 0 | N99: 0 | O99: 45733 | P99: 10000 | Q99: =IF(OR(ISBLANK(F99),ISBLANK(P99)),"",F99-P99) -> 15000 | T99: =IF(R99="مبيعات", S99%*F99, IF(R99="ارباح", S99%*Q99, "")) | U99: =IF(OR(ISBLANK(Q99),ISBLANK(T99),T99=0),"",Q99-T99) -> 15000
A100: FALSE | B100: TRUE | C100: 393 | D100: 45714 | E100: مستلم | F100: 30000 | G100: صينية | H100: حسين | I100: 939291 | J100: زبون سوشيال | L100: 30000 | M100: 0 | N100: 0 | O100: 45733 | P100: 10000 | Q100: =IF(OR(ISBLANK(F100),ISBLANK(P100)),"",F100-P100) -> 20000 | T100: =IF(R100="مبيعات", S100%*F100, IF(R100="ارباح", S100%*Q100, "")) | U100: =IF(OR(ISBLANK(Q100),ISBLANK(T100),T100=0),"",Q100-T100) -> 20000
A101: FALSE | B101: TRUE | C101: 394 | D101: 45714 | E101: مستلم | F101: 175000 | G101: ديكور رمضاني | H101: حسين | I101: 939291 | J101: زبون سوشيال | L101: 175000 | M101: 0 | N101: 0 | O101: 45733 | P101: 75000 | Q101: =IF(OR(ISBLANK(F101),ISBLANK(P101)),"",F101-P101) -> 100000 | T101: =IF(R101="مبيعات", S101%*F101, IF(R101="ارباح", S101%*Q101, "")) | U101: =IF(OR(ISBLANK(Q101),ISBLANK(T101),T101=0),"",Q101-T101) -> 100000
...

Sheet الواردات
B1: 42750 | C1: =sum(C3:C957) -> 304031000 | D1: القاصة الحالية | E1: =C1-sum( 'المصروفات'!D1)-B1 -> 85000 | F1: النقص | I1: =J1-L1-C1-K1 -> 0 | J1: =sum(J3:J957) -> 311915000 | K1: =SUM(K3:K957) -> 979000 | L1: =sum(L3:L957) -> 6905000 | M1: =C1-sum( 'المصروفات'!D1)-M2 -> 0 | N1: النقص | O1: ='المصروفات'!J1 -> 707000 | P1: الديون | R1: =SUM(R3:R930) -> 17671500
A2: NO. | B2: تاريخ البند | C2: المستلم | D2: المندوب | E2: البند | F2: رقم الوصل | G2: الحالة | H2: اسم الزبون | I2: تاريخ الاستلام | J2: القيمة | K2: الخصم | L2: الباقي | M2: 127750 | N2: القاصة الحالية | O2: ='المصروفات'!D1 -> 303903250 | P2: مجموع المصروفات | Q2: Column 22 | R2: كلفة المنتج | S2: الربح | T2: نوع العمولة | U2: قيمة النسبة % | V2: العمولة | W2: الربح بعد اقتطاع العمولة | X2: الملاحظات | Y2: طريقة الدفع
A3: 113 | B3: 45658 | C3: 120000 | D3: حسين | E3: بوكس حلقات | F3: wx1 | G3: مستلم | H3: زبون | I3: 45658 | J3: 120000 | K3: 0 | L3: =IFERROR(J3-K3-C3,0) -> 0 | S3: =IF(OR(ISBLANK(J3),ISBLANK(R3)),"",J3-R3) | V3: =IF(T3="مبيعات", U3%*J3, IF(T3="ارباح", U3%*S3, "")) | W3: =IF(OR(ISBLANK(S3),ISBLANK(V3),V3=0),"",S3-V3) -> 0
A4: 111 | B4: 45658 | C4: 35000 | D4: حسين | E4: بورد بصمات | F4: wx2 | G4: مستلم | H4: زبون | I4: 45658 | J4: 35000 | K4: 0 | L4: =IFERROR(J4-K4-C4,0) -> 0 | S4: =IF(OR(ISBLANK(J4),ISBLANK(R4)),"",J4-R4) | V4: =IF(T4="مبيعات", U4%*J4, IF(T4="ارباح", U4%*S4, "")) | W4: =IF(OR(ISBLANK(S4),ISBLANK(V4),V4=0),"",S4-V4) -> 0
A5: 206a | B5: 45658 | C5: 62000 | D5: حسين | E5: لوح فوم | F5: wx3 | G5: مستلم | H5: زبون | I5: 45658 | J5: 62000 | K5: 0 | L5: =IFERROR(J5-K5-C5,0) -> 0 | R5: 25000 | S5: =IF(OR(ISBLANK(J5),ISBLANK(R5)),"",J5-R5) -> 37000 | T5: ارباح | U5: 0 | V5: =IF(T5="مبيعات", U5%*J5, IF(T5="ارباح", U5%*S5, "")) -> 0 | W5: =IF(OR(ISBLANK(S5),ISBLANK(V5),V5=0),"",S5-V5) | X5: مراجعة
A6: 114 | B6: 45658 | C6: 45000 | D6: حسين | E6: بوكس فوم عدد2 | F6: 000/42 | G6: مستلم | H6: زبون | I6: 45658 | J6: 45000 | K6: 0 | L6: =IFERROR(J6-K6-C6,0) -> 0 | R6: 10000 | S6: =IF(OR(ISBLANK(J6),ISBLANK(R6)),"",J6-R6) -> 35000 | T6: ارباح | U6: 0 | V6: =IF(T6="مبيعات", U6%*J6, IF(T6="ارباح", U6%*S6, "")) -> 0 | W6: =IF(OR(ISBLANK(S6),ISBLANK(V6),V6=0),"",S6-V6) | X6: مراجعة
A7: 115 | B7: 45658 | C7: 5000 | D7: حسين | E7: شريط مسكة | F7: wx4 | G7: مستلم | H7: زبون | I7: 45658 | J7: 5000 | K7: 0 | L7: =IFERROR(J7-K7-C7,0) -> 0 | R7: 30000 | S7: =IF(OR(ISBLANK(J7),ISBLANK(R7)),"",J7-R7) -> -25000 | V7: =IF(T7="مبيعات", U7%*J7, IF(T7="ارباح", U7%*S7, "")) | W7: =IF(OR(ISBLANK(S7),ISBLANK(V7),V7=0),"",S7-V7) -> -25000 | X7: مراجعة
B8: 45658 | C8: 1864500 | D8: المالك | E8: رصيد ابتدائي | F8: wx5 | G8: مستلم | H8: زبون | I8: 45658 | J8: 1864500 | K8: 0 | L8: =IFERROR(J8-K8-C8,0) -> 0 | R8: 15000 | S8: =IF(OR(ISBLANK(J8),ISBLANK(R8)),"",J8-R8) -> 1849500 | T8: ارباح | U8: 0 | V8: =IF(T8="مبيعات", U8%*J8, IF(T8="ارباح", U8%*S8, "")) -> 0 | W8: =IF(OR(ISBLANK(S8),ISBLANK(V8),V8=0),"",S8-V8) | X8: دين + المبلغ الواصل في الوصل غير مطابق مع المسجل في الشيت
A9: 115a | B9: 45659 | C9: 15000 | D9: الورشة | E9: كتابة اكريلك ذهبي | F9: wx6 | G9: مستلم | H9: زبون | I9: 45659 | J9: 15000 | K9: 0 | L9: =IFERROR(J9-K9-C9,0) -> 0 | R9: 1000 | S9: =IF(OR(ISBLANK(J9),ISBLANK(R9)),"",J9-R9) -> 14000 | T9: ارباح | U9: 0 | V9: =IF(T9="مبيعات", U9%*J9, IF(T9="ارباح", U9%*S9, "")) -> 0 | W9: =IF(OR(ISBLANK(S9),ISBLANK(V9),V9=0),"",S9-V9) | X9: دين
A10: 1* | B10: 45659 | C10: 550000 | D10: حسين | E10: كوشة منتظر | F10: wx7 | G10: مستلم | H10: زبون | I10: 45659 | J10: 550000 | K10: 0 | L10: =IFERROR(J10-K10-C10,0) -> 0 | S10: =IF(OR(ISBLANK(J10),ISBLANK(R10)),"",J10-R10) | V10: =IF(T10="مبيعات", U10%*J10, IF(T10="ارباح", U10%*S10, "")) | W10: =IF(OR(ISBLANK(S10),ISBLANK(V10),V10=0),"",S10-V10) -> 0
A11: 116 | B11: 45659 | C11: 160000 | D11: حسين | E11: بوكس حلقات مع قاعدة | F11: 954716 | G11: مستلم | H11: زبون | I11: 45659 | J11: 160000 | K11: 0 | L11: =IFERROR(J11-K11-C11,0) -> 0 | R11: 5000 | S11: =IF(OR(ISBLANK(J11),ISBLANK(R11)),"",J11-R11) -> 155000 | T11: ارباح | U11: 0 | V11: =IF(T11="مبيعات", U11%*J11, IF(T11="ارباح", U11%*S11, "")) -> 0 | W11: =IF(OR(ISBLANK(S11),ISBLANK(V11),V11=0),"",S11-V11) | X11: واصل كاش
A12: a14 | B12: 45661 | C12: 7000 | D12: الورشة | E12: وائل خطاط | F12: wx8 | G12: مستلم | H12: زبون | I12: 45661 | J12: 7000 | K12: 0 | L12: =IFERROR(J12-K12-C12,0) -> 0 | R12: 350000 | S12: =IF(OR(ISBLANK(J12),ISBLANK(R12)),"",J12-R12) -> -343000 | T12: مبيعات | U12: 5 | V12: =IF(T12="مبيعات", U12%*J12, IF(T12="ارباح", U12%*S12, "")) -> 350 | W12: =IF(OR(ISBLANK(S12),ISBLANK(V12),V12=0),"",S12-V12) -> -343350 | X12: واصل كاش
B13: 45661 | C13: 1535000 | D13: الورشة | E13: استلام دين عن اعلان | F13: wx9 | G13: مستلم | H13: زبون | I13: 45661 | J13: 1535000 | K13: 0 | L13: =IFERROR(J13-K13-C13,0) -> 0 | R13: 30000 | S13: =IF(OR(ISBLANK(J13),ISBLANK(R13)),"",J13-R13) -> 1505000 | T13: ارباح | U13: 25 | V13: =IF(T13="مبيعات", U13%*J13, IF(T13="ارباح", U13%*S13, "")) -> 376250 | W13: =IF(OR(ISBLANK(S13),ISBLANK(V13),V13=0),"",S13-V13) -> 1128750 | X13: واصل كاش | Y13: شمس البصرة
A14: 117 | B14: 45662 | C14: 145000 | D14: حسين | E14: بوكس ذهب | F14: 984645 | G14: مستلم | H14: زبون | I14: 45662 | J14: 145000 | K14: 0 | L14: =IFERROR(J14-K14-C14,0) -> 0 | P14: قيد الانشاء | R14: 15000 | S14: =IF(OR(ISBLANK(J14),ISBLANK(R14)),"",J14-R14) -> 130000 | V14: =IF(T14="مبيعات", U14%*J14, IF(T14="ارباح", U14%*S14, "")) | W14: =IF(OR(ISBLANK(S14),ISBLANK(V14),V14=0),"",S14-V14) -> 130000 | Z14: ابيض
A15: 118 | B15: 45662 | C15: 35000 | D15: حسين | E15: مبخرة | F15: 000/63 | G15: مستلم | H15: زبون | I15: 45662 | J15: 35000 | K15: 0 | L15: =IFERROR(J15-K15-C15,0) -> 0 | R15: 7000 | S15: =IF(OR(ISBLANK(J15),ISBLANK(R15)),"",J15-R15) -> 28000 | V15: =IF(T15="مبيعات", U15%*J15, IF(T15="ارباح", U15%*S15, "")) | W15: =IF(OR(ISBLANK(S15),ISBLANK(V15),V15=0),"",S15-V15) -> 28000
A16: A20 | B16: 45662 | C16: 25000 | D16: الورشة | E16: لوحة مكتبية | F16: 000/84 | G16: مستلم | H16: زبون | I16: 45662 | J16: 25000 | K16: 0 | L16: =IFERROR(J16-K16-C16,0) -> 0 | P16: ذ | S16: =IF(OR(ISBLANK(J16),ISBLANK(R16)),"",J16-R16) | V16: =IF(T16="مبيعات", U16%*J16, IF(T16="ارباح", U16%*S16, "")) | W16: =IF(OR(ISBLANK(S16),ISBLANK(V16),V16=0),"",S16-V16) -> 0
A17: 119 | B17: 45663 | C17: 60000 | D17: حسين | E17: مبخرة | F17: 000/63 | G17: مستلم | H17: زبون | I17: 45663 | J17: 60000 | K17: 0 | L17: =IFERROR(J17-K17-C17,0) -> 0 | O17: \ | R17: 30000 | S17: =IF(OR(ISBLANK(J17),ISBLANK(R17)),"",J17-R17) -> 30000 | T17: ارباح | U17: 0 | V17: =IF(T17="مبيعات", U17%*J17, IF(T17="ارباح", U17%*S17, "")) -> 0 | W17: =IF(OR(ISBLANK(S17),ISBLANK(V17),V17=0),"",S17-V17) | X17: واصل كاش
A18: 120 | B18: 45663 | C18: 30000 | D18: حسين | E18: بورد بصمات | F18: 000/75 | G18: مستلم | H18: زبون | I18: 45663 | J18: 30000 | K18: 0 | L18: =IFERROR(J18-K18-C18,0) -> 0 | R18: 10000 | S18: =IF(OR(ISBLANK(J18),ISBLANK(R18)),"",J18-R18) -> 20000 | T18: ارباح | U18: 0 | V18: =IF(T18="مبيعات", U18%*J18, IF(T18="ارباح", U18%*S18, "")) -> 0 | W18: =IF(OR(ISBLANK(S18),ISBLANK(V18),V18=0),"",S18-V18) | X18: واصل كاش | Y18: كاش | AA18: `
A19: 121 | B19: 45663 | C19: =J19-L19 -> 75000 | D19: حسين | E19: مكتبيه | F19: 000/64 | G19: مستلم | H19: زبون | I19: 45663 | J19: 75000 | K19: 0 | L19: =IFERROR(J19-K19-C19,0) -> 0 | R19: 5000 | S19: =IF(OR(ISBLANK(J19),ISBLANK(R19)),"",J19-R19) -> 70000 | T19: ارباح | U19: 0 | V19: =IF(T19="مبيعات", U19%*J19, IF(T19="ارباح", U19%*S19, "")) -> 0 | W19: =IF(OR(ISBLANK(S19),ISBLANK(V19),V19=0),"",S19-V19) | X19: واصل كاش
A20: A17 | B20: 45663 | C20: 200000 | D20: الورشة | E20: علامات دلالة | F20: 000/82 | G20: مستلم | H20: زبون | I20: 45663 | J20: 200000 | K20: 0 | L20: =IFERROR(J20-K20-C20,0) -> 0 | Q20: 380000 | S20: =IF(OR(ISBLANK(J20),ISBLANK(R20)),"",J20-R20) | V20: =IF(T20="مبيعات", U20%*J20, IF(T20="ارباح", U20%*S20, "")) | W20: =IF(OR(ISBLANK(S20),ISBLANK(V20),V20=0),"",S20-V20) -> 0
A21: A18 | B21: 45663 | C21: 60000 | D21: حسين | E21: لوغو كوزمتك | F21: 000/83 | G21: مستلم | H21: زبون | I21: 45663 | J21: 60000 | K21: 0 | L21: =IFERROR(J21-K21-C21,0) -> 0 | R21: 30000 | S21: =IF(OR(ISBLANK(J21),ISBLANK(R21)),"",J21-R21) -> 30000 | T21: ارباح | U21: 0 | V21: =IF(T21="مبيعات", U21%*J21, IF(T21="ارباح", U21%*S21, "")) -> 0 | W21: =IF(OR(ISBLANK(S21),ISBLANK(V21),V21=0),"",S21-V21) | X21: واصل كاش
A22: 122 | B22: 45664 | C22: 70000 | D22: حسين | E22: بوكس ذهب | F22: 784646 | G22: مستلم | H22: زبون | I22: 45664 | J22: 70000 | K22: 0 | L22: =IFERROR(J22-K22-C22,0) -> 0 | R22: 15000 | S22: =IF(OR(ISBLANK(J22),ISBLANK(R22)),"",J22-R22) -> 55000 | T22: ارباح | U22: 0 | V22: =IF(T22="مبيعات", U22%*J22, IF(T22="ارباح", U22%*S22, "")) -> 0 | W22: =IF(OR(ISBLANK(S22),ISBLANK(V22),V22=0),"",S22-V22) | X22: واصل كاش | Y22: كاش
A23: 125 | B23: 45664 | C23: 60000 | D23: حسين | E23: بوكس حلقات | F23: 784644 | G23: مستلم | H23: زبون | I23: 45664 | J23: 60000 | K23: 0 | L23: =IFERROR(J23-K23-C23,0) -> 0 | R23: 25000 | S23: =IF(OR(ISBLANK(J23),ISBLANK(R23)),"",J23-R23) -> 35000 | T23: ارباح | U23: 25 | V23: =IF(T23="مبيعات", U23%*J23, IF(T23="ارباح", U23%*S23, "")) -> 8750 | W23: =IF(OR(ISBLANK(S23),ISBLANK(V23),V23=0),"",S23-V23) -> 26250 | X23: دين
A24: 126 | B24: 45664 | C24: 30000 | D24: حسين | E24: بورد بصمات | F24: 784644 | G24: مستلم | H24: زبون | I24: 45664 | J24: 30000 | K24: 0 | L24: =IFERROR(J24-K24-C24,0) -> 0 | R24: 50000 | S24: =IF(OR(ISBLANK(J24),ISBLANK(R24)),"",J24-R24) -> -20000 | T24: ارباح | U24: 0 | V24: =IF(T24="مبيعات", U24%*J24, IF(T24="ارباح", U24%*S24, "")) -> 0 | W24: =IF(OR(ISBLANK(S24),ISBLANK(V24),V24=0),"",S24-V24) | X24: واصل كاش
A25: 126a | B25: 45664 | C25: 7000 | D25: حسين | E25: حلقات اكريليك ذهبي | F25: wx12 | G25: مستلم | H25: زبون | I25: 45664 | J25: 7000 | K25: 0 | L25: =IFERROR(J25-K25-C25,0) -> 0 | R25: 20000 | S25: =IF(OR(ISBLANK(J25),ISBLANK(R25)),"",J25-R25) -> -13000 | T25: ارباح | U25: 0 | V25: =IF(T25="مبيعات", U25%*J25, IF(T25="ارباح", U25%*S25, "")) -> 0 | W25: =IF(OR(ISBLANK(S25),ISBLANK(V25),V25=0),"",S25-V25) | X25: واصل كاش
A26: 130 | B26: 45664 | C26: =J26-L26 -> 5000 | D26: حسين | E26: شريط ورد | F26: wx11 | G26: دين | H26: زبون | J26: 5000 | K26: 0 | L26: =IFERROR(J26-K26-C26,0) -> 0 | R26: 15000 | S26: =IF(OR(ISBLANK(J26),ISBLANK(R26)),"",J26-R26) -> -10000 | T26: ارباح | U26: 0 | V26: =IF(T26="مبيعات", U26%*J26, IF(T26="ارباح", U26%*S26, "")) -> 0 | W26: =IF(OR(ISBLANK(S26),ISBLANK(V26),V26=0),"",S26-V26) | X26: معلق بسبب فقدان الوصل | Y26: شمس البصرة
A27: 127 | B27: 45664 | C27: =J27-L27 -> 75000 | D27: حسين | E27: مبخرة مع علبة بخور | F27: 000/66 | G27: مستلم | H27: زبون | I27: 45664 | J27: 75000 | K27: 0 | L27: =IFERROR(J27-K27-C27,0) -> 0 | R27: 15000 | S27: =IF(OR(ISBLANK(J27),ISBLANK(R27)),"",J27-R27) -> 60000 | T27: ارباح | U27: 0 | V27: =IF(T27="مبيعات", U27%*J27, IF(T27="ارباح", U27%*S27, "")) -> 0 | W27: =IF(OR(ISBLANK(S27),ISBLANK(V27),V27=0),"",S27-V27) | X27: واصل كاش | Y27: شمس البصرة
A28: 128 | B28: 45664 | C28: 50000 | D28: حسين | E28: فوم جداري | F28: 000/65 | G28: مستلم | H28: زبون | I28: 45664 | J28: 50000 | K28: 0 | L28: =IFERROR(J28-K28-C28,0) -> 0 | M28: =(sum(R24:R957)) -> 17068500 | N28: اجمالي الكلفة: | P28: معلق شمس البصرة | R28: 1000 | S28: =IF(OR(ISBLANK(J28),ISBLANK(R28)),"",J28-R28) -> 49000 | T28: ارباح | U28: 0 | V28: =IF(T28="مبيعات", U28%*J28, IF(T28="ارباح", U28%*S28, "")) -> 0 | W28: =IF(OR(ISBLANK(S28),ISBLANK(V28),V28=0),"",S28-V28) | X28: دين
A29: 129 | B29: 45664 | C29: 300000 | D29: حسين | E29: بوكس مهر | F29: 000/69 | G29: مستلم | H29: زبون | I29: 45664 | J29: 300000 | K29: 0 | L29: =IFERROR(J29-K29-C29,0) -> 0 | M29: =(sum(V:V)) -> 456100 | N29: العمولة: | P29: كاش واصل دخل | R29: 30000 | S29: =IF(OR(ISBLANK(J29),ISBLANK(R29)),"",J29-R29) -> 270000 | T29: ارباح | U29: 0 | V29: =IF(T29="مبيعات", U29%*J29, IF(T29="ارباح", U29%*S29, "")) -> 0 | W29: =IF(OR(ISBLANK(S29),ISBLANK(V29),V29=0),"",S29-V29) | X29: واصل كاش | Y29: شمس البصرة
B30: 45664 | C30: 550000 | D30: الورشة | E30: اعلان | F30: wx13 | G30: مستلم | H30: زبون | I30: 45664 | J30: 550000 | K30: 0 | L30: =IFERROR(J30-K30-C30,0) -> 0 | R30: 15000 | S30: =IF(OR(ISBLANK(J30),ISBLANK(R30)),"",J30-R30) -> 535000 | T30: ارباح | U30: 0 | V30: =IF(T30="مبيعات", U30%*J30, IF(T30="ارباح", U30%*S30, "")) -> 0 | W30: =IF(OR(ISBLANK(S30),ISBLANK(V30),V30=0),"",S30-V30) | X30: واصل كاش
A31: 131 | B31: 45665 | C31: 65000 | D31: حسين | E31: بوكس فلوس | F31: 000/76 | G31: مستلم | H31: زبون | I31: 45665 | J31: 65000 | K31: 0 | L31: =IFERROR(J31-K31-C31,0) -> 0 | R31: 15000 | S31: =IF(OR(ISBLANK(J31),ISBLANK(R31)),"",J31-R31) -> 50000 | T31: ارباح | U31: 0 | V31: =IF(T31="مبيعات", U31%*J31, IF(T31="ارباح", U31%*S31, "")) -> 0 | W31: =IF(OR(ISBLANK(S31),ISBLANK(V31),V31=0),"",S31-V31) | X31: واصل كاش
A32: 132 | B32: 45665 | C32: 25000 | D32: حسين | E32: اسماء كوشه | F32: 000/68 | G32: مستلم | H32: زبون | I32: 45665 | J32: 25000 | K32: 0 | L32: =IFERROR(J32-K32-C32,0) -> 0 | R32: 2000 | S32: =IF(OR(ISBLANK(J32),ISBLANK(R32)),"",J32-R32) -> 23000 | T32: ارباح | V32: =IF(T32="مبيعات", U32%*J32, IF(T32="ارباح", U32%*S32, "")) -> 0 | W32: =IF(OR(ISBLANK(S32),ISBLANK(V32),V32=0),"",S32-V32) | X32: واصل كاش
A33: 134 | B33: 45665 | C33: 60000 | D33: الورشة | E33: 4 بوكسات | F33: 000/72 | G33: مستلم | H33: زبون | I33: 45665 | J33: 60000 | K33: 0 | L33: =IFERROR(J33-K33-C33,0) -> 0 | R33: 10000 | S33: =IF(OR(ISBLANK(J33),ISBLANK(R33)),"",J33-R33) -> 50000 | T33: ارباح | U33: 0 | V33: =IF(T33="مبيعات", U33%*J33, IF(T33="ارباح", U33%*S33, "")) -> 0 | W33: =IF(OR(ISBLANK(S33),ISBLANK(V33),V33=0),"",S33-V33) | X33: مبعوث لم استلمه اشرف
A34: 135 | B34: 45665 | C34: 20000 | D34: حسين | E34: بوكس فارغ | F34: 000/71 | G34: مستلم | H34: زبون | I34: 45665 | J34: 20000 | K34: 0 | L34: =IFERROR(J34-K34-C34,0) -> 0 | R34: 10000 | S34: =IF(OR(ISBLANK(J34),ISBLANK(R34)),"",J34-R34) -> 10000 | T34: ارباح | U34: 0 | V34: =IF(T34="مبيعات", U34%*J34, IF(T34="ارباح", U34%*S34, "")) -> 0 | W34: =IF(OR(ISBLANK(S34),ISBLANK(V34),V34=0),"",S34-V34) | X34: واصل كاش | Y34: كاش
A35: A11 | B35: 45665 | C35: 1425000 | D35: الورشة | E35: اعلان cnc | F35: 000/59 | G35: مستلم | H35: زبون | I35: 45665 | J35: 1425000 | K35: 0 | L35: =IFERROR(J35-K35-C35,0) -> 0 | R35: 100000 | S35: =IF(OR(ISBLANK(J35),ISBLANK(R35)),"",J35-R35) -> 1325000 | T35: ارباح | U35: 0 | V35: =IF(T35="مبيعات", U35%*J35, IF(T35="ارباح", U35%*S35, "")) -> 0 | W35: =IF(OR(ISBLANK(S35),ISBLANK(V35),V35=0),"",S35-V35) | X35: واصل كاش | Y35: كاش
A36: A21 | B36: 45665 | C36: 10000 | D36: الورشة | E36: كوبون cnc | F36: 000/60 | G36: مستلم | H36: زبون | I36: 45665 | J36: 10000 | K36: 0 | L36: =IFERROR(J36-K36-C36,0) -> 0 | S36: =IF(OR(ISBLANK(J36),ISBLANK(R36)),"",J36-R36) | V36: =IF(T36="مبيعات", U36%*J36, IF(T36="ارباح", U36%*S36, "")) | W36: =IF(OR(ISBLANK(S36),ISBLANK(V36),V36=0),"",S36-V36) -> 0
A37: 133 | B37: 45665 | C37: 15000 | D37: حسين | E37: احرف علب بخور | F37: 000/68 | G37: جزئي | H37: زبون | J37: 25000 | K37: 0 | L37: =IFERROR(J37-K37-C37,0) -> 10000 | R37: 20000 | S37: =IF(OR(ISBLANK(J37),ISBLANK(R37)),"",J37-R37) -> 5000 | T37: ارباح | U37: 0 | V37: =IF(T37="مبيعات", U37%*J37, IF(T37="ارباح", U37%*S37, "")) -> 0 | W37: =IF(OR(ISBLANK(S37),ISBLANK(V37),V37=0),"",S37-V37) | X37: الوصل غير موقع من قبل اشرف
A38: 137 | B38: 45666 | C38: 70000 | D38: حسين | E38: مبخرة + علبة بخور | F38: 954739 | G38: مستلم | H38: زبون | I38: 45666 | J38: 70000 | K38: 0 | L38: =IFERROR(J38-K38-C38,0) -> 0 | R38: 10000 | S38: =IF(OR(ISBLANK(J39),ISBLANK(R38)),"",J39-R38) -> 30000 | T38: ارباح | U38: 0 | V38: =IF(T38="مبيعات", U38%*J39, IF(T38="ارباح", U38%*S38, "")) -> 0 | W38: =IF(OR(ISBLANK(S38),ISBLANK(V38),V38=0),"",S38-V38) | X38: دين
A39: 138 | B39: 45666 | C39: 40000 | D39: حسين | E39: بورد بصمات | F39: 954739 | G39: مستلم | H39: زبون | I39: 45666 | J39: 40000 | K39: 0 | L39: =IFERROR(J39-K39-C39,0) -> 0 | R39: 3000 | T39: ارباح | U39: 0 | V39: =IF(T39="مبيعات", U39%*#REF!, IF(T39="ارباح", U39%*S39, "")) -> 0 | W39: =IF(OR(ISBLANK(S39),ISBLANK(V39),V39=0),"",S39-V39) | X39: دين
A40: 140 | B40: 45666 | C40: 40000 | D40: حسين | E40: بورد بصمات | F40: 000/74 | G40: مستلم | H40: زبون | I40: 45666 | J40: 40000 | K40: 0 | L40: =IFERROR(J40-K40-C40,0) -> 0 | R40: 20000 | S40: =IF(OR(ISBLANK(J40),ISBLANK(R40)),"",J40-R40) -> 20000 | T40: ارباح | U40: 0 | V40: =IF(T40="مبيعات", U40%*J40, IF(T40="ارباح", U40%*S40, "")) -> 0 | W40: =IF(OR(ISBLANK(S40),ISBLANK(V40),V40=0),"",S40-V40) | X40: واصل كاش | Y40: كاش
A41: 141 | B41: 45666 | C41: 20000 | D41: حسين | E41: عبارة اكريلك | F41: 000/74 | G41: مستلم | H41: زبون | I41: 45666 | J41: 20000 | K41: 0 | L41: =IFERROR(J41-K41-C41,0) -> 0 | R41: 5000 | S41: =IF(OR(ISBLANK(J41),ISBLANK(R41)),"",J41-R41) -> 15000 | T41: ارباح | U41: 0 | V41: =IF(T41="مبيعات", U41%*J41, IF(T41="ارباح", U41%*S41, "")) -> 0 | W41: =IF(OR(ISBLANK(S41),ISBLANK(V41),V41=0),"",S41-V41) | X41: واصل كاش | Y41: كاش
A42: 142 | B42: 45666 | C42: 60000 | D42: حسين | E42: بورد تغليف قذيفة مع اسماء عدد 3 | F42: 000/77 | G42: مستلم | H42: زبون | I42: 45666 | J42: 60000 | K42: 0 | L42: =IFERROR(J42-K42-C42,0) -> 0 | R42: 400000 | S42: =IF(OR(ISBLANK(J42),ISBLANK(R42)),"",J42-R42) -> -340000 | V42: =IF(T42="مبيعات", U42%*J42, IF(T42="ارباح", U42%*S42, "")) | W42: =IF(OR(ISBLANK(S42),ISBLANK(V42),V42=0),"",S42-V42) -> -340000 | X42: واصل كاش
A43: 141a | B43: 45666 | C43: 0 | D43: حسين | E43: حسن ورباب اكريليك مع بورد اسماء | F43: wx14 | G43: دين | H43: زبون | J43: 40000 | K43: 0 | L43: =IFERROR(J43-K43-C43,0) -> 40000 | R43: 5000 | S43: =IF(OR(ISBLANK(J43),ISBLANK(R43)),"",J43-R43) -> 35000 | T43: ارباح | V43: =IF(T43="مبيعات", U43%*J43, IF(T43="ارباح", U43%*S43, "")) -> 0 | W43: =IF(OR(ISBLANK(S43),ISBLANK(V43),V43=0),"",S43-V43) | X43: واصل كاش
A44: 143 | B44: 45667 | C44: 15000 | D44: حسين | E44: كتابة اكرلك | F44: 000/78 | G44: مستلم | H44: زبون | I44: 45667 | J44: 15000 | K44: 0 | L44: =IFERROR(J44-K44-C44,0) -> 0 | R44: 50000 | S44: =IF(OR(ISBLANK(J44),ISBLANK(R44)),"",J44-R44) -> -35000 | T44: ارباح | U44: 0 | V44: =IF(T44="مبيعات", U44%*J44, IF(T44="ارباح", U44%*S44, "")) -> 0 | W44: =IF(OR(ISBLANK(S44),ISBLANK(V44),V44=0),"",S44-V44) | X44: معلق | Y44: شمس البصرة
A45: 144 | B45: 45667 | C45: 10000 | D45: حسين | E45: بورد بصمات | F45: 954719 | G45: مستلم | H45: زبون | I45: 45667 | J45: 10000 | K45: 0 | L45: =IFERROR(J45-K45-C45,0) -> 0 | R45: 25000 | S45: =IF(OR(ISBLANK(J45),ISBLANK(R45)),"",J45-R45) -> -15000 | T45: ارباح | V45: =IF(T45="مبيعات", U45%*J45, IF(T45="ارباح", U45%*S45, "")) -> 0 | W45: =IF(OR(ISBLANK(S45),ISBLANK(V45),V45=0),"",S45-V45) | X45: معلق
A46: 145 | B46: 45667 | C46: 150000 | D46: حسين | E46: بوكس ذهب | F46: 954725 | G46: مستلم | H46: زبون | I46: 45667 | J46: 150000 | K46: 0 | L46: =IFERROR(J46-K46-C46,0) -> 0 | R46: 20000 | S46: =IF(OR(ISBLANK(J46),ISBLANK(R46)),"",J46-R46) -> 130000 | T46: ارباح | U46: 0 | V46: =IF(T46="مبيعات", U46%*J46, IF(T46="ارباح", U46%*S46, "")) -> 0 | W46: =IF(OR(ISBLANK(S46),ISBLANK(V46),V46=0),"",S46-V46) | Y46: شمس البصرة
A47: 146 | B47: 45667 | C47: 60000 | D47: حسين | E47: بوكس حلقات | F47: 954725 | G47: مستلم | H47: زبون | I47: 45667 | J47: 60000 | K47: 0 | L47: =IFERROR(J47-K47-C47,0) -> 0 | R47: 15000 | S47: =IF(OR(ISBLANK(J47),ISBLANK(R47)),"",J47-R47) -> 45000 | T47: ارباح | U47: 0 | V47: =IF(T47="مبيعات", U47%*J47, IF(T47="ارباح", U47%*S47, "")) -> 0 | W47: =IF(OR(ISBLANK(S47),ISBLANK(V47),V47=0),"",S47-V47) | Y47: شمس البصرة
A48: 147 | B48: 45667 | C48: 85000 | D48: حسين | E48: مبخرة علبة بخور قاعدة | F48: 954725 | G48: مستلم | H48: زبون | I48: 45667 | J48: 85000 | K48: 0 | L48: =IFERROR(J48-K48-C48,0) -> 0 | R48: 15000 | S48: =IF(OR(ISBLANK(J48),ISBLANK(R48)),"",J48-R48) -> 70000 | T48: ارباح | U48: 0 | V48: =IF(T48="مبيعات", U48%*J48, IF(T48="ارباح", U48%*S48, "")) -> 0 | W48: =IF(OR(ISBLANK(S48),ISBLANK(V48),V48=0),"",S48-V48) | X48: واصل كاش | Y48: كاش
A49: 148 | B49: 45667 | C49: 40000 | D49: حسين | E49: علبة مسكه | F49: 954725 | G49: مستلم | H49: زبون | I49: 45667 | J49: 40000 | K49: 0 | L49: =IFERROR(J49-K49-C49,0) -> 0 | R49: 5000 | S49: =IF(OR(ISBLANK(J49),ISBLANK(R49)),"",J49-R49) -> 35000 | T49: ارباح | U49: 0 | V49: =IF(T49="مبيعات", U49%*J49, IF(T49="ارباح", U49%*S49, "")) -> 0 | W49: =IF(OR(ISBLANK(S49),ISBLANK(V49),V49=0),"",S49-V49) | X49: واصل كاش
A50: 149 | B50: 45667 | C50: 40000 | D50: حسين | E50: بورد بصمات | F50: 954725 | G50: مستلم | H50: زبون | I50: 45667 | J50: 40000 | K50: 0 | L50: =IFERROR(J50-K50-C50,0) -> 0 | R50: 30000 | S50: =IF(OR(ISBLANK(J50),ISBLANK(R50)),"",J50-R50) -> 10000 | T50: ارباح | U50: 0 | V50: =IF(T50="مبيعات", U50%*J50, IF(T50="ارباح", U50%*S50, "")) -> 0 | W50: =IF(OR(ISBLANK(S50),ISBLANK(V50),V50=0),"",S50-V50) | X50: واصل كاش | Y50: كاش
A51: 152 | B51: 45668 | C51: 25000 | D51: حسين | E51: طبع قماش | F51: wx15 | G51: مستلم | H51: زبون | I51: 45668 | J51: 25000 | K51: 0 | L51: =IFERROR(J51-K51-C51,0) -> 0 | R51: 5000 | S51: =IF(OR(ISBLANK(J51),ISBLANK(R51)),"",J51-R51) -> 20000 | T51: ارباح | U51: 0 | V51: =IF(T51="مبيعات", U51%*J51, IF(T51="ارباح", U51%*S51, "")) -> 0 | W51: =IF(OR(ISBLANK(S51),ISBLANK(V51),V51=0),"",S51-V51) | X51: واصل كاش | Y51: كاش
A52: 153 | B52: 45668 | C52: 50000 | D52: حسين | E52: دفتر تخرج | F52: 000/80 | G52: مستلم | H52: زبون | I52: 45668 | J52: 50000 | K52: 0 | L52: =IFERROR(J52-K52-C52,0) -> 0 | R52: 5000 | S52: =IF(OR(ISBLANK(J52),ISBLANK(R52)),"",J52-R52) -> 45000 | T52: ارباح | U52: 0 | V52: =IF(T52="مبيعات", U52%*J52, IF(T52="ارباح", U52%*S52, "")) -> 0 | W52: =IF(OR(ISBLANK(S52),ISBLANK(V52),V52=0),"",S52-V52) | X52: واصل كاش | Y52: شمس البصرة
A53: 154 | B53: 45668 | C53: 170000 | D53: حسين | E53: بوكس ذهب | F53: 954718 | G53: مستلم | H53: زبون | I53: 45668 | J53: 170000 | K53: 0 | L53: =IFERROR(J53-K53-C53,0) -> 0 | R53: 50000 | S53: =IF(OR(ISBLANK(J53),ISBLANK(R53)),"",J53-R53) -> 120000 | T53: ارباح | U53: 0 | V53: =IF(T53="مبيعات", U53%*J53, IF(T53="ارباح", U53%*S53, "")) -> 0 | W53: =IF(OR(ISBLANK(S53),ISBLANK(V53),V53=0),"",S53-V53) | X53: واصل كاش | Y53: شمس البصرة
A54: 156 | B54: 45668 | C54: 45000 | D54: حسين | E54: مقدمة حلويات | F54: 000/73 | G54: مستلم | H54: زبون | I54: 45668 | J54: 45000 | K54: 0 | L54: =IFERROR(J54-K54-C54,0) -> 0 | R54: 20000 | S54: =IF(OR(ISBLANK(J54),ISBLANK(R54)),"",J54-R54) -> 25000 | T54: ارباح | U54: 0 | V54: =IF(T54="مبيعات", U54%*J54, IF(T54="ارباح", U54%*S54, "")) -> 0 | W54: =IF(OR(ISBLANK(S54),ISBLANK(V54),V54=0),"",S54-V54) | X54: واصل كاش | Y54: شمس البصرة
A55: 157 | B55: 45668 | C55: 20000 | D55: حسين | E55: قماش طبع | F55: 000/72 | G55: مستلم | H55: زبون | I55: 45668 | J55: 20000 | K55: 0 | L55: =IFERROR(J55-K55-C55,0) -> 0 | R55: 25000 | S55: =IF(OR(ISBLANK(J55),ISBLANK(R55)),"",J55-R55) -> -5000 | T55: ارباح | U55: 0 | V55: =IF(T55="مبيعات", U55%*J55, IF(T55="ارباح", U55%*S55, "")) -> 0 | W55: =IF(OR(ISBLANK(S55),ISBLANK(V55),V55=0),"",S55-V55) | X55: واصل كاش | Y55: شمس البصرة
A56: 158 | B56: 45668 | C56: 40000 | D56: حسين | E56: بوكس حلقات | F56: 000/61 | G56: مستلم | H56: زبون | I56: 45668 | J56: 40000 | K56: 0 | L56: =IFERROR(J56-K56-C56,0) -> 0 | R56: 15000 | S56: =IF(OR(ISBLANK(J56),ISBLANK(R56)),"",J56-R56) -> 25000 | T56: ارباح | U56: 0 | V56: =IF(T56="مبيعات", U56%*J56, IF(T56="ارباح", U56%*S56, "")) -> 0 | W56: =IF(OR(ISBLANK(S56),ISBLANK(V56),V56=0),"",S56-V56) | X56: واصل كاش | Y56: شمس البصرة
A57: 247 | B57: 45669 | C57: 35000 | D57: حسين | E57: اسماء مكتبية عدد 2 | F57: 000/1 | G57: مستلم | H57: زبون | I57: 45669 | J57: 35000 | K57: 0 | L57: =IFERROR(J57-K57-C57,0) -> 0 | R57: 10000 | S57: =IF(OR(ISBLANK(J57),ISBLANK(R57)),"",J57-R57) -> 25000 | T57: ارباح | U57: 0 | V57: =IF(T57="مبيعات", U57%*J57, IF(T57="ارباح", U57%*S57, "")) -> 0 | W57: =IF(OR(ISBLANK(S57),ISBLANK(V57),V57=0),"",S57-V57) | X57: واصل كاش | Y57: شمس البصرة
A58: 248 | B58: 45670 | C58: 350000 | D58: حسين | E58: ديكور MDF | F58: 000/3 | G58: مستلم | H58: زبون | I58: 45670 | J58: 350000 | K58: 0 | L58: =IFERROR(J58-K58-C58,0) -> 0 | R58: 15000 | S58: 15000 | T58: ارباح | U58: 0 | V58: =IF(T58="مبيعات", U58%*J58, IF(T58="ارباح", U58%*S58, "")) -> 0 | W58: =IF(OR(ISBLANK(S58),ISBLANK(V58),V58=0),"",S58-V58) | X58: معلق | Y58: شمس البصرة
A59: A3 | B59: 45670 | C59: 400000 | D59: الورشة | E59: عقارات مريومة | F59: 000/65 | G59: مستلم | H59: زبون | I59: 45670 | J59: 400000 | K59: 0 | L59: =IFERROR(J59-K59-C59,0) -> 0 | R59: 10000 | S59: =IF(OR(ISBLANK(J59),ISBLANK(R59)),"",J59-R59) -> 390000 | T59: ارباح | U59: 0 | V59: =IF(T59="مبيعات", U59%*J59, IF(T59="ارباح", U59%*S59, "")) -> 0 | W59: =IF(OR(ISBLANK(S59),ISBLANK(V59),V59=0),"",S59-V59) | X59: واصل ورشة لم يستلمه اشرف
A60: 243 | B60: 45672 | C60: 650000 | D60: حسين | E60: خلفية جبس عربي | F60: 000/66-67 | G60: مستلم | H60: زبون | I60: 45672 | J60: 650000 | K60: 0 | L60: =IFERROR(J60-K60-C60,0) -> 0 | R60: 15000 | S60: =IF(OR(ISBLANK(J60),ISBLANK(R60)),"",J60-R60) -> 635000 | T60: ارباح | U60: 0 | V60: =IF(T60="مبيعات", U60%*J60, IF(T60="ارباح", U60%*S60, "")) -> 0 | W60: =IF(OR(ISBLANK(S60),ISBLANK(V60),V60=0),"",S60-V60) | X60: واصل كاش | Y60: كاش
A61: A13 | B61: 45672 | C61: 50000 | D61: الورشة | E61: وائل الخطاط | F61: 000/70 | G61: مستلم | H61: زبون | I61: 45672 | J61: 50000 | K61: 0 | L61: =IFERROR(J61-K61-C61,0) -> 0 | R61: 50000 | S61: =IF(OR(ISBLANK(J61),ISBLANK(R61)),"",J61-R61) -> 0 | T61: ارباح | U61: 0 | V61: =IF(T61="مبيعات", U61%*J61, IF(T61="ارباح", U61%*S61, "")) -> 0 | W61: =IF(OR(ISBLANK(S61),ISBLANK(V61),V61=0),"",S61-V61) | X61: واصل كاش | Y61: شمس البصرة
A62: A15B | B62: 45672 | C62: 100000 | D62: الورشة | E62: درع حسب الطلب | F62: 000/58 | G62: مستلم | H62: زبون | I62: 45672 | J62: 100000 | K62: 0 | L62: =IFERROR(J62-K62-C62,0) -> 0 | R62: 20000 | S62: =IF(OR(ISBLANK(J62),ISBLANK(R62)),"",J62-R62) -> 80000 | T62: ارباح | U62: 0 | V62: =IF(T62="مبيعات", U62%*J62, IF(T62="ارباح", U62%*S62, "")) -> 0 | W62: =IF(OR(ISBLANK(S62),ISBLANK(V62),V62=0),"",S62-V62) | X62: واصل كاش
A63: A22 | B63: 45672 | C63: 16000 | D63: الورشة | E63: فلكس طبع | F63: 000/69 | G63: مستلم | H63: زبون | I63: 45672 | J63: 16000 | K63: 0 | L63: =IFERROR(J63-K63-C63,0) -> 0 | R63: 5000 | S63: =IF(OR(ISBLANK(J63),ISBLANK(R63)),"",J63-R63) -> 11000 | T63: ارباح | U63: 0 | V63: =IF(T63="مبيعات", U63%*J63, IF(T63="ارباح", U63%*S63, "")) -> 0 | W63: =IF(OR(ISBLANK(S63),ISBLANK(V63),V63=0),"",S63-V63) | X63: واصل كاش
B64: 45672 | C64: 150000 | D64: الورشة | E64: استلام دين عن اعلان | F64: wx16 | G64: مستلم | H64: زبون | I64: 45672 | J64: 150000 | K64: 0 | L64: =IFERROR(J64-K64-C64,0) -> 0 | R64: 15000 | S64: =IF(OR(ISBLANK(J64),ISBLANK(R64)),"",J64-R64) -> 135000 | T64: ارباح | U64: 0 | V64: =IF(T64="مبيعات", U64%*J64, IF(T64="ارباح", U64%*S64, "")) -> 0 | W64: =IF(OR(ISBLANK(S64),ISBLANK(V64),V64=0),"",S64-V64) | X64: واصل كاش
A65: 168 | B65: 45673 | C65: 70000 | D65: حسين | E65: مبخرة+علبة بخور | F65: 000/87 | G65: مستلم | H65: زبون | I65: 45673 | J65: 70000 | K65: 0 | L65: =IFERROR(J65-K65-C65,0) -> 0 | R65: 15000 | S65: =IF(OR(ISBLANK(J65),ISBLANK(R65)),"",J65-R65) -> 55000 | T65: ارباح | V65: =IF(T65="مبيعات", U65%*J65, IF(T65="ارباح", U65%*S65, "")) -> 0 | W65: =IF(OR(ISBLANK(S65),ISBLANK(V65),V65=0),"",S65-V65) | X65: مكرر
A66: 169 | B66: 45673 | C66: 200000 | D66: الورشة | E66: ظروف حجم A3 | F66: 00/85 | G66: مستلم | H66: زبون | I66: 45673 | J66: 200000 | K66: 0 | L66: =IFERROR(J66-K66-C66,0) -> 0 | R66: 200000 | S66: =IF(OR(ISBLANK(J66),ISBLANK(R66)),"",J66-R66) -> 0 | T66: ارباح | V66: =IF(T66="مبيعات", U66%*J66, IF(T66="ارباح", U66%*S66, "")) -> 0 | W66: =IF(OR(ISBLANK(S66),ISBLANK(V66),V66=0),"",S66-V66) | X66: دين
A67: 161a | B67: 45671 | C67: =J67-L67 -> 30000 | D67: الورشة | E67: زخرفة عجواني | F67: 00/1 | G67: دين | H67: زبون | J67: 30000 | K67: 0 | L67: =IFERROR(J67-K67-C67,0) -> 0 | R67: 250000 | S67: =IF(OR(ISBLANK(J67),ISBLANK(R67)),"",J67-R67) -> -220000 | T67: ارباح | V67: =IF(T67="مبيعات", U67%*J67, IF(T67="ارباح", U67%*S67, "")) -> 0 | W67: =IF(OR(ISBLANK(S67),ISBLANK(V67),V67=0),"",S67-V67) | X67: واصل كاش
A68: 156a | B68: 45675 | C68: 50000 | D68: حسين | E68: دفتر تخرج | F68: wx17 | G68: مستلم | H68: زبون | I68: 45675 | J68: 50000 | K68: 0 | L68: =IFERROR(J68-K68-C68,0) -> 0 | R68: 20000 | S68: =IF(OR(ISBLANK(J68),ISBLANK(R68)),"",J68-R68) -> 30000 | T68: ارباح | V68: =IF(T68="مبيعات", U68%*J68, IF(T68="ارباح", U68%*S68, "")) -> 0 | W68: =IF(OR(ISBLANK(S68),ISBLANK(V68),V68=0),"",S68-V68) | X68: معلق
A69: 159 | B69: 45675 | C69: 15000 | D69: حسين | E69: بورد بصمات + تعلاقات كلاصات | F69: 000/83 | G69: مستلم | H69: زبون | I69: 45675 | J69: 15000 | K69: 0 | L69: =IFERROR(J69-K69-C69,0) -> 0 | R69: 5000 | S69: =IF(OR(ISBLANK(J69),ISBLANK(R69)),"",J69-R69) -> 10000 | T69: ارباح | V69: =IF(T69="مبيعات", U69%*J69, IF(T69="ارباح", U69%*S69, "")) -> 0 | W69: =IF(OR(ISBLANK(S69),ISBLANK(V69),V69=0),"",S69-V69) | X69: دين
A70: 160 | B70: 45675 | C70: 45000 | D70: حسين | E70: مبخرة | F70: 954721 | G70: مستلم | H70: زبون | I70: 45675 | J70: 45000 | K70: 0 | L70: =IFERROR(J70-K70-C70,0) -> 0 | R70: 200000 | S70: =IF(OR(ISBLANK(J70),ISBLANK(R70)),"",J70-R70) -> -155000 | T70: ارباح | V70: =IF(T70="مبيعات", U70%*J70, IF(T70="ارباح", U70%*S70, "")) -> 0 | W70: =IF(OR(ISBLANK(S70),ISBLANK(V70),V70=0),"",S70-V70) | X70: واصل كاش
A71: 161 | B71: 45675 | C71: 15000 | D71: حسين | E71: اسم فوم | F71: 000/81 | G71: مستلم | H71: زبون | I71: 45675 | J71: 15000 | K71: 0 | L71: =IFERROR(J71-K71-C71,0) -> 0 | R71: 15000 | S71: =IF(OR(ISBLANK(J71),ISBLANK(R71)),"",J71-R71) -> 0 | T71: ارباح | U71: 0 | V71: =IF(T71="مبيعات", U71%*J71, IF(T71="ارباح", U71%*S71, "")) -> 0 | W71: =IF(OR(ISBLANK(S71),ISBLANK(V71),V71=0),"",S71-V71) | X71: واصل كاش
A72: 162 | B72: 45675 | C72: 125000 | D72: حسين | E72: بوكس مهر | F72: wx18 | G72: مستلم | H72: زبون | I72: 45675 | J72: 125000 | K72: 0 | L72: =IFERROR(J72-K72-C72,0) -> 0 | R72: 50000 | S72: =IF(OR(ISBLANK(J72),ISBLANK(R72)),"",J72-R72) -> 75000 | T72: ارباح | U72: 0 | V72: =IF(T72="مبيعات", U72%*J72, IF(T72="ارباح", U72%*S72, "")) -> 0 | W72: =IF(OR(ISBLANK(S72),ISBLANK(V72),V72=0),"",S72-V72)
A73: 163 | B73: 45675 | C73: 100000 | D73: حسين | E73: بورد ايباد | F73: 98 | G73: مستلم | H73: زبون | I73: 45675 | J73: 100000 | K73: 0 | L73: =IFERROR(J73-K73-C73,0) -> 0 | R73: 15000 | S73: =IF(OR(ISBLANK(J73),ISBLANK(R73)),"",J73-R73) -> 85000 | T73: ارباح | V73: =IF(T73="مبيعات", U73%*J73, IF(T73="ارباح", U73%*S73, "")) -> 0 | W73: =IF(OR(ISBLANK(S73),ISBLANK(V73),V73=0),"",S73-V73) | X73: واصل كاش
A74: 164 | B74: 45675 | C74: 100000 | D74: حسين | E74: بوكس مهر | F74: 98 | G74: مستلم | H74: زبون | I74: 45675 | J74: 100000 | K74: 0 | L74: =IFERROR(J74-K74-C74,0) -> 0 | S74: =IF(OR(ISBLANK(J74),ISBLANK(R74)),"",J74-R74) | V74: =IF(T74="مبيعات", U74%*J74, IF(T74="ارباح", U74%*S74, "")) | W74: =IF(OR(ISBLANK(S74),ISBLANK(V74),V74=0),"",S74-V74) -> 0
A75: 165 | B75: 45675 | C75: 15000 | D75: حسين | E75: بورد حفر | F75: 000/82 | G75: مستلم | H75: زبون | I75: 45675 | J75: 15000 | K75: 0 | L75: =IFERROR(J75-K75-C75,0) -> 0 | R75: 30000 | S75: =IF(OR(ISBLANK(J75),ISBLANK(R75)),"",J75-R75) -> -15000 | T75: ارباح | U75: 0 | V75: =IF(T75="مبيعات", U75%*J75, IF(T75="ارباح", U75%*S75, "")) -> 0 | W75: =IF(OR(ISBLANK(S75),ISBLANK(V75),V75=0),"",S75-V75) | X75: واصل كاش
A76: 166 | B76: 45675 | C76: 45000 | D76: حسين | E76: بورد بصمات | F76: 954724 | G76: مستلم | H76: زبون | I76: 45675 | J76: 45000 | K76: 0 | L76: =IFERROR(J76-K76-C76,0) -> 0 | R76: 100000 | S76: =IF(OR(ISBLANK(J76),ISBLANK(R76)),"",J76-R76) -> -55000 | T76: ارباح | U76: 0 | V76: =IF(T76="مبيعات", U76%*J76, IF(T76="ارباح", U76%*S76, "")) -> 0 | W76: =IF(OR(ISBLANK(S76),ISBLANK(V76),V76=0),"",S76-V76) | X76: واصل كاش
A77: 167 | B77: 45675 | C77: 35000 | D77: حسين | E77: مبخرة | F77: 000/88 | G77: مستلم | H77: زبون | I77: 45675 | J77: 35000 | K77: 0 | L77: =IFERROR(J77-K77-C77,0) -> 0 | R77: 15000 | S77: =IF(OR(ISBLANK(J77),ISBLANK(R77)),"",J77-R77) -> 20000 | T77: ارباح | V77: =IF(T77="مبيعات", U77%*J77, IF(T77="ارباح", U77%*S77, "")) -> 0 | W77: =IF(OR(ISBLANK(S77),ISBLANK(V77),V77=0),"",S77-V77) | X77: دين
A78: 168a | B78: 45675 | C78: 10000 | D78: الورشة | E78: اكريليك فضي | F78: wx19 | G78: مستلم | H78: زبون | I78: 45675 | J78: 10000 | K78: 0 | L78: =IFERROR(J78-K78-C78,0) -> 0 | R78: 5000 | S78: =IF(OR(ISBLANK(J78),ISBLANK(R78)),"",J78-R78) -> 5000 | T78: ارباح | U78: 0 | V78: =IF(T78="مبيعات", U78%*J78, IF(T78="ارباح", U78%*S78, "")) -> 0 | W78: =IF(OR(ISBLANK(S78),ISBLANK(V78),V78=0),"",S78-V78) | X78: مبعوث لم استلمه اشرف | AK78: /
A79: 171 | B79: 45675 | C79: 10000 | D79: رشيد | E79: مسكة اكريليك | F79: 000/89 | G79: مستلم | H79: زبون | I79: 45675 | J79: 10000 | K79: 0 | L79: =IFERROR(J79-K79-C79,0) -> 0 | R79: 25000 | S79: =IF(OR(ISBLANK(J79),ISBLANK(R79)),"",J79-R79) -> -15000 | T79: ارباح | U79: 0 | V79: =IF(T79="مبيعات", U79%*J79, IF(T79="ارباح", U79%*S79, "")) -> 0 | W79: =IF(OR(ISBLANK(S79),ISBLANK(V79),V79=0),"",S79-V79) | X79: واصل كاش | Y79: شمس البصرة
A80: 172 | B80: 45675 | C80: 10000 | D80: رشيد | E80: حروف اكريليك | F80: 000/90 | G80: مستلم | H80: زبون | I80: 45675 | J80: 10000 | K80: 0 | L80: =IFERROR(J80-K80-C80,0) -> 0 | R80: 5000 | S80: =IF(OR(ISBLANK(J80),ISBLANK(R80)),"",J80-R80) -> 5000 | T80: ارباح | U80: 0 | V80: =IF(T80="مبيعات", U80%*J80, IF(T80="ارباح", U80%*S80, "")) -> 0 | W80: =IF(OR(ISBLANK(S80),ISBLANK(V80),V80=0),"",S80-V80) | X80: واصل كاش | Y80: كاش
A81: 174-159 | B81: 45675 | C81: 50000 | D81: حسين | E81: بوكس حلقات | F81: 954741 | G81: مستلم | H81: زبون | I81: 45675 | J81: 50000 | K81: 0 | L81: =IFERROR(J81-K81-C81,0) -> 0 | R81: 25000 | S81: =IF(OR(ISBLANK(J81),ISBLANK(R81)),"",J81-R81) -> 25000 | T81: ارباح | U81: 0 | V81: =IF(T81="مبيعات", U81%*J81, IF(T81="ارباح", U81%*S81, "")) -> 0 | W81: =IF(OR(ISBLANK(S81),ISBLANK(V81),V81=0),"",S81-V81) | X81: واصل كاش
A82: 175-160 | B82: 45675 | C82: 75000 | D82: حسين | E82: علبة بخور+ قاعدة | F82: 954741 | G82: مستلم | H82: زبون | I82: 45675 | J82: 75000 | K82: 0 | L82: =IFERROR(J82-K82-C82,0) -> 0 | R82: 25000 | S82: =IF(OR(ISBLANK(J82),ISBLANK(R82)),"",J82-R82) -> 50000 | T82: ارباح | U82: 0 | V82: =IF(T82="مبيعات", U82%*J82, IF(T82="ارباح", U82%*S82, "")) -> 0 | W82: =IF(OR(ISBLANK(S82),ISBLANK(V82),V82=0),"",S82-V82) | X82: مبعوث لم استلمه اشرف
A83: 176 | B83: 45675 | C83: 45000 | D83: حسين | E83: بورد اكرلك | F83: 954741 | G83: مستلم | H83: زبون | I83: 45675 | J83: 45000 | K83: 0 | L83: =IFERROR(J83-K83-C83,0) -> 0 | R83: 25000 | S83: =IF(OR(ISBLANK(J83),ISBLANK(R83)),"",J83-R83) -> 20000 | T83: ارباح | U83: 0 | V83: =IF(T83="مبيعات", U83%*J83, IF(T83="ارباح", U83%*S83, "")) -> 0 | W83: =IF(OR(ISBLANK(S83),ISBLANK(V83),V83=0),"",S83-V83) | X83: مستلم نقوده لم يستلمه اشرف
A84: 176a | B84: 45675 | C84: 125000 | D84: حسين | E84: بوكس مهر | F84: 954741 | G84: مستلم | H84: زبون | I84: 45675 | J84: 125000 | K84: 0 | L84: =IFERROR(J84-K84-C84,0) -> 0 | R84: 15000 | S84: =IF(OR(ISBLANK(J84),ISBLANK(R84)),"",J84-R84) -> 110000 | T84: ارباح | U84: 0 | V84: =IF(T84="مبيعات", U84%*J84, IF(T84="ارباح", U84%*S84, "")) -> 0 | W84: =IF(OR(ISBLANK(S84),ISBLANK(V84),V84=0),"",S84-V84) | X84: دين
A85: 177 | B85: 45675 | C85: 35000 | D85: حسين | E85: رسالة العمر | F85: 954741 | G85: مستلم | H85: زبون | I85: 45675 | J85: 35000 | K85: 0 | L85: =IFERROR(J85-K85-C85,0) -> 0 | R85: 10000 | S85: =IF(OR(ISBLANK(J85),ISBLANK(R85)),"",J85-R85) -> 25000 | T85: ارباح | U85: 0 | V85: =IF(T85="مبيعات", U85%*J85, IF(T85="ارباح", U85%*S85, "")) -> 0 | W85: =IF(OR(ISBLANK(S85),ISBLANK(V85),V85=0),"",S85-V85) | Y85: شمس البصرة
A86: 177a | B86: 45675 | C86: 50000 | D86: حسين | E86: بوكس حلقات | F86: 954741 | G86: مستلم | H86: زبون | I86: 45675 | J86: 50000 | K86: 0 | L86: =IFERROR(J86-K86-C86,0) -> 0 | R86: 10000 | S86: =IF(OR(ISBLANK(J86),ISBLANK(R86)),"",J86-R86) -> 40000 | T86: ارباح | U86: 0 | V86: =IF(T86="مبيعات", U86%*J86, IF(T86="ارباح", U86%*S86, "")) -> 0 | W86: =IF(OR(ISBLANK(S86),ISBLANK(V86),V86=0),"",S86-V86) | X86: واصل كاش | Y86: كاش
A87: A9 | B87: 45675 | C87: 200000 | D87: الورشة | E87: اعلان داخلي | F87: 000/74 | G87: مستلم | H87: زبون | I87: 45675 | J87: 200000 | K87: 0 | L87: =IFERROR(J87-K87-C87,0) -> 0 | R87: 2000 | S87: =IF(OR(ISBLANK(J87),ISBLANK(R87)),"",J87-R87) -> 198000 | T87: ارباح | U87: 0 | V87: =IF(T87="مبيعات", U87%*J87, IF(T87="ارباح", U87%*S87, "")) -> 0 | W87: =IF(OR(ISBLANK(S87),ISBLANK(V87),V87=0),"",S87-V87) | X87: مراجعة
A88: 178 | B88: 45676 | C88: 45000 | D88: حسين | E88: بورد توقيع | F88: 954741 | G88: مستلم | H88: زبون | I88: 45676 | J88: 45000 | K88: 0 | L88: =IFERROR(J88-K88-C88,0) -> 0 | R88: 5000 | S88: =IF(OR(ISBLANK(J88),ISBLANK(R88)),"",J88-R88) -> 40000 | T88: ارباح | U88: 0 | V88: =IF(T88="مبيعات", U88%*J88, IF(T88="ارباح", U88%*S88, "")) -> 0 | W88: =IF(OR(ISBLANK(S88),ISBLANK(V88),V88=0),"",S88-V88) | X88: واصل كاش
A89: 179 | B89: 45676 | C89: 50000 | D89: حسين | E89: اسماء منضدي | F89: 954741 | G89: مستلم | H89: زبون | I89: 45676 | J89: 50000 | K89: 0 | L89: =IFERROR(J89-K89-C89,0) -> 0 | R89: 5000 | S89: =IF(OR(ISBLANK(J89),ISBLANK(R89)),"",J89-R89) -> 45000 | T89: ارباح | U89: 0 | V89: =IF(T89="مبيعات", U89%*J89, IF(T89="ارباح", U89%*S89, "")) -> 0 | W89: =IF(OR(ISBLANK(S89),ISBLANK(V89),V89=0),"",S89-V89) | X89: واصل كاش
A90: 180 | B90: 45676 | C90: 75000 | D90: حسين | E90: مبخرة علبة بخور قاعدة | F90: 954724 | G90: مستلم | H90: زبون | I90: 45676 | J90: 75000 | K90: 0 | L90: =IFERROR(J90-K90-C90,0) -> 0 | R90: 20000 | S90: =IF(OR(ISBLANK(J90),ISBLANK(R90)),"",J90-R90) -> 55000 | T90: ارباح | U90: 0 | V90: 0 | W90: =IF(OR(ISBLANK(S90),ISBLANK(V90),V90=0),"",S90-V90) | X90: مكرر تسجيل
A91: 181 | B91: 45676 | C91: 20000 | D91: حسين | E91: قران | F91: 954724 | G91: مستلم | H91: زبون | I91: 45676 | J91: 20000 | K91: 0 | L91: =IFERROR(J91-K91-C91,0) -> 0 | R91: 25000 | S91: =IF(OR(ISBLANK(J91),ISBLANK(R91)),"",J91-R91) -> -5000 | T91: ارباح | U91: 0 | V91: =IF(T91="مبيعات", U91%*J91, IF(T91="ارباح", U91%*S91, "")) -> 0 | W91: =IF(OR(ISBLANK(S91),ISBLANK(V91),V91=0),"",S91-V91) | X91: معلق
A92: 182 | B92: 45676 | C92: 35000 | D92: حسين | E92: مبخرة | F92: 000/91 | G92: مستلم | H92: زبون | I92: 45676 | J92: 35000 | K92: 0 | L92: =IFERROR(J92-K92-C92,0) -> 0 | R92: 20000 | S92: =IF(OR(ISBLANK(J92),ISBLANK(R92)),"",J92-R92) -> 15000 | T92: ارباح | U92: 0 | V92: =IF(T92="مبيعات", U92%*J92, IF(T92="ارباح", U92%*S92, "")) -> 0 | W92: =IF(OR(ISBLANK(S92),ISBLANK(V92),V92=0),"",S92-V92) | X92: معلق
A93: 183 | B93: 45676 | C93: 10000 | D93: حسين | E93: تعلاقة | F93: wx20 | G93: مستلم | H93: زبون | I93: 45676 | J93: 10000 | K93: 0 | L93: =IFERROR(J93-K93-C93,0) -> 0 | R93: 25000 | S93: =IF(OR(ISBLANK(J93),ISBLANK(R93)),"",J93-R93) -> -15000 | T93: ارباح | U93: 0 | V93: =IF(T93="مبيعات", U93%*J93, IF(T93="ارباح", U93%*S93, "")) -> 0 | W93: =IF(OR(ISBLANK(S93),ISBLANK(V93),V93=0),"",S93-V93) | X93: معلق
A94: 184 | B94: 45676 | C94: 10000 | D94: حسين | E94: تعلاقة مسكات | F94: wx21 | G94: مستلم | H94: زبون | I94: 45676 | J94: 10000 | K94: 0 | L94: =IFERROR(J94-K94-C94,0) -> 0 | R94: 10000 | S94: =IF(OR(ISBLANK(J94),ISBLANK(R94)),"",J94-R94) -> 0 | T94: ارباح | U94: 0 | V94: =IF(T94="مبيعات", U94%*J94, IF(T94="ارباح", U94%*S94, "")) -> 0 | W94: =IF(OR(ISBLANK(S94),ISBLANK(V94),V94=0),"",S94-V94) | X94: معلق
A95: A23 | B95: 45676 | C95: 230000 | D95: الورشة | E95: صيانة اعلان | F95: 000/78 | G95: مستلم | H95: زبون | I95: 45676 | J95: 230000 | K95: 0 | L95: =IFERROR(J95-K95-C95,0) -> 0 | R95: 20000 | S95: =IF(OR(ISBLANK(J95),ISBLANK(R95)),"",J95-R95) -> 210000 | T95: ارباح | U95: 0 | V95: =IF(T95="مبيعات", U95%*J95, IF(T95="ارباح", U95%*S95, "")) -> 0 | W95: =IF(OR(ISBLANK(S95),ISBLANK(V95),V95=0),"",S95-V95) | X95: معلق
A96: 185 | B96: 45677 | C96: 175000 | D96: حسين | E96: قاعدة ذهب | F96: 000/97 | G96: مستلم | H96: زبون | I96: 45677 | J96: 175000 | K96: 0 | L96: =IFERROR(J96-K96-C96,0) -> 0 | R96: 50000 | S96: =IF(OR(ISBLANK(J96),ISBLANK(R96)),"",J96-R96) -> 125000 | T96: ارباح | U96: 0 | V96: =IF(T96="مبيعات", U96%*J96, IF(T96="ارباح", U96%*S96, "")) -> 0 | W96: =IF(OR(ISBLANK(S96),ISBLANK(V96),V96=0),"",S96-V96) | X96: زين كاش واصل
A97: 186 | B97: 45678 | C97: 100000 | D97: حسين | E97: بوكس ذهب | F97: 000/92 | G97: مستلم | H97: زبون | I97: 45678 | J97: 100000 | K97: 0 | L97: =IFERROR(J97-K97-C97,0) -> 0 | R97: 15000 | S97: =IF(OR(ISBLANK(J97),ISBLANK(R97)),"",J97-R97) -> 85000 | T97: ارباح | U97: 0 | V97: =IF(T97="مبيعات", U97%*J97, IF(T97="ارباح", U97%*S97, "")) -> 0 | W97: =IF(OR(ISBLANK(S97),ISBLANK(V97),V97=0),"",S97-V97) | X97: معلق
A98: 188 | B98: 45678 | C98: 25000 | D98: حسين | E98: بورد بصمات | F98: 954726 | G98: مستلم | H98: زبون | I98: 45678 | J98: 25000 | K98: 0 | L98: =IFERROR(J98-K98-C98,0) -> 0 | R98: 20000 | S98: =IF(OR(ISBLANK(J98),ISBLANK(R98)),"",J98-R98) -> 5000 | T98: ارباح | U98: 0 | V98: =IF(T98="مبيعات", U98%*J98, IF(T98="ارباح", U98%*S98, "")) -> 0 | W98: =IF(OR(ISBLANK(S98),ISBLANK(V98),V98=0),"",S98-V98) | X98: معلق
A99: 190 | B99: 45678 | C99: 120000 | D99: حسين | E99: مبخرة علبة بخور قاعدة | F99: 954728 | G99: مستلم | H99: زبون | I99: 45678 | J99: 120000 | K99: 0 | L99: =IFERROR(J99-K99-C99,0) -> 0 | R99: 25000 | S99: =IF(OR(ISBLANK(J99),ISBLANK(R99)),"",J99-R99) -> 95000 | T99: ارباح | U99: 0 | V99: =IF(T99="مبيعات", U99%*J99, IF(T99="ارباح", U99%*S99, "")) -> 0 | W99: =IF(OR(ISBLANK(S99),ISBLANK(V99),V99=0),"",S99-V99) | Y99: شمس البصرة
A100: 191 | B100: 45679 | C100: 60000 | D100: حسين | E100: بوكس حلقات | F100: 954731 | G100: مستلم | H100: زبون | I100: 45679 | J100: 60000 | K100: 0 | L100: =IFERROR(J100-K100-C100,0) -> 0 | R100: 10000 | S100: =IF(OR(ISBLANK(J100),ISBLANK(R100)),"",J100-R100) -> 50000 | T100: ارباح | U100: 0 | V100: =IF(T100="مبيعات", U100%*J100, IF(T100="ارباح", U100%*S100, "")) -> 0 | W100: =IF(OR(ISBLANK(S100),ISBLANK(V100),V100=0),"",S100-V100) | Y100: شمس البصرة
...

Sheet الورقة28
D1: خارج | E1: داخل
A2: 45658 | B2: 2131500 | C2: 45659 | D2: 271000 | E2: =XLOOKUP(A2,C:C,D:D,"") | F2: 45658 | G2: =XLOOKUP(F2,A:A,B:B,"") -> 2131500 | H2: =XLOOKUP(F2,C:C,D:D,"") | I2: =G2-H2 -> 2131500 | J2: =SUM(J3:J1852) -> 127750
A3: 45659 | B3: 725000 | C3: 45661 | D3: 486000 | E3: =XLOOKUP(A3,C:C,D:D,"") -> 271000 | F3: 45659 | G3: =XLOOKUP(F3,A:A,B:B,"") -> 725000 | H3: =XLOOKUP(F3,C:C,D:D,"") -> 271000 | I3: =G3-H3 -> 454000 | J3: 30777000
A4: 45660 | B4: 30000 | C4: 45662 | D4: 1353500 | E4: =XLOOKUP(A4,C:C,D:D,"") | F4: 45660 | G4: =XLOOKUP(F4,A:A,B:B,"") -> 30000 | H4: =XLOOKUP(F4,C:C,D:D,"") | I4: =G4-H4 -> 30000 | J4: 37851000
A5: 45661 | B5: 1542000 | C5: 45663 | D5: 1101000 | E5: =XLOOKUP(A5,C:C,D:D,"") -> 486000 | F5: 45661 | G5: =XLOOKUP(F5,A:A,B:B,"") -> 1542000 | H5: =XLOOKUP(F5,C:C,D:D,"") -> 486000 | I5: =G5-H5 -> 1056000
A6: 45662 | B6: 205000 | C6: 45664 | D6: 1114000 | E6: =XLOOKUP(A6,C:C,D:D,"") -> 1353500 | F6: 45662 | G6: =XLOOKUP(F6,A:A,B:B,"") -> 205000 | H6: =XLOOKUP(F6,C:C,D:D,"") -> 1353500 | I6: =G6-H6 -> -1148500
A7: 45663 | B7: 805000 | C7: 45665 | D7: 200000 | E7: =XLOOKUP(A7,C:C,D:D,"") -> 1101000 | F7: 45663 | G7: =XLOOKUP(F7,A:A,B:B,"") -> 805000 | H7: =XLOOKUP(F7,C:C,D:D,"") -> 1101000 | I7: =G7-H7 -> -296000
A8: 45664 | B8: 1232000 | C8: 45666 | D8: 587250 | E8: =XLOOKUP(A8,C:C,D:D,"") -> 1114000 | F8: 45664 | G8: =XLOOKUP(F8,A:A,B:B,"") -> 1232000 | H8: =XLOOKUP(F8,C:C,D:D,"") -> 1114000 | I8: =G8-H8 -> 118000
A9: 45665 | B9: 1620000 | C9: 45667 | D9: 56000 | E9: =XLOOKUP(A9,C:C,D:D,"") -> 200000 | F9: 45665 | G9: =XLOOKUP(F9,A:A,B:B,"") -> 1620000 | H9: =XLOOKUP(F9,C:C,D:D,"") -> 200000 | I9: =G9-H9 -> 1420000
A10: 45666 | B10: 475000 | C10: 45668 | D10: 1357000 | E10: =XLOOKUP(A10,C:C,D:D,"") -> 587250 | F10: 45666 | G10: =XLOOKUP(F10,A:A,B:B,"") -> 475000 | H10: =XLOOKUP(F10,C:C,D:D,"") -> 587250 | I10: =G10-H10 -> -112250
A11: 45667 | B11: 400000 | C11: 45669 | D11: 185000 | E11: =XLOOKUP(A11,C:C,D:D,"") -> 56000 | F11: 45667 | G11: =XLOOKUP(F11,A:A,B:B,"") -> 400000 | H11: =XLOOKUP(F11,C:C,D:D,"") -> 56000 | I11: =G11-H11 -> 344000
A12: 45668 | B12: 380000 | C12: 45670 | D12: 511500 | E12: =XLOOKUP(A12,C:C,D:D,"") -> 1357000 | F12: 45668 | G12: =XLOOKUP(F12,A:A,B:B,"") -> 380000 | H12: =XLOOKUP(F12,C:C,D:D,"") -> 1357000 | I12: =G12-H12 -> -977000
A13: 45669 | B13: 35000 | C13: 45671 | D13: 127000 | E13: =XLOOKUP(A13,C:C,D:D,"") -> 185000 | F13: 45669 | G13: =XLOOKUP(F13,A:A,B:B,"") -> 35000 | H13: =XLOOKUP(F13,C:C,D:D,"") -> 185000 | I13: =G13-H13 -> -150000
A14: 45670 | B14: 750000 | C14: 45672 | D14: 290000 | E14: =XLOOKUP(A14,C:C,D:D,"") -> 511500 | F14: 45670 | G14: =XLOOKUP(F14,A:A,B:B,"") -> 750000 | H14: =XLOOKUP(F14,C:C,D:D,"") -> 511500 | I14: =G14-H14 -> 238500
A15: 45671 | B15: 85000 | C15: 45673 | D15: 205000 | E15: =XLOOKUP(A15,C:C,D:D,"") -> 127000 | F15: 45671 | G15: =XLOOKUP(F15,A:A,B:B,"") -> 85000 | H15: =XLOOKUP(F15,C:C,D:D,"") -> 127000 | I15: =G15-H15 -> -42000
A16: 45672 | B16: 966000 | C16: 45674 | D16: 377000 | E16: =XLOOKUP(A16,C:C,D:D,"") -> 290000 | F16: 45672 | G16: =XLOOKUP(F16,A:A,B:B,"") -> 966000 | H16: =XLOOKUP(F16,C:C,D:D,"") -> 290000 | I16: =G16-H16 -> 676000
... A32: 45689 | B32: 20000 | C32: 45691 | D32: 2508000 | E32: =XLOOKUP(A32,C:C,D:D,"") -> 907000 | F32: 45688 | G32: =XLOOKUP(F32,A:A,B:B,"") -> 230000 | H32: =XLOOKUP(F32,C:C,D:D,"") -> 250000 | I32: =G32-H32 -> -20000
G33: =SUM(G2:G32) -> 21587500 | H33: =SUM(H2:H32) -> 17231000 | I33: =SUM(I2:I32) -> 4356500 | J33: =G33-H33 -> 4356500
A34: 45690 | B34: 2320000 | C34: 45692 | D34: 1114000 | E34: =XLOOKUP(A34,C:C,D:D,"") -> 397000 | F34: 45689 | G34: =XLOOKUP(F34,A:A,B:B,"") -> 20000 | H34: =XLOOKUP(F34,C:C,D:D,"") -> 907000 | I34: =G34-H34 -> -887000
A35: 45691 | B35: 2390000 | C35: 45693 | D35: 1761500 | E35: =XLOOKUP(A35,C:C,D:D,"") -> 2508000 | F35: 45690 | G35: =XLOOKUP(F35,A:A,B:B,"") -> 2320000 | H35: =XLOOKUP(F35,C:C,D:D,"") -> 397000 | I35: =G35-H35 -> 1923000
A36: 45692 | B36: 1710000 | C36: 45694 | D36: 1818500 | E36: =XLOOKUP(A36,C:C,D:D,"") -> 1114000 | F36: 45691 | G36: =XLOOKUP(F36,A:A,B:B,"") -> 2390000 | H36: =XLOOKUP(F36,C:C,D:D,"") -> 2508000 | I36: =G36-H36 -> -118000
A37: 45693 | B37: 1518000 | C37: 45695 | D37: 388000 | E37: =XLOOKUP(A37,C:C,D:D,"") -> 1761500 | F37: 45692 | G37: =XLOOKUP(F37,A:A,B:B,"") -> 1710000 | H37: =XLOOKUP(F37,C:C,D:D,"") -> 1114000 | I37: =G37-H37 -> 596000
A38: 45694 | B38: 1560000 | C38: 45696 | D38: 150000 | E38: =XLOOKUP(A38,C:C,D:D,"") -> 1818500 | F38: 45693 | G38: =XLOOKUP(F38,A:A,B:B,"") -> 1518000 | H38: =XLOOKUP(F38,C:C,D:D,"") -> 1761500 | I38: =G38-H38 -> -243500
A39: 45695 | B39: 900000 | C39: 45697 | D39: 461000 | E39: =XLOOKUP(A39,C:C,D:D,"") -> 388000 | F39: 45694 | G39: =XLOOKUP(F39,A:A,B:B,"") -> 1560000 | H39: =XLOOKUP(F39,C:C,D:D,"") -> 1818500 | I39: =G39-H39 -> -258500
A40: 45696 | B40: 1095000 | C40: 45698 | D40: 1745000 | E40: =XLOOKUP(A40,C:C,D:D,"") -> 150000 | F40: 45695 | G40: =XLOOKUP(F40,A:A,B:B,"") -> 900000 | H40: =XLOOKUP(F40,C:C,D:D,"") -> 388000 | I40: =G40-H40 -> 512000
A41: 45697 | B41: 418000 | C41: 45699 | D41: 1675000 | E41: =XLOOKUP(A41,C:C,D:D,"") -> 461000 | F41: 45696 | G41: =XLOOKUP(F41,A:A,B:B,"") -> 1095000 | H41: =XLOOKUP(F41,C:C,D:D,"") -> 150000 | I41: =G41-H41 -> 945000
A42: 45698 | B42: 20000 | C42: 45700 | D42: 623000 | E42: =XLOOKUP(A42,C:C,D:D,"") -> 1745000 | F42: 45697 | G42: =XLOOKUP(F42,A:A,B:B,"") -> 418000 | H42: =XLOOKUP(F42,C:C,D:D,"") -> 461000 | I42: =G42-H42 -> -43000
A43: 45699 | B43: 600000 | C43: 45701 | D43: 471000 | E43: =XLOOKUP(A43,C:C,D:D,"") -> 1675000 | F43: 45698 | G43: =XLOOKUP(F43,A:A,B:B,"") -> 20000 | H43: =XLOOKUP(F43,C:C,D:D,"") -> 1745000 | I43: =G43-H43 -> -1725000
A44: 45700 | B44: 3980000 | C44: 45702 | D44: 563000 | E44: =XLOOKUP(A44,C:C,D:D,"") -> 623000 | F44: 45699 | G44: =XLOOKUP(F44,A:A,B:B,"") -> 600000 | H44: =XLOOKUP(F44,C:C,D:D,"") -> 1675000 | I44: =G44-H44 -> -1075000
A45: 45701 | B45: 150000 | C45: 45703 | D45: 403000 | E45: =XLOOKUP(A45,C:C,D:D,"") -> 471000 | F45: 45700 | G45: =XLOOKUP(F45,A:A,B:B,"") -> 3980000 | H45: =XLOOKUP(F45,C:C,D:D,"") -> 623000 | I45: =G45-H45 -> 3357000
... A61: 45717 | B61: 495000 | C61: 45720 | D61: 401000 | E61: =XLOOKUP(A61,C:C,D:D,"") -> 4437750 | F61: 45716 | G61: =XLOOKUP(F61,A:A,B:B,"") -> 955000 | H61: =XLOOKUP(F61,C:C,D:D,"") -> 1847000 | I61: =G61-H61 -> -892000
G62: =SUM(G34:G61) -> 26231000 | H62: =SUM(H34:H61) -> 27105750 | I62: =SUM(I34:I61) -> -874750 | J62: =G62-H62 -> -874750
A63: 45718 | B63: 2280000 | C63: 45721 | D63: 1784000 | E63: =XLOOKUP(A63,C:C,D:D,"") | F63: 45717 | G63: =XLOOKUP(F63,A:A,B:B,"") -> 495000 | H63: =XLOOKUP(F63,C:C,D:D,"") -> 4437750 | I63: =G63-H63 -> -3942750
A64: 45719 | B64: 166000 | C64: 45722 | D64: 2522000 | E64: =XLOOKUP(A64,C:C,D:D,"") -> 266000 | F64: 45718 | G64: =XLOOKUP(F64,A:A,B:B,"") -> 2280000 | H64: =XLOOKUP(F64,C:C,D:D,"") | I64: =G64-H64 -> 2280000
A65: 45720 | B65: 100000 | C65: 45723 | D65: 390000 | E65: =XLOOKUP(A65,C:C,D:D,"") -> 401000 | F65: 45719 | G65: =XLOOKUP(F65,A:A,B:B,"") -> 166000 | H65: =XLOOKUP(F65,C:C,D:D,"") -> 266000 | I65: =G65-H65 -> -100000
A66: 45721 | B66: 233000 | C66: 45724 | D66: 634000 | E66: =XLOOKUP(A66,C:C,D:D,"") -> 1784000 | F66: 45720 | G66: =XLOOKUP(F66,A:A,B:B,"") -> 100000 | H66: =XLOOKUP(F66,C:C,D:D,"") -> 401000 | I66: =G66-H66 -> -301000
A67: 45722 | B67: 500000 | C67: 45725 | D67: 5240000 | E67: =XLOOKUP(A67,C:C,D:D,"") -> 2522000 | F67: 45721 | G67: =XLOOKUP(F67,A:A,B:B,"") -> 233000 | H67: =XLOOKUP(F67,C:C,D:D,"") -> 1784000 | I67: =G67-H67 -> -1551000
A68: 45723 | B68: 295000 | C68: 45726 | D68: 206000 | E68: =XLOOKUP(A68,C:C,D:D,"") -> 390000 | F68: 45722 | G68: =XLOOKUP(F68,A:A,B:B,"") -> 500000 | H68: =XLOOKUP(F68,C:C,D:D,"") -> 2522000 | I68: =G68-H68 -> -2022000
A69: 45724 | B69: 16560000 | C69: 45727 | D69: 862500 | E69: =XLOOKUP(A69,C:C,D:D,"") -> 634000 | F69: 45723 | G69: =XLOOKUP(F69,A:A,B:B,"") -> 295000 | H69: =XLOOKUP(F69,C:C,D:D,"") -> 390000 | I69: =G69-H69 -> -95000
A70: 45725 | B70: 770000 | C70: 45728 | D70: 558000 | E70: =XLOOKUP(A70,C:C,D:D,"") -> 5240000 | F70: 45724 | G70: =XLOOKUP(F70,A:A,B:B,"") -> 16560000 | H70: =XLOOKUP(F70,C:C,D:D,"") -> 634000 | I70: =G70-H70 -> 15926000
A71: 45726 | B71: 255000 | C71: 45729 | D71: 1109250 | E71: =XLOOKUP(A71,C:C,D:D,"") -> 206000 | F71: 45725 | G71: =XLOOKUP(F71,A:A,B:B,"") -> 770000 | H71: =XLOOKUP(F71,C:C,D:D,"") -> 5240000 | I71: =G71-H71 -> -4470000
A72: 45727 | B72: 820000 | C72: 45730 | D72: 540000 | E72: =XLOOKUP(A72,C:C,D:D,"") -> 862500 | F72: 45726 | G72: =XLOOKUP(F72,A:A,B:B,"") -> 255000 | H72: =XLOOKUP(F72,C:C,D:D,"") -> 206000 | I72: =G72-H72 -> 49000
A73: 45728 | B73: 710000 | C73: 45731 | D73: 695500 | E73: =XLOOKUP(A73,C:C,D:D,"") -> 558000 | F73: 45727 | G73: =XLOOKUP(F73,A:A,B:B,"") -> 820000 | H73: =XLOOKUP(F73,C:C,D:D,"") -> 862500 | I73: =G73-H73 -> -42500
