Workbook
Name MY_FUNCTION1: LAMBDA(SUMIFS(Calculations!$B:$B, Attendance!$B:$B, Dashboard!$T$3, Attendance!$A:$A, ">="&Dashboard!$W$8, Attendance!$A:$A, "<="&EOMONTH(Dashboard!$W$8,0)))

Sheet Dashboard
T2: الاسم
T3: حسين سالم | AO3: FALSE
K5: سعر الساعة | N5: الراتب الاسمي | Q5: الراتب الصافي
B6: FALSE | K6: =(VLOOKUP(T3, Employees!A:B, 2, 0) / DAY(EOMONTH(W8, 0))) /9 -> 2777.7778 | N6: =VLOOKUP(T3, Employees!A:B, 2, 0) -> 750000 | Q6: =(T8) - (B14 + K14+N14+Q14+E14) -> -1234509.3 | T6: الراتب الإجمالي
B8: مبلغ ايام الجمعة | E8: مجموع مبلغ الإضافي | H8: مجموع النقل والطعام | T8: =((W17-W21)*K6)+((W13*9)*(K6))+H10+E10+B10-H14 -> 1286990.7 | W8: 46113 | X8: الشهر الحالي
B10: =(W14*K6)*2 -> 190648.15 | E10: =SUMIFS(Calculations!D:D, Attendance!B:B, T3, Attendance!A:A, ">="&W8, Attendance!A:A, "<="&EOMONTH(W8,0)) -> 58611.111 | H10: =(100000 / W10) * W16 -> 100000 | W10: =_xlfn.NETWORKDAYS.INTL(W8, EOMONTH(W8,0), 16) -> 26 | X10: عدد ايام الشهر عدا الجمعة
W12: =DAY(EOMONTH(W8,0))-W10 -> 4 | X12: عدد ايام الجمعة لهذا الشهر
B13: الغرامات | E13: الديون | H13: مجموع مبلغ التأخير | K13: مجموع السلف | N13: الطلب السابق | Q13: المستلم | W13: =SUMIFS('الجمعة + الغياب'!$F$2:$F44, 'الجمعة + الغياب'!$A$2:$A44, T3, 'الجمعة + الغياب'!$B$2:$B44, MONTH(W8)) -> 4 | X13: عدد الجمع التي حققت 6 ايام
B14: =SUMIFS(Attendance!H:H, Attendance!B:B, T3, Attendance!A:A, ">="&W8, Attendance!A:A, "<="&EOMONTH(W8,0)) -> 0 | E14: {=XLOOKUP(T3, 'الديون'!A:A, 'الديون'!E:E, 0)} -> 2261000 | H14: =SUMIFS(Calculations!C:C, Attendance!B:B, T3, Attendance!A:A, ">="&W8, Attendance!A:A, "<="&EOMONTH(W8,0)) -> 2037.037 | K14: =SUMPRODUCT(('السلفة'!$E$3:$E$22=TRIM(T3))*(TEXT('السلفة'!$F2:$I2,"yyyy-mm")=TEXT(W8,"yyyy-mm"))*('السلفة'!$F$3:$I$22)) -> 260500 | N14: 0 | Q14: 0 | W14: =SUMIFS(Attendance!$G$29:$G44, Attendance!$B$29:$B44, $T$3, Attendance!$F$29:$F44, MONTH($W$8), Attendance!$E$29:$E44, "الجمعة") -> 34.316667 | X14: عدد ساعات الجمعة
W16: =IFERROR(__xludf.DUMMYFUNCTION("COUNTUNIQUEIFS(Attendance!$A$29:$A44, Attendance!$B$29:$B44, $T$3, Attendance!$F$29:$F44, MONTH($W$8))-W18"),26.0) -> 26 | X16: عدد أيام الدوام
B17: ساعات اضافي سنوي | E17: مجموع ايام سنوي | H17: مجموع ساعات السنوي | K17: مجموع جمعة سنوي | W17: =SUMIFS(Attendance!$G$29:$G44, Attendance!$B$29:$B44, $T$3, Attendance!$F$29:$F44, MONTH($W$8), Attendance!$E$29:$E44, "<>الجمعة") -> 327.73333 | X17: عدد ساعات ايام الدوام
B18: =SUMIF(Attendance!$B$29:$B44, $T$3, Attendance!$M$29:$M44) -> 135.41667 | E18: =COUNTIF(Attendance!$B$29:$B44, $T$3) -> 30 | H18: =SUMIF(Attendance!$B$29:$B44, $T$3, Attendance!$G$29:$G44) -> 362.05 | K18: =COUNTIFS(Attendance!$B$29:$B44, $T$3, Attendance!$K$29:$K44, "جمعة") -> 3 | W18: =IFERROR(__xludf.DUMMYFUNCTION("COUNTUNIQUEIFS(Attendance!$A$29:$A44, Attendance!$B$29:$B44, $T$3, Attendance!$F$29:$F44, MONTH($W$8), Attendance!$E$29:$E44, ""الجمعة"")"),3.0) -> 3 | X18: عدد ايام حضور الجمعة
B20: سلفة سنوي | E20: اضافي سنوي | H20: راتب اجمالي سنوي | K20: راتب صافي سنوي | N20: نقل و طعام سنوي | Q20: تأخير سنوي | W20: =IFERROR(__xludf.DUMMYFUNCTION("NETWORKDAYS.INTL(W8, MIN(TODAY(), EOMONTH(W8, 0)), ""0000100"") - COUNTUNIQUEIFS(Attendance!$A$29:$A44, Attendance!$B$29:$B44, $T$3, Attendance!$A$29:$A44, "">=""&$W$8, Attendance!$A$29:$A44, ""<=""&MIN(TODAY(), EOMONTH(W8, 0)), Attendance!$E$29:$E44, ""<"&">الجمعة"")"),0.0) -> 0 | X20: ايام الغياب
B21: {=SUM(XLOOKUP(TRIM(T3), 'السلفة'!$E$2:$E$22, 'السلفة'!$F$2:$I$22))} -> 3370250 | E21: =SUMPRODUCT((TRIM(Data!$A$2:$A$)=TRIM($T$3))*(Data!$F$2:$F$)) + $E$10 -> #ERROR! | H21: =SUMPRODUCT((TRIM(Data!$A$3:$A$491)=TRIM($T$3))*(Data!$K$3:$K$491)) + $T$8 -> #VALUE! | K21: =H21+E21+N21-B21-Q21-Q14-N14 -> #VALUE! | N21: =SUMPRODUCT((TRIM(Data!$A$3:$A$491)=TRIM($T$3))*(Data!$H$3:$H$491)) + $H$10 -> #VALUE! | Q21: =SUMPRODUCT((TRIM(Data!$A$3:$A$491)=TRIM($T$3))*(Data!$J$3:$J$491)) + $H$14 -> #VALUE! | W21: {=SUM(IF((Attendance!$B$29:$B44=$T$3)*(Attendance!$F$29:$F44=MONTH($W$8)), IF(Attendance!$D$29:$D44>TIME(18,0,0), (Attendance!$D$29:$D44-TIME(18,0,0))*24, 0), 0))} -> 25.416667 | X21: عدد ساعات الاضافي
E23: راتب كلي سنوي | W23: =W17-W21 -> 302.31667
E24: =SUM(Data!$K$3:$K$990) -> 0
AN27: مجاميع كل الموضفين سنة 2026
AO29: راتب
AO31: سلفة
AO33: ساعات
AO35: حضور
AO37: غياب
AO39: جمعة

Sheet السلفة
E1: =SUM(F1:M1) -> 9880750 | F1: =SUM(F3:F22) -> 3777000 | G1: =SUM(G3:G22) -> 2358000 | H1: =SUM(H3:H22) -> 2284750 | I1: =SUM(I3:I22) -> 1461000 | J1: =SUM(J3:J22) -> 0
A2: التاريخ | B2: الاسم | C2: المبلغ | E2: =IFERROR(__xludf.DUMMYFUNCTION("QUERY(ARRAYFORMULA({TEXT('الحركات'!A2:A1001, ""YYYY-MM""), 'الحركات'!C2:C1001, IFERROR(VALUE(REGEXREPLACE('الحركات'!D2:D1001 & """", ""[^\d]"", """")), 0) + IFERROR(VALUE(REGEXREPLACE('الحركات'!F2:F1001 & """", ""[^\d]"", """")), 0), 'الحركات'!B2:B1001}),"&" ""select Col2, sum(Col3) where Col4 = 'سلفة' and Col2 is not null group by Col2 pivot Col1 label Col2 'اسم الموظف'"")"),"اسم الموظف") -> اسم الموظف | F2: =IFERROR(__xludf.DUMMYFUNCTION("""COMPUTED_VALUE"""),"2026-01") -> 2026-01 | G2: =IFERROR(__xludf.DUMMYFUNCTION("""COMPUTED_VALUE"""),"2026-02") -> 2026-02 | H2: =IFERROR(__xludf.DUMMYFUNCTION("""COMPUTED_VALUE"""),"2026-03") -> 2026-03 | I2: =IFERROR(__xludf.DUMMYFUNCTION("""COMPUTED_VALUE"""),"2026-04") -> 2026-04 | L2: المستحق | M2: مجموع السلفة | N2: المستلم | O2: المتبقي
A3: =IFERROR(__xludf.DUMMYFUNCTION("FILTER({'الحركات'!A2:A1001, 'الحركات'!C2:C1001, IFERROR(VALUE(REGEXREPLACE('الحركات'!D2:D1001 & """", ""[^\d]"", """")), 0) + IFERROR(VALUE(REGEXREPLACE('الحركات'!F2:F1001 & """", ""[^\d]"", """")), 0)}, 'الحركات'!B2:B1001=""سلفة"")"),46037.0) -> 46037 | B3: =IFERROR(__xludf.DUMMYFUNCTION("""COMPUTED_VALUE"""),"علي الباكستاني") -> علي الباكستاني | C3: =IFERROR(__xludf.DUMMYFUNCTION("""COMPUTED_VALUE"""),10000.0) -> 10000 | E3: =IFERROR(__xludf.DUMMYFUNCTION("""COMPUTED_VALUE"""),"احمد") -> احمد | G3: =IFERROR(__xludf.DUMMYFUNCTION("""COMPUTED_VALUE"""),5000.0) -> 5000 | L3: 5000 | M3: =SUM(F3:J3) -> 5000 | N3: 0 | O3: =M3+N3-L3 -> 0
A4: =IFERROR(__xludf.DUMMYFUNCTION("""COMPUTED_VALUE"""),46039.0) -> 46039 | B4: =IFERROR(__xludf.DUMMYFUNCTION("""COMPUTED_VALUE"""),"حيدر المحاسب") -> حيدر المحاسب | C4: =IFERROR(__xludf.DUMMYFUNCTION("""COMPUTED_VALUE"""),50000.0) -> 50000 | E4: =IFERROR(__xludf.DUMMYFUNCTION("""COMPUTED_VALUE"""),"احمد امين") -> احمد امين | G4: =IFERROR(__xludf.DUMMYFUNCTION("""COMPUTED_VALUE"""),50000.0) -> 50000 | L4: 50000 | M4: =SUM(F4:J4) -> 50000 | N4: 0 | O4: =M4+N4-L4 -> 0
A5: =IFERROR(__xludf.DUMMYFUNCTION("""COMPUTED_VALUE"""),46039.0) -> 46039 | B5: =IFERROR(__xludf.DUMMYFUNCTION("""COMPUTED_VALUE"""),"حيدر يافوز") -> حيدر يافوز | C5: =IFERROR(__xludf.DUMMYFUNCTION("""COMPUTED_VALUE"""),288000.0) -> 288000 | E5: =IFERROR(__xludf.DUMMYFUNCTION("""COMPUTED_VALUE"""),"حسين سالم") -> حسين سالم | F5: =IFERROR(__xludf.DUMMYFUNCTION("""COMPUTED_VALUE"""),2436000.0) -> 2436000 | G5: =IFERROR(__xludf.DUMMYFUNCTION("""COMPUTED_VALUE"""),425000.0) -> 425000 | H5: =IFERROR(__xludf.DUMMYFUNCTION("""COMPUTED_VALUE"""),248750.0) -> 248750 | I5: =IFERROR(__xludf.DUMMYFUNCTION("""COMPUTED_VALUE"""),260500.0) -> 260500 | L5: =861000+1342000+886000 -> 3089000 | M5: =SUM(F5:J5) -> 3370250 | N5: =750000+800000+700000+500000 -> 2750000 | O5: =L5-M5-N5 -> -3031250
A6: =IFERROR(__xludf.DUMMYFUNCTION("""COMPUTED_VALUE"""),46040.0) -> 46040 | B6: =IFERROR(__xludf.DUMMYFUNCTION("""COMPUTED_VALUE"""),"حسين سالم") -> حسين سالم | C6: =IFERROR(__xludf.DUMMYFUNCTION("""COMPUTED_VALUE"""),2226000.0) -> 2226000 | E6: =IFERROR(__xludf.DUMMYFUNCTION("""COMPUTED_VALUE"""),"حيدر المحاسب") -> حيدر المحاسب | F6: =IFERROR(__xludf.DUMMYFUNCTION("""COMPUTED_VALUE"""),233000.0) -> 233000 | G6: =IFERROR(__xludf.DUMMYFUNCTION("""COMPUTED_VALUE"""),50000.0) -> 50000 | H6: =IFERROR(__xludf.DUMMYFUNCTION("""COMPUTED_VALUE"""),418000.0) -> 418000 | L6: 1400000 | M6: =SUM(F6:J6) -> 701000 | N6: 349000 | O6: =L6-M6-N6 -> 350000
A7: =IFERROR(__xludf.DUMMYFUNCTION("""COMPUTED_VALUE"""),46041.0) -> 46041 | B7: =IFERROR(__xludf.DUMMYFUNCTION("""COMPUTED_VALUE"""),"حسين سالم") -> حسين سالم | C7: =IFERROR(__xludf.DUMMYFUNCTION("""COMPUTED_VALUE"""),5000.0) -> 5000 | E7: =IFERROR(__xludf.DUMMYFUNCTION("""COMPUTED_VALUE"""),"حيدر محمد") -> حيدر محمد | F7: =IFERROR(__xludf.DUMMYFUNCTION("""COMPUTED_VALUE"""),70000.0) -> 70000 | G7: =IFERROR(__xludf.DUMMYFUNCTION("""COMPUTED_VALUE"""),298000.0) -> 298000 | H7: =IFERROR(__xludf.DUMMYFUNCTION("""COMPUTED_VALUE"""),410000.0) -> 410000 | I7: =IFERROR(__xludf.DUMMYFUNCTION("""COMPUTED_VALUE"""),232750.0) -> 232750 | L7: 923000 | M7: =I7 -> 232750 | O7: =L7-M7-N7 -> 690250
A8: =IFERROR(__xludf.DUMMYFUNCTION("""COMPUTED_VALUE"""),46041.0) -> 46041 | B8: =IFERROR(__xludf.DUMMYFUNCTION("""COMPUTED_VALUE"""),"حسين سالم") -> حسين سالم | C8: =IFERROR(__xludf.DUMMYFUNCTION("""COMPUTED_VALUE"""),25000.0) -> 25000 | E8: =IFERROR(__xludf.DUMMYFUNCTION("""COMPUTED_VALUE"""),"حيدر يافوز") -> حيدر يافوز | F8: =IFERROR(__xludf.DUMMYFUNCTION("""COMPUTED_VALUE"""),353000.0) -> 353000 | G8: =IFERROR(__xludf.DUMMYFUNCTION("""COMPUTED_VALUE"""),415000.0) -> 415000 | H8: =IFERROR(__xludf.DUMMYFUNCTION("""COMPUTED_VALUE"""),418500.0) -> 418500 | I8: =IFERROR(__xludf.DUMMYFUNCTION("""COMPUTED_VALUE"""),461250.0) -> 461250 | L8: =1563000 -> 1563000 | M8: =SUM(F8:I8) -> 1647750 | N8: 600000 | O8: =L8-M8-N8 -> -684750
A9: =IFERROR(__xludf.DUMMYFUNCTION("""COMPUTED_VALUE"""),46041.0) -> 46041 | B9: =IFERROR(__xludf.DUMMYFUNCTION("""COMPUTED_VALUE"""),"حيدر المحاسب") -> حيدر المحاسب | C9: =IFERROR(__xludf.DUMMYFUNCTION("""COMPUTED_VALUE"""),183000.0) -> 183000 | E9: =IFERROR(__xludf.DUMMYFUNCTION("""COMPUTED_VALUE"""),"حيدر يافوز بغداد") -> حيدر يافوز بغداد | H9: =IFERROR(__xludf.DUMMYFUNCTION("""COMPUTED_VALUE"""),500000.0) -> 500000 | L9: 500000 | M9: =SUM(F9:J9) -> 500000 | O9: =L9-M9-N9 -> 0
A10: =IFERROR(__xludf.DUMMYFUNCTION("""COMPUTED_VALUE"""),46041.0) -> 46041 | B10: =IFERROR(__xludf.DUMMYFUNCTION("""COMPUTED_VALUE"""),"حيدر محمد") -> حيدر محمد | C10: =IFERROR(__xludf.DUMMYFUNCTION("""COMPUTED_VALUE"""),10000.0) -> 10000 | E10: =IFERROR(__xludf.DUMMYFUNCTION("""COMPUTED_VALUE"""),"خضر عبد الخالق") -> خضر عبد الخالق | F10: =IFERROR(__xludf.DUMMYFUNCTION("""COMPUTED_VALUE"""),605000.0) -> 605000 | G10: =IFERROR(__xludf.DUMMYFUNCTION("""COMPUTED_VALUE"""),48000.0) -> 48000 | H10: =IFERROR(__xludf.DUMMYFUNCTION("""COMPUTED_VALUE"""),68500.0) -> 68500 | L10: 1579000 | M10: 1066000 | N10: 1000000 | O10: =L10-M10-N10 -> -487000
A11: =IFERROR(__xludf.DUMMYFUNCTION("""COMPUTED_VALUE"""),46041.0) -> 46041 | B11: =IFERROR(__xludf.DUMMYFUNCTION("""COMPUTED_VALUE"""),"حيدر محمد") -> حيدر محمد | C11: =IFERROR(__xludf.DUMMYFUNCTION("""COMPUTED_VALUE"""),10000.0) -> 10000 | E11: =IFERROR(__xludf.DUMMYFUNCTION("""COMPUTED_VALUE"""),"سجاد") -> سجاد | F11: =IFERROR(__xludf.DUMMYFUNCTION("""COMPUTED_VALUE"""),25000.0) -> 25000 | G11: =IFERROR(__xludf.DUMMYFUNCTION("""COMPUTED_VALUE"""),42000.0) -> 42000 | L11: 67000 | M11: =SUM(F11:J11) -> 67000 | O11: =L11-M11-N11 -> 0
A12: =IFERROR(__xludf.DUMMYFUNCTION("""COMPUTED_VALUE"""),46041.0) -> 46041 | B12: =IFERROR(__xludf.DUMMYFUNCTION("""COMPUTED_VALUE"""),"حيدر يافوز") -> حيدر يافوز | C12: =IFERROR(__xludf.DUMMYFUNCTION("""COMPUTED_VALUE"""),5000.0) -> 5000 | E12: =IFERROR(__xludf.DUMMYFUNCTION("""COMPUTED_VALUE"""),"سجاد حديد") -> سجاد حديد | G12: =IFERROR(__xludf.DUMMYFUNCTION("""COMPUTED_VALUE"""),30000.0) -> 30000 | L12: 30000 | M12: =SUM(F12:J12) -> 30000 | O12: =L12-M12-N12 -> 0
A13: =IFERROR(__xludf.DUMMYFUNCTION("""COMPUTED_VALUE"""),46041.0) -> 46041 | B13: =IFERROR(__xludf.DUMMYFUNCTION("""COMPUTED_VALUE"""),"حيدر يافوز") -> حيدر يافوز | C13: =IFERROR(__xludf.DUMMYFUNCTION("""COMPUTED_VALUE"""),5000.0) -> 5000 | E13: =IFERROR(__xludf.DUMMYFUNCTION("""COMPUTED_VALUE"""),"سجاد رعد") -> سجاد رعد | G13: =IFERROR(__xludf.DUMMYFUNCTION("""COMPUTED_VALUE"""),15000.0) -> 15000 | L13: 15000 | M13: =SUM(F13:J13) -> 15000 | O13: =L13-M13-N13 -> 0
A14: =IFERROR(__xludf.DUMMYFUNCTION("""COMPUTED_VALUE"""),46041.0) -> 46041 | B14: =IFERROR(__xludf.DUMMYFUNCTION("""COMPUTED_VALUE"""),"علي الباكستاني") -> علي الباكستاني | C14: =IFERROR(__xludf.DUMMYFUNCTION("""COMPUTED_VALUE"""),5000.0) -> 5000 | E14: =IFERROR(__xludf.DUMMYFUNCTION("""COMPUTED_VALUE"""),"طعام") -> طعام | F14: =IFERROR(__xludf.DUMMYFUNCTION("""COMPUTED_VALUE"""),30000.0) -> 30000 | G14: =IFERROR(__xludf.DUMMYFUNCTION("""COMPUTED_VALUE"""),420000.0) -> 420000 | H14: =IFERROR(__xludf.DUMMYFUNCTION("""COMPUTED_VALUE"""),78000.0) -> 78000 | I14: =IFERROR(__xludf.DUMMYFUNCTION("""COMPUTED_VALUE"""),36000.0) -> 36000 | L14: 604000 | M14: =SUM(F14:J14) -> 564000 | O14: =L14-M14-N14 -> 40000
A15: =IFERROR(__xludf.DUMMYFUNCTION("""COMPUTED_VALUE"""),46041.0) -> 46041 | B15: =IFERROR(__xludf.DUMMYFUNCTION("""COMPUTED_VALUE"""),"علي الباكستاني") -> علي الباكستاني | C15: =IFERROR(__xludf.DUMMYFUNCTION("""COMPUTED_VALUE"""),5000.0) -> 5000 | E15: =IFERROR(__xludf.DUMMYFUNCTION("""COMPUTED_VALUE"""),"عبدالرحمن") -> عبدالرحمن | I15: =IFERROR(__xludf.DUMMYFUNCTION("""COMPUTED_VALUE"""),32000.0) -> 32000 | L15: 349000 | M15: =SUM(F15:J15) -> 32000 | O15: =L15-M15-N15 -> 317000
A16: =IFERROR(__xludf.DUMMYFUNCTION("""COMPUTED_VALUE"""),46042.0) -> 46042 | B16: =IFERROR(__xludf.DUMMYFUNCTION("""COMPUTED_VALUE"""),"طعام") -> طعام | C16: =IFERROR(__xludf.DUMMYFUNCTION("""COMPUTED_VALUE"""),25000.0) -> 25000 | E16: =IFERROR(__xludf.DUMMYFUNCTION("""COMPUTED_VALUE"""),"عبدالله هاشم") -> عبدالله هاشم | G16: =IFERROR(__xludf.DUMMYFUNCTION("""COMPUTED_VALUE"""),183000.0) -> 183000 | H16: =IFERROR(__xludf.DUMMYFUNCTION("""COMPUTED_VALUE"""),103000.0) -> 103000 | I16: =IFERROR(__xludf.DUMMYFUNCTION("""COMPUTED_VALUE"""),303250.0) -> 303250 | L16: 160000 | M16: =SUM(F16:J16) -> 589250 | O16: =L16-M16-N16 -> -429250
A17: =IFERROR(__xludf.DUMMYFUNCTION("""COMPUTED_VALUE"""),46043.0) -> 46043 | B17: =IFERROR(__xludf.DUMMYFUNCTION("""COMPUTED_VALUE"""),"حسين سالم") -> حسين سالم | C17: =IFERROR(__xludf.DUMMYFUNCTION("""COMPUTED_VALUE"""),125000.0) -> 125000 | E17: =IFERROR(__xludf.DUMMYFUNCTION("""COMPUTED_VALUE"""),"علي الباكستاني") -> علي الباكستاني | F17: =IFERROR(__xludf.DUMMYFUNCTION("""COMPUTED_VALUE"""),25000.0) -> 25000 | G17: =IFERROR(__xludf.DUMMYFUNCTION("""COMPUTED_VALUE"""),15000.0) -> 15000 | H17: =IFERROR(__xludf.DUMMYFUNCTION("""COMPUTED_VALUE"""),40000.0) -> 40000 | I17: =IFERROR(__xludf.DUMMYFUNCTION("""COMPUTED_VALUE"""),135250.0) -> 135250 | L17: 50000 | M17: =SUM(F17:J17) -> 215250 | O17: =L17-M17-N17 -> -165250
A18: =IFERROR(__xludf.DUMMYFUNCTION("""COMPUTED_VALUE"""),46043.0) -> 46043 | B18: =IFERROR(__xludf.DUMMYFUNCTION("""COMPUTED_VALUE"""),"طعام") -> طعام | C18: =IFERROR(__xludf.DUMMYFUNCTION("""COMPUTED_VALUE"""),5000.0) -> 5000 | E18: =IFERROR(__xludf.DUMMYFUNCTION("""COMPUTED_VALUE"""),"علي عارف") -> علي عارف | G18: =IFERROR(__xludf.DUMMYFUNCTION("""COMPUTED_VALUE"""),50000.0) -> 50000 | L18: 25000 | M18: =SUM(F18:J18) -> 50000 | O18: =L18-M18-N18 -> -25000
A19: =IFERROR(__xludf.DUMMYFUNCTION("""COMPUTED_VALUE"""),46043.0) -> 46043 | B19: =IFERROR(__xludf.DUMMYFUNCTION("""COMPUTED_VALUE"""),"حيدر يافوز") -> حيدر يافوز | C19: =IFERROR(__xludf.DUMMYFUNCTION("""COMPUTED_VALUE"""),25000.0) -> 25000 | E19: =IFERROR(__xludf.DUMMYFUNCTION("""COMPUTED_VALUE"""),"علي يوسف") -> علي يوسف | G19: =IFERROR(__xludf.DUMMYFUNCTION("""COMPUTED_VALUE"""),25000.0) -> 25000 | L19: 85000 | M19: =SUM(F19:J19) -> 25000 | O19: =L19-M19-N19 -> 60000
A20: =IFERROR(__xludf.DUMMYFUNCTION("""COMPUTED_VALUE"""),46043.0) -> 46043 | B20: =IFERROR(__xludf.DUMMYFUNCTION("""COMPUTED_VALUE"""),"خضر عبد الخالق") -> خضر عبد الخالق | C20: =IFERROR(__xludf.DUMMYFUNCTION("""COMPUTED_VALUE"""),500000.0) -> 500000 | E20: =IFERROR(__xludf.DUMMYFUNCTION("""COMPUTED_VALUE"""),"محمد حسين الحداد") -> محمد حسين الحداد | G20: =IFERROR(__xludf.DUMMYFUNCTION("""COMPUTED_VALUE"""),85000.0) -> 85000 | L20: 120000 | M20: =SUM(F20:J20) -> 85000 | O20: =L20-M20-N20 -> 35000
A21: =IFERROR(__xludf.DUMMYFUNCTION("""COMPUTED_VALUE"""),46047.0) -> 46047 | B21: =IFERROR(__xludf.DUMMYFUNCTION("""COMPUTED_VALUE"""),"حسين سالم") -> حسين سالم | C21: =IFERROR(__xludf.DUMMYFUNCTION("""COMPUTED_VALUE"""),5000.0) -> 5000 | E21: =IFERROR(__xludf.DUMMYFUNCTION("""COMPUTED_VALUE"""),"مصطفى عبد الخالق ") -> مصطفى عبد الخالق | G21: =IFERROR(__xludf.DUMMYFUNCTION("""COMPUTED_VALUE"""),120000.0) -> 120000 | L21: 82000 | M21: =SUM(F21:J21) -> 120000 | O21: =L21-M21-N21 -> -38000
A22: =IFERROR(__xludf.DUMMYFUNCTION("""COMPUTED_VALUE"""),46047.0) -> 46047 | B22: =IFERROR(__xludf.DUMMYFUNCTION("""COMPUTED_VALUE"""),"حيدر يافوز") -> حيدر يافوز | C22: =IFERROR(__xludf.DUMMYFUNCTION("""COMPUTED_VALUE"""),5000.0) -> 5000 | E22: =IFERROR(__xludf.DUMMYFUNCTION("""COMPUTED_VALUE"""),"يوسف احمد") -> يوسف احمد | G22: =IFERROR(__xludf.DUMMYFUNCTION("""COMPUTED_VALUE"""),82000.0) -> 82000 | M22: =SUM(F22:J22) -> 82000 | O22: =L22-M22-N22 -> -82000
A23: =IFERROR(__xludf.DUMMYFUNCTION("""COMPUTED_VALUE"""),46047.0) -> 46047 | B23: =IFERROR(__xludf.DUMMYFUNCTION("""COMPUTED_VALUE"""),"خضر عبد الخالق") -> خضر عبد الخالق | C23: =IFERROR(__xludf.DUMMYFUNCTION("""COMPUTED_VALUE"""),5000.0) -> 5000 | E23: =IFERROR(__xludf.DUMMYFUNCTION("""COMPUTED_VALUE"""),"يوسف يعقوب") -> يوسف يعقوب | H23: =IFERROR(__xludf.DUMMYFUNCTION("""COMPUTED_VALUE"""),0.0) -> 0
A24: =IFERROR(__xludf.DUMMYFUNCTION("""COMPUTED_VALUE"""),46047.0) -> 46047 | B24: =IFERROR(__xludf.DUMMYFUNCTION("""COMPUTED_VALUE"""),"خضر عبد الخالق") -> خضر عبد الخالق | C24: =IFERROR(__xludf.DUMMYFUNCTION("""COMPUTED_VALUE"""),50000.0) -> 50000
A25: =IFERROR(__xludf.DUMMYFUNCTION("""COMPUTED_VALUE"""),46047.0) -> 46047 | B25: =IFERROR(__xludf.DUMMYFUNCTION("""COMPUTED_VALUE"""),"علي الباكستاني") -> علي الباكستاني | C25: =IFERROR(__xludf.DUMMYFUNCTION("""COMPUTED_VALUE"""),5000.0) -> 5000
A26: =IFERROR(__xludf.DUMMYFUNCTION("""COMPUTED_VALUE"""),46050.0) -> 46050 | B26: =IFERROR(__xludf.DUMMYFUNCTION("""COMPUTED_VALUE"""),"حسين سالم") -> حسين سالم | C26: =IFERROR(__xludf.DUMMYFUNCTION("""COMPUTED_VALUE"""),50000.0) -> 50000
A27: =IFERROR(__xludf.DUMMYFUNCTION("""COMPUTED_VALUE"""),46050.0) -> 46050 | B27: =IFERROR(__xludf.DUMMYFUNCTION("""COMPUTED_VALUE"""),"سجاد") -> سجاد | C27: =IFERROR(__xludf.DUMMYFUNCTION("""COMPUTED_VALUE"""),25000.0) -> 25000
A28: =IFERROR(__xludf.DUMMYFUNCTION("""COMPUTED_VALUE"""),46050.0) -> 46050 | B28: =IFERROR(__xludf.DUMMYFUNCTION("""COMPUTED_VALUE"""),"حيدر محمد") -> حيدر محمد | C28: =IFERROR(__xludf.DUMMYFUNCTION("""COMPUTED_VALUE"""),50000.0) -> 50000
A29: =IFERROR(__xludf.DUMMYFUNCTION("""COMPUTED_VALUE"""),46050.0) -> 46050 | B29: =IFERROR(__xludf.DUMMYFUNCTION("""COMPUTED_VALUE"""),"حيدر يافوز") -> حيدر يافوز | C29: =IFERROR(__xludf.DUMMYFUNCTION("""COMPUTED_VALUE"""),25000.0) -> 25000
A30: =IFERROR(__xludf.DUMMYFUNCTION("""COMPUTED_VALUE"""),46050.0) -> 46050 | B30: =IFERROR(__xludf.DUMMYFUNCTION("""COMPUTED_VALUE"""),"خضر عبد الخالق") -> خضر عبد الخالق | C30: =IFERROR(__xludf.DUMMYFUNCTION("""COMPUTED_VALUE"""),25000.0) -> 25000
A31: =IFERROR(__xludf.DUMMYFUNCTION("""COMPUTED_VALUE"""),46050.0) -> 46050 | B31: =IFERROR(__xludf.DUMMYFUNCTION("""COMPUTED_VALUE"""),"خضر عبد الخالق") -> خضر عبد الخالق | C31: =IFERROR(__xludf.DUMMYFUNCTION("""COMPUTED_VALUE"""),25000.0) -> 25000
A32: =IFERROR(__xludf.DUMMYFUNCTION("""COMPUTED_VALUE"""),46055.0) -> 46055 | B32: =IFERROR(__xludf.DUMMYFUNCTION("""COMPUTED_VALUE"""),"حسين سالم") -> حسين سالم | C32: =IFERROR(__xludf.DUMMYFUNCTION("""COMPUTED_VALUE"""),5000.0) -> 5000
A33: =IFERROR(__xludf.DUMMYFUNCTION("""COMPUTED_VALUE"""),46055.0) -> 46055 | B33: =IFERROR(__xludf.DUMMYFUNCTION("""COMPUTED_VALUE"""),"حسين سالم") -> حسين سالم | C33: =IFERROR(__xludf.DUMMYFUNCTION("""COMPUTED_VALUE"""),10000.0) -> 10000
A34: =IFERROR(__xludf.DUMMYFUNCTION("""COMPUTED_VALUE"""),46055.0) -> 46055 | B34: =IFERROR(__xludf.DUMMYFUNCTION("""COMPUTED_VALUE"""),"سجاد") -> سجاد | C34: =IFERROR(__xludf.DUMMYFUNCTION("""COMPUTED_VALUE"""),5000.0) -> 5000
A35: =IFERROR(__xludf.DUMMYFUNCTION("""COMPUTED_VALUE"""),46055.0) -> 46055 | B35: =IFERROR(__xludf.DUMMYFUNCTION("""COMPUTED_VALUE"""),"حيدر محمد") -> حيدر محمد | C35: =IFERROR(__xludf.DUMMYFUNCTION("""COMPUTED_VALUE"""),5000.0) -> 5000
A36: =IFERROR(__xludf.DUMMYFUNCTION("""COMPUTED_VALUE"""),46055.0) -> 46055 | B36: =IFERROR(__xludf.DUMMYFUNCTION("""COMPUTED_VALUE"""),"حيدر محمد") -> حيدر محمد | C36: =IFERROR(__xludf.DUMMYFUNCTION("""COMPUTED_VALUE"""),10000.0) -> 10000
A37: =IFERROR(__xludf.DUMMYFUNCTION("""COMPUTED_VALUE"""),46055.0) -> 46055 | B37: =IFERROR(__xludf.DUMMYFUNCTION("""COMPUTED_VALUE"""),"حيدر محمد") -> حيدر محمد | C37: =IFERROR(__xludf.DUMMYFUNCTION("""COMPUTED_VALUE"""),5000.0) -> 5000
A38: =IFERROR(__xludf.DUMMYFUNCTION("""COMPUTED_VALUE"""),46055.0) -> 46055 | B38: =IFERROR(__xludf.DUMMYFUNCTION("""COMPUTED_VALUE"""),"حيدر محمد") -> حيدر محمد | C38: =IFERROR(__xludf.DUMMYFUNCTION("""COMPUTED_VALUE"""),10000.0) -> 10000
A39: =IFERROR(__xludf.DUMMYFUNCTION("""COMPUTED_VALUE"""),46055.0) -> 46055 | B39: =IFERROR(__xludf.DUMMYFUNCTION("""COMPUTED_VALUE"""),"خضر عبد الخالق") -> خضر عبد الخالق | C39: =IFERROR(__xludf.DUMMYFUNCTION("""COMPUTED_VALUE"""),5000.0) -> 5000
A40: =IFERROR(__xludf.DUMMYFUNCTION("""COMPUTED_VALUE"""),46055.0) -> 46055 | B40: =IFERROR(__xludf.DUMMYFUNCTION("""COMPUTED_VALUE"""),"علي الباكستاني") -> علي الباكستاني | C40: =IFERROR(__xludf.DUMMYFUNCTION("""COMPUTED_VALUE"""),5000.0) -> 5000
A41: =IFERROR(__xludf.DUMMYFUNCTION("""COMPUTED_VALUE"""),46056.0) -> 46056 | B41: =IFERROR(__xludf.DUMMYFUNCTION("""COMPUTED_VALUE"""),"حيدر يافوز") -> حيدر يافوز | C41: =IFERROR(__xludf.DUMMYFUNCTION("""COMPUTED_VALUE"""),259000.0) -> 259000
A42: =IFERROR(__xludf.DUMMYFUNCTION("""COMPUTED_VALUE"""),46056.0) -> 46056 | B42: =IFERROR(__xludf.DUMMYFUNCTION("""COMPUTED_VALUE"""),"حسين سالم") -> حسين سالم | C42: =IFERROR(__xludf.DUMMYFUNCTION("""COMPUTED_VALUE"""),5000.0) -> 5000
A43: =IFERROR(__xludf.DUMMYFUNCTION("""COMPUTED_VALUE"""),46056.0) -> 46056 | B43: =IFERROR(__xludf.DUMMYFUNCTION("""COMPUTED_VALUE"""),"سجاد رعد") -> سجاد رعد | C43: =IFERROR(__xludf.DUMMYFUNCTION("""COMPUTED_VALUE"""),15000.0) -> 15000
A44: =IFERROR(__xludf.DUMMYFUNCTION("""COMPUTED_VALUE"""),46056.0) -> 46056 | B44: =IFERROR(__xludf.DUMMYFUNCTION("""COMPUTED_VALUE"""),"عبدالله هاشم") -> عبدالله هاشم | C44: =IFERROR(__xludf.DUMMYFUNCTION("""COMPUTED_VALUE"""),5000.0) -> 5000
A45: =IFERROR(__xludf.DUMMYFUNCTION("""COMPUTED_VALUE"""),46056.0) -> 46056 | B45: =IFERROR(__xludf.DUMMYFUNCTION("""COMPUTED_VALUE"""),"يوسف احمد") -> يوسف احمد | C45: =IFERROR(__xludf.DUMMYFUNCTION("""COMPUTED_VALUE"""),5000.0) -> 5000
A46: =IFERROR(__xludf.DUMMYFUNCTION("""COMPUTED_VALUE"""),46056.0) -> 46056 | B46: =IFERROR(__xludf.DUMMYFUNCTION("""COMPUTED_VALUE"""),"حيدر محمد") -> حيدر محمد | C46: =IFERROR(__xludf.DUMMYFUNCTION("""COMPUTED_VALUE"""),5000.0) -> 5000
A47: =IFERROR(__xludf.DUMMYFUNCTION("""COMPUTED_VALUE"""),46057.0) -> 46057 | B47: =IFERROR(__xludf.DUMMYFUNCTION("""COMPUTED_VALUE"""),"عبدالله هاشم") -> عبدالله هاشم | C47: =IFERROR(__xludf.DUMMYFUNCTION("""COMPUTED_VALUE"""),25000.0) -> 25000
A48: =IFERROR(__xludf.DUMMYFUNCTION("""COMPUTED_VALUE"""),46057.0) -> 46057 | B48: =IFERROR(__xludf.DUMMYFUNCTION("""COMPUTED_VALUE"""),"مصطفى عبد الخالق ") -> مصطفى عبد الخالق | C48: =IFERROR(__xludf.DUMMYFUNCTION("""COMPUTED_VALUE"""),25000.0) -> 25000
A49: =IFERROR(__xludf.DUMMYFUNCTION("""COMPUTED_VALUE"""),46057.0) -> 46057 | B49: =IFERROR(__xludf.DUMMYFUNCTION("""COMPUTED_VALUE"""),"يوسف احمد") -> يوسف احمد | C49: =IFERROR(__xludf.DUMMYFUNCTION("""COMPUTED_VALUE"""),10000.0) -> 10000
A50: =IFERROR(__xludf.DUMMYFUNCTION("""COMPUTED_VALUE"""),46057.0) -> 46057 | B50: =IFERROR(__xludf.DUMMYFUNCTION("""COMPUTED_VALUE"""),"يوسف احمد") -> يوسف احمد | C50: =IFERROR(__xludf.DUMMYFUNCTION("""COMPUTED_VALUE"""),5000.0) -> 5000
A51: =IFERROR(__xludf.DUMMYFUNCTION("""COMPUTED_VALUE"""),46057.0) -> 46057 | B51: =IFERROR(__xludf.DUMMYFUNCTION("""COMPUTED_VALUE"""),"حيدر يافوز") -> حيدر يافوز | C51: =IFERROR(__xludf.DUMMYFUNCTION("""COMPUTED_VALUE"""),50000.0) -> 50000
A52: =IFERROR(__xludf.DUMMYFUNCTION("""COMPUTED_VALUE"""),46057.0) -> 46057 | B52: =IFERROR(__xludf.DUMMYFUNCTION("""COMPUTED_VALUE"""),"خضر عبد الخالق") -> خضر عبد الخالق | C52: =IFERROR(__xludf.DUMMYFUNCTION("""COMPUTED_VALUE"""),10000.0) -> 10000
A53: =IFERROR(__xludf.DUMMYFUNCTION("""COMPUTED_VALUE"""),46058.0) -> 46058 | B53: =IFERROR(__xludf.DUMMYFUNCTION("""COMPUTED_VALUE"""),"حسين سالم") -> حسين سالم | C53: =IFERROR(__xludf.DUMMYFUNCTION("""COMPUTED_VALUE"""),8000.0) -> 8000
A54: =IFERROR(__xludf.DUMMYFUNCTION("""COMPUTED_VALUE"""),46058.0) -> 46058 | B54: =IFERROR(__xludf.DUMMYFUNCTION("""COMPUTED_VALUE"""),"طعام") -> طعام | C54: =IFERROR(__xludf.DUMMYFUNCTION("""COMPUTED_VALUE"""),5000.0) -> 5000
A55: =IFERROR(__xludf.DUMMYFUNCTION("""COMPUTED_VALUE"""),46058.0) -> 46058 | B55: =IFERROR(__xludf.DUMMYFUNCTION("""COMPUTED_VALUE"""),"حيدر محمد") -> حيدر محمد | C55: =IFERROR(__xludf.DUMMYFUNCTION("""COMPUTED_VALUE"""),8000.0) -> 8000
A56: =IFERROR(__xludf.DUMMYFUNCTION("""COMPUTED_VALUE"""),46058.0) -> 46058 | B56: =IFERROR(__xludf.DUMMYFUNCTION("""COMPUTED_VALUE"""),"عبدالله هاشم") -> عبدالله هاشم | C56: =IFERROR(__xludf.DUMMYFUNCTION("""COMPUTED_VALUE"""),8000.0) -> 8000
A57: =IFERROR(__xludf.DUMMYFUNCTION("""COMPUTED_VALUE"""),46058.0) -> 46058 | B57: =IFERROR(__xludf.DUMMYFUNCTION("""COMPUTED_VALUE"""),"يوسف احمد") -> يوسف احمد | C57: =IFERROR(__xludf.DUMMYFUNCTION("""COMPUTED_VALUE"""),5000.0) -> 5000
A58: =IFERROR(__xludf.DUMMYFUNCTION("""COMPUTED_VALUE"""),46058.0) -> 46058 | B58: =IFERROR(__xludf.DUMMYFUNCTION("""COMPUTED_VALUE"""),"خضر عبد الخالق") -> خضر عبد الخالق | C58: =IFERROR(__xludf.DUMMYFUNCTION("""COMPUTED_VALUE"""),10000.0) -> 10000
A59: =IFERROR(__xludf.DUMMYFUNCTION("""COMPUTED_VALUE"""),46059.0) -> 46059 | B59: =IFERROR(__xludf.DUMMYFUNCTION("""COMPUTED_VALUE"""),"حسين سالم") -> حسين سالم | C59: =IFERROR(__xludf.DUMMYFUNCTION("""COMPUTED_VALUE"""),5000.0) -> 5000
A60: =IFERROR(__xludf.DUMMYFUNCTION("""COMPUTED_VALUE"""),46059.0) -> 46059 | B60: =IFERROR(__xludf.DUMMYFUNCTION("""COMPUTED_VALUE"""),"حيدر محمد") -> حيدر محمد | C60: =IFERROR(__xludf.DUMMYFUNCTION("""COMPUTED_VALUE"""),150000.0) -> 150000
A61: =IFERROR(__xludf.DUMMYFUNCTION("""COMPUTED_VALUE"""),46059.0) -> 46059 | B61: =IFERROR(__xludf.DUMMYFUNCTION("""COMPUTED_VALUE"""),"حيدر محمد") -> حيدر محمد | C61: =IFERROR(__xludf.DUMMYFUNCTION("""COMPUTED_VALUE"""),5000.0) -> 5000
A62: =IFERROR(__xludf.DUMMYFUNCTION("""COMPUTED_VALUE"""),46059.0) -> 46059 | B62: =IFERROR(__xludf.DUMMYFUNCTION("""COMPUTED_VALUE"""),"احمد") -> احمد | C62: =IFERROR(__xludf.DUMMYFUNCTION("""COMPUTED_VALUE"""),5000.0) -> 5000
A63: =IFERROR(__xludf.DUMMYFUNCTION("""COMPUTED_VALUE"""),46059.0) -> 46059 | B63: =IFERROR(__xludf.DUMMYFUNCTION("""COMPUTED_VALUE"""),"سجاد") -> سجاد | C63: =IFERROR(__xludf.DUMMYFUNCTION("""COMPUTED_VALUE"""),5000.0) -> 5000
A64: =IFERROR(__xludf.DUMMYFUNCTION("""COMPUTED_VALUE"""),46059.0) -> 46059 | B64: =IFERROR(__xludf.DUMMYFUNCTION("""COMPUTED_VALUE"""),"سجاد حديد") -> سجاد حديد | C64: =IFERROR(__xludf.DUMMYFUNCTION("""COMPUTED_VALUE"""),5000.0) -> 5000
A65: =IFERROR(__xludf.DUMMYFUNCTION("""COMPUTED_VALUE"""),46059.0) -> 46059 | B65: =IFERROR(__xludf.DUMMYFUNCTION("""COMPUTED_VALUE"""),"عبدالله هاشم") -> عبدالله هاشم | C65: =IFERROR(__xludf.DUMMYFUNCTION("""COMPUTED_VALUE"""),5000.0) -> 5000
A66: =IFERROR(__xludf.DUMMYFUNCTION("""COMPUTED_VALUE"""),46059.0) -> 46059 | B66: =IFERROR(__xludf.DUMMYFUNCTION("""COMPUTED_VALUE"""),"عبدالله هاشم") -> عبدالله هاشم | C66: =IFERROR(__xludf.DUMMYFUNCTION("""COMPUTED_VALUE"""),5000.0) -> 5000
A67: =IFERROR(__xludf.DUMMYFUNCTION("""COMPUTED_VALUE"""),46059.0) -> 46059 | B67: =IFERROR(__xludf.DUMMYFUNCTION("""COMPUTED_VALUE"""),"علي يوسف") -> علي يوسف | C67: =IFERROR(__xludf.DUMMYFUNCTION("""COMPUTED_VALUE"""),25000.0) -> 25000
A68: =IFERROR(__xludf.DUMMYFUNCTION("""COMPUTED_VALUE"""),46059.0) -> 46059 | B68: =IFERROR(__xludf.DUMMYFUNCTION("""COMPUTED_VALUE"""),"محمد حسين الحداد") -> محمد حسين الحداد | C68: =IFERROR(__xludf.DUMMYFUNCTION("""COMPUTED_VALUE"""),5000.0) -> 5000
A69: =IFERROR(__xludf.DUMMYFUNCTION("""COMPUTED_VALUE"""),46059.0) -> 46059 | B69: =IFERROR(__xludf.DUMMYFUNCTION("""COMPUTED_VALUE"""),"مصطفى عبد الخالق ") -> مصطفى عبد الخالق | C69: =IFERROR(__xludf.DUMMYFUNCTION("""COMPUTED_VALUE"""),5000.0) -> 5000
A70: =IFERROR(__xludf.DUMMYFUNCTION("""COMPUTED_VALUE"""),46059.0) -> 46059 | B70: =IFERROR(__xludf.DUMMYFUNCTION("""COMPUTED_VALUE"""),"يوسف احمد") -> يوسف احمد | C70: =IFERROR(__xludf.DUMMYFUNCTION("""COMPUTED_VALUE"""),5000.0) -> 5000
A71: =IFERROR(__xludf.DUMMYFUNCTION("""COMPUTED_VALUE"""),46059.0) -> 46059 | B71: =IFERROR(__xludf.DUMMYFUNCTION("""COMPUTED_VALUE"""),"يوسف احمد") -> يوسف احمد | C71: =IFERROR(__xludf.DUMMYFUNCTION("""COMPUTED_VALUE"""),15000.0) -> 15000
A72: =IFERROR(__xludf.DUMMYFUNCTION("""COMPUTED_VALUE"""),46059.0) -> 46059 | B72: =IFERROR(__xludf.DUMMYFUNCTION("""COMPUTED_VALUE"""),"حيدر يافوز") -> حيدر يافوز | C72: =IFERROR(__xludf.DUMMYFUNCTION("""COMPUTED_VALUE"""),5000.0) -> 5000
A73: =IFERROR(__xludf.DUMMYFUNCTION("""COMPUTED_VALUE"""),46059.0) -> 46059 | B73: =IFERROR(__xludf.DUMMYFUNCTION("""COMPUTED_VALUE"""),"خضر عبد الخالق") -> خضر عبد الخالق | C73: =IFERROR(__xludf.DUMMYFUNCTION("""COMPUTED_VALUE"""),5000.0) -> 5000
A74: =IFERROR(__xludf.DUMMYFUNCTION("""COMPUTED_VALUE"""),46059.0) -> 46059 | B74: =IFERROR(__xludf.DUMMYFUNCTION("""COMPUTED_VALUE"""),"خضر عبد الخالق") -> خضر عبد الخالق | C74: =IFERROR(__xludf.DUMMYFUNCTION("""COMPUTED_VALUE"""),5000.0) -> 5000
A75: =IFERROR(__xludf.DUMMYFUNCTION("""COMPUTED_VALUE"""),46059.0) -> 46059 | B75: =IFERROR(__xludf.DUMMYFUNCTION("""COMPUTED_VALUE"""),"علي الباكستاني") -> علي الباكستاني | C75: =IFERROR(__xludf.DUMMYFUNCTION("""COMPUTED_VALUE"""),5000.0) -> 5000
A76: =IFERROR(__xludf.DUMMYFUNCTION("""COMPUTED_VALUE"""),46059.0) -> 46059 | B76: =IFERROR(__xludf.DUMMYFUNCTION("""COMPUTED_VALUE"""),"علي الباكستاني") -> علي الباكستاني | C76: =IFERROR(__xludf.DUMMYFUNCTION("""COMPUTED_VALUE"""),5000.0) -> 5000
A77: =IFERROR(__xludf.DUMMYFUNCTION("""COMPUTED_VALUE"""),46060.0) -> 46060 | B77: =IFERROR(__xludf.DUMMYFUNCTION("""COMPUTED_VALUE"""),"طعام") -> طعام | C77: =IFERROR(__xludf.DUMMYFUNCTION("""COMPUTED_VALUE"""),40000.0) -> 40000
A78: =IFERROR(__xludf.DUMMYFUNCTION("""COMPUTED_VALUE"""),46060.0) -> 46060 | B78: =IFERROR(__xludf.DUMMYFUNCTION("""COMPUTED_VALUE"""),"سجاد حديد") -> سجاد حديد | C78: =IFERROR(__xludf.DUMMYFUNCTION("""COMPUTED_VALUE"""),5000.0) -> 5000
A79: =IFERROR(__xludf.DUMMYFUNCTION("""COMPUTED_VALUE"""),46061.0) -> 46061 | B79: =IFERROR(__xludf.DUMMYFUNCTION("""COMPUTED_VALUE"""),"طعام") -> طعام | C79: =IFERROR(__xludf.DUMMYFUNCTION("""COMPUTED_VALUE"""),50000.0) -> 50000
A80: =IFERROR(__xludf.DUMMYFUNCTION("""COMPUTED_VALUE"""),46061.0) -> 46061 | B80: =IFERROR(__xludf.DUMMYFUNCTION("""COMPUTED_VALUE"""),"طعام") -> طعام | C80: =IFERROR(__xludf.DUMMYFUNCTION("""COMPUTED_VALUE"""),50000.0) -> 50000
A81: =IFERROR(__xludf.DUMMYFUNCTION("""COMPUTED_VALUE"""),46062.0) -> 46062 | B81: =IFERROR(__xludf.DUMMYFUNCTION("""COMPUTED_VALUE"""),"حسين سالم") -> حسين سالم | C81: =IFERROR(__xludf.DUMMYFUNCTION("""COMPUTED_VALUE"""),10000.0) -> 10000
A82: =IFERROR(__xludf.DUMMYFUNCTION("""COMPUTED_VALUE"""),46062.0) -> 46062 | B82: =IFERROR(__xludf.DUMMYFUNCTION("""COMPUTED_VALUE"""),"احمد امين") -> احمد امين | C82: =IFERROR(__xludf.DUMMYFUNCTION("""COMPUTED_VALUE"""),50000.0) -> 50000
A83: =IFERROR(__xludf.DUMMYFUNCTION("""COMPUTED_VALUE"""),46063.0) -> 46063 | B83: =IFERROR(__xludf.DUMMYFUNCTION("""COMPUTED_VALUE"""),"طعام") -> طعام | C83: =IFERROR(__xludf.DUMMYFUNCTION("""COMPUTED_VALUE"""),10000.0) -> 10000
A84: =IFERROR(__xludf.DUMMYFUNCTION("""COMPUTED_VALUE"""),46063.0) -> 46063 | B84: =IFERROR(__xludf.DUMMYFUNCTION("""COMPUTED_VALUE"""),"طعام") -> طعام | C84: =IFERROR(__xludf.DUMMYFUNCTION("""COMPUTED_VALUE"""),10000.0) -> 10000
A85: =IFERROR(__xludf.DUMMYFUNCTION("""COMPUTED_VALUE"""),46063.0) -> 46063 | B85: =IFERROR(__xludf.DUMMYFUNCTION("""COMPUTED_VALUE"""),"سجاد حديد") -> سجاد حديد | C85: =IFERROR(__xludf.DUMMYFUNCTION("""COMPUTED_VALUE"""),20000.0) -> 20000
A86: =IFERROR(__xludf.DUMMYFUNCTION("""COMPUTED_VALUE"""),46063.0) -> 46063 | B86: =IFERROR(__xludf.DUMMYFUNCTION("""COMPUTED_VALUE"""),"مصطفى عبد الخالق ") -> مصطفى عبد الخالق | C86: =IFERROR(__xludf.DUMMYFUNCTION("""COMPUTED_VALUE"""),10000.0) -> 10000
A87: =IFERROR(__xludf.DUMMYFUNCTION("""COMPUTED_VALUE"""),46065.0) -> 46065 | B87: =IFERROR(__xludf.DUMMYFUNCTION("""COMPUTED_VALUE"""),"حسين سالم") -> حسين سالم | C87: =IFERROR(__xludf.DUMMYFUNCTION("""COMPUTED_VALUE"""),15000.0) -> 15000
A88: =IFERROR(__xludf.DUMMYFUNCTION("""COMPUTED_VALUE"""),46065.0) -> 46065 | B88: =IFERROR(__xludf.DUMMYFUNCTION("""COMPUTED_VALUE"""),"طعام") -> طعام | C88: =IFERROR(__xludf.DUMMYFUNCTION("""COMPUTED_VALUE"""),50000.0) -> 50000
A89: =IFERROR(__xludf.DUMMYFUNCTION("""COMPUTED_VALUE"""),46065.0) -> 46065 | B89: =IFERROR(__xludf.DUMMYFUNCTION("""COMPUTED_VALUE"""),"طعام") -> طعام | C89: =IFERROR(__xludf.DUMMYFUNCTION("""COMPUTED_VALUE"""),30000.0) -> 30000
A90: =IFERROR(__xludf.DUMMYFUNCTION("""COMPUTED_VALUE"""),46065.0) -> 46065 | B90: =IFERROR(__xludf.DUMMYFUNCTION("""COMPUTED_VALUE"""),"مصطفى عبد الخالق ") -> مصطفى عبد الخالق | C90: =IFERROR(__xludf.DUMMYFUNCTION("""COMPUTED_VALUE"""),80000.0) -> 80000
A91: =IFERROR(__xludf.DUMMYFUNCTION("""COMPUTED_VALUE"""),46065.0) -> 46065 | B91: =IFERROR(__xludf.DUMMYFUNCTION("""COMPUTED_VALUE"""),"يوسف احمد") -> يوسف احمد | C91: =IFERROR(__xludf.DUMMYFUNCTION("""COMPUTED_VALUE"""),5000.0) -> 5000
A92: =IFERROR(__xludf.DUMMYFUNCTION("""COMPUTED_VALUE"""),46065.0) -> 46065 | B92: =IFERROR(__xludf.DUMMYFUNCTION("""COMPUTED_VALUE"""),"حيدر يافوز") -> حيدر يافوز | C92: =IFERROR(__xludf.DUMMYFUNCTION("""COMPUTED_VALUE"""),10000.0) -> 10000
A93: =IFERROR(__xludf.DUMMYFUNCTION("""COMPUTED_VALUE"""),46068.0) -> 46068 | B93: =IFERROR(__xludf.DUMMYFUNCTION("""COMPUTED_VALUE"""),"حسين سالم") -> حسين سالم | C93: =IFERROR(__xludf.DUMMYFUNCTION("""COMPUTED_VALUE"""),60000.0) -> 60000
A94: =IFERROR(__xludf.DUMMYFUNCTION("""COMPUTED_VALUE"""),46068.0) -> 46068 | B94: =IFERROR(__xludf.DUMMYFUNCTION("""COMPUTED_VALUE"""),"حسين سالم") -> حسين سالم | C94: =IFERROR(__xludf.DUMMYFUNCTION("""COMPUTED_VALUE"""),7000.0) -> 7000
A95: =IFERROR(__xludf.DUMMYFUNCTION("""COMPUTED_VALUE"""),46068.0) -> 46068 | B95: =IFERROR(__xludf.DUMMYFUNCTION("""COMPUTED_VALUE"""),"حيدر محمد") -> حيدر محمد | C95: =IFERROR(__xludf.DUMMYFUNCTION("""COMPUTED_VALUE"""),5000.0) -> 5000
A96: =IFERROR(__xludf.DUMMYFUNCTION("""COMPUTED_VALUE"""),46068.0) -> 46068 | B96: =IFERROR(__xludf.DUMMYFUNCTION("""COMPUTED_VALUE"""),"حيدر محمد") -> حيدر محمد | C96: =IFERROR(__xludf.DUMMYFUNCTION("""COMPUTED_VALUE"""),2000.0) -> 2000
A97: =IFERROR(__xludf.DUMMYFUNCTION("""COMPUTED_VALUE"""),46068.0) -> 46068 | B97: =IFERROR(__xludf.DUMMYFUNCTION("""COMPUTED_VALUE"""),"عبدالله هاشم") -> عبدالله هاشم | C97: =IFERROR(__xludf.DUMMYFUNCTION("""COMPUTED_VALUE"""),5000.0) -> 5000
A98: =IFERROR(__xludf.DUMMYFUNCTION("""COMPUTED_VALUE"""),46068.0) -> 46068 | B98: =IFERROR(__xludf.DUMMYFUNCTION("""COMPUTED_VALUE"""),"طعام") -> طعام | C98: =IFERROR(__xludf.DUMMYFUNCTION("""COMPUTED_VALUE"""),20000.0) -> 20000
A99: =IFERROR(__xludf.DUMMYFUNCTION("""COMPUTED_VALUE"""),46068.0) -> 46068 | B99: =IFERROR(__xludf.DUMMYFUNCTION("""COMPUTED_VALUE"""),"طعام") -> طعام | C99: =IFERROR(__xludf.DUMMYFUNCTION("""COMPUTED_VALUE"""),70000.0) -> 70000
A100: =IFERROR(__xludf.DUMMYFUNCTION("""COMPUTED_VALUE"""),46068.0) -> 46068 | B100: =IFERROR(__xludf.DUMMYFUNCTION("""COMPUTED_VALUE"""),"عبدالله هاشم") -> عبدالله هاشم | C100: =IFERROR(__xludf.DUMMYFUNCTION("""COMPUTED_VALUE"""),20000.0) -> 20000
...

Sheet الحركات
A1: التاريخ | B1: نوع العملية | C1: البيان | D1: المبلغ بالدينار | E1: الصارف | F1: دفع | G1: الحركة اليومية للقاصة | H1: FALSE | I1: رقم المستند
A2: 46037 | B2: سند صرف | C2: سمنت مقاوم 100 . حصو + رمل 110 . جاي 5 | D2: 0 | E2: JOZYF | F2: 212000 | G2: 0 | I2: 1
A3: 46037 | B3: سلفة | C3: علي الباكستاني | D3: 0 | E3: JOZYF | F3: 10000 | G3: =G2+D3 -> 0
A4: 46038 | B4: سند دفع | C4: مبلغ تسديد الابرار | D4: 0 | E4: SIFE | F4: 2000000 | G4: =G3+D4 -> 0 | I4: 2
A5: 46039 | B5: سلفة | C5: حيدر المحاسب | D5: 0 | E5: SIFE | F5: 50000 | G5: =G4+D5 -> 0
A6: 46039 | B6: سند دفع | C6: تسديد حساب فاتورة | D6: 0 | E6: SIFE | F6: 176000 | G6: =G5+D6 -> 0 | I6: 3
A7: 46039 | B7: راتب | C7: حسين سالم | D7: 0 | E7: JOZYF | F7: 1300000 | G7: =G6+D7 -> 0
A8: 46039 | B8: سلفة | C8: حيدر يافوز | D8: 0 | E8: SIFE | F8: 288000 | G8: =G7+D8 -> 0
A9: 46040 | B9: سلفة | C9: حسين سالم | D9: 0 | E9: SIFE | F9: 2226000 | G9: 0
A10: 46040 | B10: سند دفع | C10: تسديد نعيم | D10: 0 | E10: SIFE | F10: 1000000 | G10: =G8+D10 -> 0 | I10: 4
A11: 46041 | B11: سلفة | C11: حسين سالم | D11: -5000 | E11: HUSSEN | F11: 0 | G11: =G10+D11 -> -5000 | I11: 51
A12: 46041 | B12: سلفة | C12: حسين سالم | D12: -25000 | E12: HUSSEN | F12: 0 | G12: =G11+D12 -> -30000 | I12: 53
A13: 46041 | B13: سند قبض | C13: من سيف | D13: =2710000+183000+183000 -> 3076000 | E13: SIFE | F13: 3076000 | G13: =G12+D13 -> 3046000
A14: 46041 | B14: سلفة | C14: حيدر المحاسب | D14: -183000 | E14: HUSSEN | F14: 0 | G14: =G13+D14 -> 2863000
A15: 46041 | B15: سند دفع | C15: تسديد يوسف | D15: 0 | E15: SIFE | F15: 776000 | G15: =G14+D15 -> 2863000 | I15: 5
A16: 46041 | B16: سند صرف | C16: تصليح ماييكرو | D16: -30000 | E16: HUSSEN | F16: 0 | G16: =G15+D16 -> 2833000 | I16: 22
A17: 46041 | B17: سند صرف | D17: -2000 | E17: HUSSEN | F17: 0 | G17: =G16+D17 -> 2831000 | I17: 23
A18: 46041 | B18: سند صرف | C18: بانزين | D18: -10000 | E18: HUSSEN | F18: 0 | G18: =G17+D18 -> 2821000 | I18: 24
A19: 46041 | B19: سند صرف | C19: تصليح مواد | D19: -60000 | E19: HUSSEN | F19: 0 | G19: =G18+D19 -> 2761000 | I19: 25
A20: 46041 | B20: سند صرف | C20: اجرة | D20: -15000 | E20: HUSSEN | F20: 0 | G20: =G19+D20 -> 2746000 | I20: 26
A21: 46041 | B21: سند صرف | C21: اجرة | D21: -7000 | E21: HUSSEN | F21: 0 | G21: =G20+D21 -> 2739000 | I21: 27
A22: 46041 | B22: سند صرف | C22: براغي | D22: -5000 | E22: HUSSEN | F22: 0 | G22: =G21+D22 -> 2734000 | I22: 31
A23: 46041 | B23: سند صرف | C23: تصليح مواد | D23: -60000 | E23: HUSSEN | F23: 0 | G23: =G22+D23 -> 2674000 | I23: 52
A24: 46041 | B24: سلفة | C24: حيدر محمد | D24: -10000 | E24: HUSSEN | F24: 0 | G24: =G23+D24 -> 2664000 | I24: 55
A25: 46041 | B25: سلفة | C25: حيدر محمد | D25: -10000 | E25: HUSSEN | F25: 0 | G25: =G24+D25 -> 2654000 | I25: 29
A26: 46041 | B26: سلفة | C26: حيدر يافوز | D26: -5000 | E26: HUSSEN | F26: 0 | G26: =G25+D26 -> 2649000 | I26: 30
A27: 46041 | B27: سلفة | C27: حيدر يافوز | D27: -5000 | E27: HUSSEN | F27: 0 | G27: =G26+D27 -> 2644000 | I27: 56
A28: 46041 | B28: سلفة | C28: علي الباكستاني | D28: -5000 | E28: HUSSEN | F28: 0 | G28: =G27+D28 -> 2639000 | I28: 28
A29: 46041 | B29: سلفة | C29: علي الباكستاني | D29: -5000 | E29: HUSSEN | F29: 0 | G29: =G28+D29 -> 2634000 | I29: 54
... A77: 46054 | B77: سند دفع | C77: تسديد الابرار | D77: 0 | E77: SIFE | F77: 1000000 | G77: =G76+D77 -> 471500 | I77: 15
A78: 46054 | B78: سند دفع | C78: تسديد الابرار | D78: 0 | E78: SIFE | F78: 1000000 | G78: =G77+D78 -> 471500
A79: 46055 | B79: سلفة | C79: حسين سالم | D79: -5000 | E79: HUSSEN | F79: 0 | G79: =G78+D79 -> 466500 | I79: 89
A80: 46055 | B80: سلفة | C80: حسين سالم | D80: -10000 | E80: HUSSEN | F80: 0 | G80: =G79+D80 -> 456500 | I80: 92
A81: 46055 | B81: راتب | C81: حسين سالم | D81: -750000 | E81: HUSSEN | F81: 0 | G81: =G80+D81 -> -293500 | I81: 80
A82: 46055 | B82: سند قبض | C82: صرف ورشه | D82: 1000000 | E82: SIFE | F82: 1000000 | G82: =G81+D82 -> 706500 | I82: 48
A83: 46055 | B83: سند صرف | C83: اجرة الابرار | D83: -10000 | E83: HUSSEN | F83: 0 | G83: =G82+D83 -> 696500 | I83: 16
A84: 46055 | B84: سند صرف | C84: اجرة | D84: -10000 | E84: HUSSEN | F84: 0 | G84: =G83+D84 -> 686500 | I84: 76
A85: 46055 | B85: سند صرف | C85: اجرة | D85: -7000 | E85: HUSSEN | F85: 0 | G85: =G84+D85 -> 679500 | I85: 77
A86: 46055 | B86: سند صرف | C86: جاي و شكر | D86: -5000 | E86: HUSSEN | F86: 0 | G86: =G85+D86 -> 674500 | I86: 78
A87: 46055 | B87: سند صرف | C87: معجون | D87: -6000 | E87: HUSSEN | F87: 0 | G87: =G86+D87 -> 668500 | I87: 79
A88: 46055 | B88: سند صرف | C88: اجرة حروف | D88: -40000 | E88: HUSSEN | F88: 0 | G88: =G87+D88 -> 628500 | I88: 83
A89: 46055 | B89: سند صرف | C89: شركة | D89: -10000 | E89: HUSSEN | F89: 0 | G89: =G88+D89 -> 618500 | I89: 90
A90: 46055 | B90: سند صرف | C90: بانزين | D90: -10000 | E90: HUSSEN | F90: 0 | G90: =G89+D90 -> 608500 | I90: 91
... A97: 46055 | B97: سلفة | C97: علي الباكستاني | D97: -5000 | E97: HUSSEN | F97: 0 | G97: =G96+D97 -> 563500 | I97: 85
A98: 46056 | B98: سلفة | C98: حيدر يافوز | D98: 0 | E98: SIFE | F98: 259000 | G98: =G97+D98 -> 563500
A99: 46056 | B99: سلفة | C99: حسين سالم | D99: -5000 | E99: HUSSEN | F99: 0 | G99: =G98+D99 -> 558500 | I99: 121
A100: 46056 | B100: سند دفع | C100: تسديد نعيم | D100: 0 | E100: SIFE | F100: 1000000 | G100: =G99+D100 -> 558500 | I100: 17
A101: 46056 | B101: سند صرف | C101: براين | D101: -5000 | E101: HUSSEN | F101: 0 | G101: =G100+D101 -> 553500 | I101: 113
A102: 46056 | B102: سند صرف | C102: معجون | D102: -6000 | E102: HUSSEN | F102: 0 | G102: =G101+D102 -> 547500 | I102: 116
A103: 46056 | B103: سند صرف | C103: عم يز | D103: -3000 | E103: HUSSEN | F103: 0 | G103: =G102+D103 -> 544500 | I103: 117
A104: 46056 | B104: سند صرف | C104: اجرة | D104: -8000 | E104: HUSSEN | F104: 0 | G104: =G103+D104 -> 536500 | I104: 118
A105: 46056 | B105: سند صرف | C105: جاه | D105: -5000 | E105: HUSSEN | F105: 0 | G105: =G104+D105 -> 531500 | I105: 119
A106: 46056 | B106: سلفة | C106: سجاد رعد | D106: -15000 | E106: HUSSEN | F106: 0 | G106: =G105+D106 -> 516500 | I106: 82
A107: 46056 | B107: سلفة | C107: عبدالله هاشم | D107: -5000 | E107: HUSSEN | F107: 0 | G107: =G106+D107 -> 511500 | I107: 114
A108: 46056 | B108: سلفة | C108: يوسف احمد | D108: -5000 | E108: HUSSEN | F108: 0 | G108: =G107+D108 -> 506500 | I108: 120
A109: 46056 | B109: سلفة | C109: حيدر محمد | D109: -5000 | E109: HUSSEN | F109: 0 | G109: =G108+D109 -> 501500 | I109: 115
A110: 46057 | B110: سند قبض | C110: صرف ورشه | D110: 300000 | E110: SIFE | F110: 300000 | G110: =G109+D110 -> 801500 | I110: 49
... A170: 46063 | B170: سلفة | C170: طعام | D170: -10000 | E170: HUSSEN | F170: 0 | G170: =G169+D170 -> -54500 | I170: 175
A171: 46063 | B171: سند دفع | C171: تسديد الابرار | D171: 0 | E171: SIFE | F171: 2000000 | G171: =G170+D171 -> -54500
A172: 46063 | B172: سلفة | C172: سجاد حديد | D172: -20000 | E172: HUSSEN | F172: 0 | G172: =G171+D172 -> -74500 | I172: 174
A173: 46063 | B173: سلفة | C173: مصطفى عبد الخالق | D173: -10000 | E173: HUSSEN | F173: 0 | G173: =G172+D173 -> -84500 | I173: 176
A174: 46064 | B174: سند صرف | C174: كهرباء | D174: -175000 | E174: HUSSEN | F174: 0 | G174: =G173+D174 -> -259500 | I174: 177
A175: 46064 | B175: سند صرف | C175: براغي | D175: -5000 | E175: HUSSEN | F175: 0 | G175: =G174+D175 -> -264500 | I175: 178
A176: 46064 | B176: سند صرف | C176: X | D176: -70000 | E176: HUSSEN | F176: 0 | G176: =G175+D176 -> -334500 | I176: 179
A177: 46064 | B177: سند صرف | C177: حجر | D177: -5000 | E177: HUSSEN | F177: 0 | G177: =G176+D177 -> -339500 | I177: 180
A178: 46065 | B178: سلفة | C178: حسين سالم | D178: -15000 | E178: HUSSEN | F178: 0 | G178: =G177+D178 -> -354500 | I178: 186
A179: 46065 | B179: سند قبض | C179: صرف ورشه | D179: 1000000 | E179: SIFE | F179: 1000000 | G179: =G178+D179 -> 645500 | I179: 160
A180: 46065 | B180: سند صرف | C180: حجر | D180: -5000 | E180: HUSSEN | F180: 0 | G180: =G179+D180 -> 640500 | I180: 183
A181: 46065 | B181: سند صرف | C181: غراض | D181: -5000 | E181: HUSSEN | F181: 0 | G181: =G180+D181 -> 635500 | I181: 184
A182: 46065 | B182: سند صرف | C182: بانزين | D182: -10000 | E182: HUSSEN | F182: 0 | G182: =G181+D182 -> 625500 | I182: 185
A183: 46065 | B183: سند صرف | C183: اغراض | D183: -40000 | E183: HUSSEN | F183: 0 | G183: =G182+D183 -> 585500 | I183: 190
A184: 46065 | B184: سلفة | C184: طعام | D184: -50000 | E184: HUSSEN | F184: 0 | G184: =G183+D184 -> 535500 | H184: FALSE | I184: 182
A185: 46065 | B185: سلفة | C185: طعام | D185: -30000 | E185: HUSSEN | F185: 0 | G185: =G184+D185 -> 505500 | I185: 188
A186: 46065 | B186: سلفة | C186: مصطفى عبد الخالق | D186: -80000 | E186: HUSSEN | F186: 0 | G186: =G185+D186 -> 425500 | I186: 181
A187: 46065 | B187: سلفة | C187: يوسف احمد | D187: -5000 | E187: HUSSEN | F187: 0 | G187: =G186+D187 -> 420500 | I187: 189
A188: 46065 | B188: سلفة | C188: حيدر يافوز | D188: -10000 | E188: HUSSEN | F188: 0 | G188: =G187+D188 -> 410500 | I188: 187
A189: 46068 | B189: سلفة | C189: حسين سالم | D189: -60000 | E189: HUSSEN | F189: 0 | G189: =G188+D189 -> 350500 | I189: 194
A190: 46068 | B190: سلفة | C190: حسين سالم | D190: -7000 | E190: HUSSEN | F190: 0 | G190: =G189+D190 -> 343500
A191: 46068 | B191: سلفة | C191: حيدر محمد | D191: -5000 | E191: HUSSEN | F191: 0 | G191: =G190+D191 -> 338500 | I191: 192
A192: 46068 | B192: سلفة | C192: حيدر محمد | D192: -2000 | E192: HUSSEN | F192: 0 | G192: =G191+D192 -> 336500
A193: 46068 | B193: راتب | C193: احمد امين | D193: -99824 | E193: HUSSEN | F193: 0 | G193: =G192+D193 -> 236676 | I193: 42
A194: 46068 | B194: سلفة | C194: عبدالله هاشم | D194: -5000 | E194: HUSSEN | F194: 0 | G194: =G193+D194 -> 231676 | I194: 193
A195: 46068 | B195: سند قبض | C195: صرف ورشه | D195: 500000 | E195: SIFE | F195: 500000 | G195: =G194+D195 -> 731676 | I195: 11
A196: 46068 | B196: سلفة | C196: طعام | D196: -20000 | E196: HUSSEN | F196: 0 | G196: =G195+D196 -> 711676
A197: 46068 | B197: شراء | C197: حديد | D197: -188000 | E197: HUSSEN | F197: 0 | G197: =G196+D197 -> 523676 | I197: 43
A198: 46068 | B198: شراء | C198: جينكو | D198: -360000 | E198: HUSSEN | F198: 0 | G198: =G197+D198 -> 163676 | I198: 44
A199: 46068 | B199: سند صرف | C199: اغراض | D199: -10000 | E199: HUSSEN | F199: 0 | G199: =G198+D199 -> 153676 | I199: 195
A200: 46068 | B200: سند صرف | C200: تيب | D200: -2000 | E200: HUSSEN | F200: 0 | G200: =G199+D200 -> 151676
A201: 46068 | B201: سند صرف | C201: سفرة | D201: -1000 | E201: HUSSEN | F201: 0 | G201: =G200+D201 -> 150676
A202: 46068 | B202: سند صرف | C202: فرجة | D202: -2000 | E202: HUSSEN | F202: 0 | G202: =G201+D202 -> 148676
A203: 46068 | B203: سند صرف | C203: جفوف | D203: -7000 | E203: HUSSEN | F203: 0 | G203: =G202+D203 -> 141676
A204: 46068 | B204: سند صرف | C204: واير لحم | D204: -5000 | E204: HUSSEN | F204: 0 | G204: =G203+D204 -> 136676
A205: 46068 | B205: سند صرف | C205: بانزين | D205: -15000 | E205: HUSSEN | F205: 0 | G205: =G204+D205 -> 121676
A206: 46068 | B206: سند صرف | C206: اجرة | D206: -20000 | E206: HUSSEN | F206: 0 | G206: =G205+D206 -> 101676
A207: 46068 | B207: سند صرف | C207: اجرة | D207: -5000 | E207: HUSSEN | F207: 0 | G207: =G206+D207 -> 96676
A208: 46068 | B208: سند صرف | C208: اجرة | D208: -5000 | E208: HUSSEN | F208: 0 | G208: =G207+D208 -> 91676
A209: 46068 | B209: سند صرف | C209: براغي | D209: -20000 | E209: HUSSEN | F209: 0 | G209: =G208+D209 -> 71676
A210: 46068 | B210: سند صرف | C210: قفل | D210: -5000 | E210: HUSSEN | F210: 0 | G210: =G209+D210 -> 66676
A211: 46068 | B211: سند صرف | C211: برينة | D211: -20000 | E211: HUSSEN | F211: 0 | G211: =G210+D211 -> 46676
... A215: 46068 | B215: سلفة | C215: عبدالله هاشم | D215: -20000 | E215: HUSSEN | F215: 0 | G215: =G214+D215 -> -58324
...

Sheet سيف
A1: تاريخ | B1: بيان
A2: 46037 | B2: سمنت مقاوم 100 . حصو + رمل 110 . جاي 5 | C2: JOZYF | D2: 212000
A3: 46037 | B3: علي الباكستاني | C3: JOZYF | D3: 10000
A4: 46038 | B4: مبلغ تسديد الابرار | C4: SIFE | D4: 2000000
A5: 46039 | B5: حسين سالم | C5: JOZYF | D5: 1300000
A6: 46039 | B6: حيدر المحاسب | C6: SIFE | D6: 50000
A7: 46039 | B7: تسديد حساب فاتورة | C7: SIFE | D7: 176000
A8: 46040 | B8: حسين سالم | C8: SIFE | D8: 2100000
A9: 46040 | B9: تسديد نعيم | C9: SIFE | D9: 1000000
A10: 46041 | B10: من سيف | C10: SIFE | D10: 3076000
A11: 46041 | B11: تسديد يوسف | C11: SIFE | D11: 776000
A12: 46054 | B12: تسديد الابرار | C12: SIFE | D12: 1000000
A13: 46054 | B13: تسديد الابرار | C13: SIFE | D13: 1000000
... A61: 46135 | B61: علي الباكستاني | C61: SIFE | D61: 25000
A62: 46041 | B62: 30000 | C62: 46041 | D62: سلفة | E62: حسين سالم | F62: -5000
A63: 46042 | B63: 81000 | C63: 46041 | D63: سلفة | E63: حسين سالم | F63: -25000
A64: 46056 | B64: 5000 | C64: 46043 | D64: سلفة | E64: حسين سالم | F64: -125000
A65: 46058 | B65: 8000 | C65: 46047 | D65: سلفة | E65: حسين سالم | F65: -5000
A66: 46062 | B66: 10000 | C66: 46050 | D66: سلفة | E66: حسين سالم | F66: -50000
A67: 46065 | B67: 15000 | C67: 46055 | D67: سلفة | E67: حسين سالم | F67: -5000
A68: 46068 | B68: 80000 | C68: 46055 | D68: سلفة | E68: حسين سالم | F68: -10000
A69: 46069 | B69: 300000 | C69: 46055 | D69: راتب | E69: حسين سالم | F69: -750000
A70: 46069 | B70: 2100000 | C70: 46056 | D70: سلفة | E70: حسين سالم | F70: -5000
A71: 46073 | B71: 854 | C71: 46058 | D71: سلفة | E71: حسين سالم | F71: -8000
A72: 46083 | B72: 6750 | C72: 46059 | D72: سلفة | E72: حسين سالم | F72: -5000
A73: 46090 | B73: 5000 | C73: 46062 | D73: سلفة | E73: حسين سالم | F73: -10000
... A77: 46109 | B77: 32000 | C77: 46069 | D77: سلفة | E77: حسين سالم | F77: -300000
C78: 46083 | D78: سلفة | E78: حسين سالم | F78: -3250
C79: 46083 | D79: سلفة | E79: حسين سالم | F79: -3500 | K79: =SUM(B62:B77)-L79 -> -104396 | L79: =873000+B70 -> 2973000
C80: 46084 | D80: راتب | E80: حسين سالم | F80: -800000
C81: 46090 | D81: سلفة | E81: حسين سالم | F81: -5000
C82: 46097 | D82: سلفة | E82: حسين سالم | F82: -40000
C83: 46098 | D83: سلفة | E83: حسين سالم | F83: -55000
C84: 46100 | D84: سلفة | E84: حسين سالم | F84: -100000
C85: 46104 | D85: سلفة | E85: حسين سالم | F85: -32000
C86: 46112 | D86: سلفة | E86: حسين سالم | F86: 0
C87: 46114 | D87: سلفة | E87: حسين سالم | F87: -10000
C88: 46114 | D88: سلفة | E88: حسين سالم | F88: -30000
C89: 46117 | D89: راتب | E89: حسين سالم | F89: -700000
C90: 46117 | D90: سلفة | E90: حسين سالم | F90: -40000
C91: 46131 | D91: سلفة | E91: حسين سالم | F91: -10000
... C95: 46136 | D95: سلفة | E95: حسين سالم | F95: -12500

Sheet الديون
A1: الاسم | B1: نوع الدين | C1: المبلغ | D1: المسدد | E1: المتبقي | F1: علينا | G1: لنا
F2: =SUMIFS(E:E,B:B,"علينا") -> 19645500 | G2: =SUMIFS(E:E,B:B,"لنا") -> 8701000
A3: يوسف يعقوب | B3: علينا | C3: =SUMIFS('السجل'!C:C,'السجل'!B:B,A3) -> 45370000 | D3: =SUMIFS('السجل'!D:D,'السجل'!B:B,A3) -> 27605000 | E3: =IF(C3="","",C3-IF(D3="",0,D3)) -> 17765000
A4: نعيم حديد | B4: علينا | C4: =SUMIFS('السجل'!C:C,'السجل'!B:B,A4) -> 6181000 | D4: =SUMIFS('السجل'!D:D,'السجل'!B:B,A4) -> 6181000 | E4: =IF(C4="","",C4-IF(D4="",0,D4)) -> 0
A5: الابرار | B5: علينا | C5: =SUMIFS('السجل'!C:C,'السجل'!B:B,A5) -> 10986500 | D5: =SUMIFS('السجل'!D:D,'السجل'!B:B,A5) -> 9201000 | E5: =IF(C5="","",C5-IF(D5="",0,D5)) -> 1785500
A6: حسين سالم | B6: لنا | C6: =SUMIFS('السجل'!C:C,'السجل'!B:B,A6) -> 2378000 | D6: =SUMIFS('السجل'!D:D,'السجل'!B:B,A6) -> 117000 | E6: =IF(C6="","",C6-IF(D6="",0,D6)) -> 2261000
A7: حيدر يافوز | B7: لنا | C7: =SUMIFS('السجل'!C:C,'السجل'!B:B,A7) -> 542000 | D7: =SUMIFS('السجل'!D:D,'السجل'!B:B,A7) -> 0 | E7: =IF(C7="","",C7-IF(D7="",0,D7)) -> 542000
A8: خضر عبد الخالق | B8: لنا | C8: =SUMIFS('السجل'!C:C,'السجل'!B:B,A8) -> 978000 | D8: =SUMIFS('السجل'!D:D,'السجل'!B:B,A8) -> 345000 | E8: =IF(C8="","",C8-IF(D8="",0,D8)) -> 633000
A9: حنان | B9: لنا | C9: =SUMIFS('السجل'!C:C,'السجل'!B:B,A9) -> 1500000 | D9: =SUMIFS('السجل'!D:D,'السجل'!B:B,A9) -> 1500000 | E9: =IF(C9="","",C9-IF(D9="",0,D9)) -> 0
A10: اشرف | B10: لنا | C10: =SUMIFS('السجل'!C:C,'السجل'!B:B,A10) -> 6000000 | D10: =SUMIFS('السجل'!D:D,'السجل'!B:B,A10) -> 750000 | E10: =IF(C10="","",C10-IF(D10="",0,D10)) -> 5250000
A11: الماجد لتجارة الاخشاب | B11: علينا | C11: =SUMIFS('السجل'!C:C,'السجل'!B:B,A11) -> 435000 | D11: =SUMIFS('السجل'!D:D,'السجل'!B:B,A11) -> 435000 | E11: =IF(C11="","",C11-IF(D11="",0,D11)) -> 0
A12: الفردان التجارية | B12: علينا | C12: =SUMIFS('السجل'!C:C,'السجل'!B:B,A12) -> 53000 | D12: =SUMIFS('السجل'!D:D,'السجل'!B:B,A12) -> 53000 | E12: =IF(C12="","",C12-IF(D12="",0,D12)) -> 0
A13: نعيم السراي للاضائة الحديثة | B13: علينا | C13: =SUMIFS('السجل'!C:C,'السجل'!B:B,A13) -> 45000 | D13: =SUMIFS('السجل'!D:D,'السجل'!B:B,A13) -> 0 | E13: =IF(C13="","",C13-IF(D13="",0,D13)) -> 45000
A14: الخورة | B14: علينا | C14: =SUMIFS('السجل'!C:C,'السجل'!B:B,A14) -> 50000 | D14: =SUMIFS('السجل'!D:D,'السجل'!B:B,A14) -> 0 | E14: =IF(C14="","",C14-IF(D14="",0,D14)) -> 50000
... A16: عبود | B16: لنا | C16: =SUMIFS('السجل'!C:C,'السجل'!B:B,A16) -> 10000 | D16: =SUMIFS('السجل'!D:D,'السجل'!B:B,A16) -> 0 | E16: =IF(C16="","",C16-IF(D16="",0,D16)) -> 10000
C17: =SUMIFS('السجل'!C:C,'السجل'!B:B,A17) -> 0 | D17: =SUMIFS('السجل'!D:D,'السجل'!B:B,A17) -> 0 | E17: =IF(C17="","",C17-IF(D17="",0,D17)) -> 0

Sheet السجل
A1: التأريخ | B1: العمود 1 | C1: العمود 2 | D1: العمود 3 | E1: العمود 4 | F1: العمود 5
B2: اشرف | C2: 2280750 | D2: 750000 | E2: =IF(C2="","",C2-IF(D2="",0,D2)) -> 1530750
B3: اشرف | C3: 3719250 | E3: =IF(C3="","",C3-IF(D3="",0,D3)) -> 3719250
B4: اعلان مون لاين | C4: 600000 | D4: 450000 | E4: =IF(C4="","",C4-IF(D4="",0,D4)) -> 150000
A5: 46054 | B5: الابرار | C5: 2139000 | D5: 2000000 | E5: =IF(C5="","",C5-IF(D5="",0,D5)) -> 139000
A6: 46055 | B6: الابرار | C6: 666000 | E6: =IF(C6="","",C6-IF(D6="",0,D6)) -> 666000
A7: 46056 | B7: الابرار | C7: 1557000 | E7: =IF(C7="","",C7-IF(D7="",0,D7)) -> 1557000
A8: 46058 | B8: الابرار | C8: 967000 | E8: =IF(C8="","",C8-IF(D8="",0,D8)) -> 967000
A9: 46060 | B9: الابرار | C9: 260000 | E9: =IF(C9="","",C9-IF(D9="",0,D9)) -> 260000
A10: 46069 | B10: الابرار | C10: 287000 | D10: 2000000 | E10: =IF(C10="","",C10-IF(D10="",0,D10)) -> -1713000
A11: 46072 | B11: الابرار | C11: 814000 | E11: =IF(C11="","",C11-IF(D11="",0,D11)) -> 814000
A12: 46075 | B12: الابرار | C12: 170000 | D12: 1000000 | E12: =IF(C12="","",C12-IF(D12="",0,D12)) -> -830000
A13: 46079 | B13: الابرار | C13: 485000 | E13: =IF(C13="","",C13-IF(D13="",0,D13)) -> 485000
A14: 46086 | B14: الابرار | C14: 232000 | D14: 2000000 | E14: =IF(C14="","",C14-IF(D14="",0,D14)) -> -1768000
A15: 46089 | B15: الابرار | C15: 488000 | E15: =IF(C15="","",C15-IF(D15="",0,D15)) -> 488000
B16: الابرار | C16: 30000 | E16: =IF(C16="","",C16-IF(D16="",0,D16)) -> 30000
A17: 46093 | B17: الابرار | C17: 374000 | E17: =IF(C17="","",C17-IF(D17="",0,D17)) -> 374000
A18: 46093 | B18: الابرار | C18: 300000 | E18: =IF(C18="","",C18-IF(D18="",0,D18)) -> 300000
A19: 46100 | B19: الابرار | C19: 385000 | E19: =IF(C19="","",C19-IF(D19="",0,D19)) -> 385000
B20: الابرار | C20: 47000 | D20: 2201000 | E20: =IF(C20="","",C20-IF(D20="",0,D20)) -> -2154000
B21: الابرار | C21: 492000 | E21: =IF(C21="","",C21-IF(D21="",0,D21)) -> 492000
B22: الابرار | C22: 32000 | E22: =IF(C22="","",C22-IF(D22="",0,D22)) -> 32000
B23: الابرار | C23: 69000 | E23: =IF(C23="","",C23-IF(D23="",0,D23)) -> 69000
B24: الابرار | C24: 452000 | E24: =IF(C24="","",C24-IF(D24="",0,D24)) -> 452000
B25: الابرار | C25: 393000 | E25: =IF(C25="","",C25-IF(D25="",0,D25)) -> 393000
B26: الابرار | C26: =53000+294500 -> 347500 | E26: =IF(C26="","",C26-IF(D26="",0,D26)) -> 347500
A27: 46095 | B27: الخورة | C27: 50000 | E27: =IF(C27="","",C27-IF(D27="",0,D27)) -> 50000
B28: الفردان التجارية | C28: =53000 -> 53000 | D28: 53000 | E28: =IF(C28="","",C28-IF(D28="",0,D28)) -> 0
B29: الماجد لتجارة الاخشاب | C29: 35000 | E29: =IF(C29="","",C29-IF(D29="",0,D29)) -> 35000
B30: الماجد لتجارة الاخشاب | C30: 330000 | D30: 435000 | E30: =IF(C30="","",C30-IF(D30="",0,D30)) -> -105000
B31: الماجد لتجارة الاخشاب | C31: 70000 | E31: =IF(C31="","",C31-IF(D31="",0,D31)) -> 70000
A32: 46056 | B32: حسين سالم | C32: 2325000 | E32: =IF(C32="","",C32-IF(D32="",0,D32)) -> 2325000
A33: 46084 | B33: حسين سالم | D33: 117000 | E33: =IF(C33="","",C33-IF(D33="",0,D33))
A34: 46115 | B34: حسين سالم | C34: 53000 | E34: =IF(C34="","",C34-IF(D34="",0,D34)) -> 53000
B35: حنان | C35: 500000 | D35: 350000 | E35: =IF(C35="","",C35-IF(D35="",0,D35)) -> 150000
B36: حنان | C36: 170000 | D36: 1150000 | E36: =IF(C36="","",C36-IF(D36="",0,D36)) -> -980000
B37: حنان | C37: 250000 | E37: =IF(C37="","",C37-IF(D37="",0,D37)) -> 250000
B38: حنان | C38: 580000 | E38: =IF(C38="","",C38-IF(D38="",0,D38)) -> 580000
B39: حيدر محمد | C39: 5000 | E39: =IF(C39="","",C39-IF(D39="",0,D39)) -> 5000
B40: حيدر محمد | C40: 260000 | D40: 260000 | E40: =IF(C40="","",C40-IF(D40="",0,D40)) -> 0
A41: 46082 | B41: حيدر يافوز | C41: 179000 | E41: =IF(C41="","",C41-IF(D41="",0,D41)) -> 179000
B42: حيدر يافوز | C42: 243000 | E42: =IF(C42="","",C42-IF(D42="",0,D42)) -> 243000
B43: حيدر يافوز | C43: 120000 | E43: =IF(C43="","",C43-IF(D43="",0,D43)) -> 120000
B44: حيدر يافوز | C44: 0 | E44: =IF(C44="","",C44-IF(D44="",0,D44)) -> 0
A45: 46082 | B45: خضر عبد الخالق | C45: 910000 | D45: 345000 | E45: =IF(C45="","",C45-IF(D45="",0,D45)) -> 565000
B46: خضر عبد الخالق | C46: 68000 | E46: =IF(C46="","",C46-IF(D46="",0,D46)) -> 68000
B47: خضر عبد الخالق | C47: 0 | E47: =IF(C47="","",C47-IF(D47="",0,D47)) -> 0
B48: عبود | C48: 10000 | E48: =IF(C48="","",C48-IF(D48="",0,D48)) -> 10000
A49: 46088 | B49: نعيم السراي للاضائة الحديثة | C49: 45000 | E49: =IF(C49="","",C49-IF(D49="",0,D49)) -> 45000
B50: نعيم حديد | C50: 3756000 | D50: 2835000 | E50: =IF(C50="","",C50-IF(D50="",0,D50)) -> 921000
A51: 46097 | B51: نعيم حديد | C51: 2320000 | D51: 1001000 | E51: =IF(C51="","",C51-IF(D51="",0,D51)) -> 1319000
A52: 46098 | B52: نعيم حديد | C52: 105000 | D52: 2345000 | E52: =IF(C52="","",C52-IF(D52="",0,D52)) -> -2240000
B53: يوسف يعقوب | C53: 6019000 | D53: 1375000 | E53: =IF(C53="","",C53-IF(D53="",0,D53)) -> 4644000
B54: يوسف يعقوب | C54: 5000000 | D54: 7305000 | E54: =IF(C54="","",C54-IF(D54="",0,D54)) -> -2305000
B55: يوسف يعقوب | C55: 5000000 | D55: 2000000 | E55: =IF(C55="","",C55-IF(D55="",0,D55)) -> 3000000
B56: يوسف يعقوب | C56: 1000000 | D56: 5000000 | E56: =IF(C56="","",C56-IF(D56="",0,D56)) -> -4000000
B57: يوسف يعقوب | C57: 1000000 | D57: 10000000 | E57: =IF(C57="","",C57-IF(D57="",0,D57)) -> -9000000
B58: يوسف يعقوب | C58: 12675000 | D58: 775000 | E58: =IF(C58="","",C58-IF(D58="",0,D58)) -> 11900000
B59: يوسف يعقوب | C59: 1090000 | D59: 1150000 | E59: =IF(C59="","",C59-IF(D59="",0,D59)) -> -60000
B60: يوسف يعقوب | C60: 325000 | E60: =IF(C60="","",C60-IF(D60="",0,D60)) -> 325000
B61: يوسف يعقوب | C61: 595000 | E61: =IF(C61="","",C61-IF(D61="",0,D61)) -> 595000
B62: يوسف يعقوب | C62: 485000 | E62: =IF(C62="","",C62-IF(D62="",0,D62)) -> 485000
B63: يوسف يعقوب | C63: 293000 | E63: =IF(C63="","",C63-IF(D63="",0,D63)) -> 293000
B64: يوسف يعقوب | C64: 148000 | E64: =IF(C64="","",C64-IF(D64="",0,D64)) -> 148000
B65: يوسف يعقوب | C65: 80000 | E65: =IF(C65="","",C65-IF(D65="",0,D65)) -> 80000
B66: يوسف يعقوب | C66: 45000 | E66: =IF(C66="","",C66-IF(D66="",0,D66)) -> 45000
B67: يوسف يعقوب | C67: 17000 | E67: =IF(C67="","",C67-IF(D67="",0,D67)) -> 17000
B68: يوسف يعقوب | C68: 85000 | E68: =IF(C68="","",C68-IF(D68="",0,D68)) -> 85000
B69: يوسف يعقوب | C69: 1375000 | E69: =IF(C69="","",C69-IF(D69="",0,D69)) -> 1375000
B70: يوسف يعقوب | C70: 50000 | E70: =IF(C70="","",C70-IF(D70="",0,D70)) -> 50000
B71: يوسف يعقوب | C71: 750000 | E71: =IF(C71="","",C71-IF(D71="",0,D71)) -> 750000
... B99: يوسف يعقوب | C99: 5000 | E99: =IF(C99="","",C99-IF(D99="",0,D99)) -> 5000
B100: يوسف يعقوب | E100: =IF(C100="","",C100-IF(D100="",0,D100))
E101: =IF(C101="","",C101-IF(D101="",0,D101))
E102: =IF(C102="","",C102-IF(D102="",0,D102))
E103: =IF(C103="","",C103-IF(D103="",0,D103))
E104: =IF(C104="","",C104-IF(D104="",0,D104))
E105: =IF(C105="","",C105-IF(D105="",0,D105))
E106: =IF(C106="","",C106-IF(D106="",0,D106))

Sheet عرض الحركة المالية
C1: WORKSHOP AUTO SERVICE CENTERACCOUNTING DASHBOARD
C6: تسديد خارجي | D6: الرواتب | E6: قبض | F6: صرف | G6: دفع الى الورشه | H6: ديون علينا | I6: دفع سيف اجمالي
C7: =I7-G7 -> 30723000 | E7: =SUMIFS('الحركات'!D:D,'الحركات'!B:B,"سند قبض") -> 26206000 | F7: =SUMIFS('الحركات'!D:D,'الحركات'!B:B,"سند صرف") -> -5823991 | G7: =SUMIFS('الحركات'!D:D,'الحركات'!B:B,"سند دفع")+E7 -> 21661000 | H7: ='الديون'!F2 -> 19645500 | I7: =SUMIFS('الحركات'!F:F,'الحركات'!E:E,"sife") -> 52384000
D9: السلفة | E9: =SUM('الحركات'!D4:D1000) -> 0 | H9: ديون لنا
D10: =SUM('السلفة'!C3:C1000) -> 9880750 | H10: ='الديون'!G2 -> 8701000

Sheet Attendance
A1: Date | B1: Name | C1: Check-in | D1: Check-out | E1: Day | F1: month | G1: الساعات | H1: الغرامات | I1: السلفة | J1: الديون | K1: نوع اليوم
A2: 46113 | B2: عبدالله هاشم | C2: 0.39097222 | D2: 0.75208333 | E2: =TEXT(A2,"dddd") -> الأربعاء | F2: =MONTH(A2) -> 4 | G2: =(D2-C2)*24 -> 8.6666667 | K2: =IF(WEEKDAY(A2)=6, "جمعة", "يوم عادي") -> يوم عادي | L2: =(MIN(Attendance!D2, TIME(18, 0, 0)) - Attendance!C2) * 24 -> 8.6166667 | M2: =G2-L2 -> 0.05
A3: 46114 | B3: عبدالله هاشم | C3: 0.38263889 | D3: 0.75486111 | E3: =TEXT(A3,"dddd") -> الخميس | F3: =MONTH(A3) -> 4 | G3: =(D3-C3)*24 -> 8.9333333 | K3: =IF(WEEKDAY(A3)=6, "جمعة", "يوم عادي") -> يوم عادي | L3: =(MIN(Attendance!D3, TIME(18, 0, 0)) - Attendance!C3) * 24 -> 8.8166667 | M3: =G3-L3 -> 0.11666667
A4: 46116 | B4: عبدالله هاشم | C4: 0.39652778 | D4: 0.75555556 | E4: =TEXT(A4,"dddd") -> السبت | F4: =MONTH(A4) -> 4 | G4: =(D4-C4)*24 -> 8.6166667 | K4: =IF(WEEKDAY(A4)=6, "جمعة", "يوم عادي") -> يوم عادي | L4: =(MIN(Attendance!D4, TIME(18, 0, 0)) - Attendance!C4) * 24 -> 8.4833333 | M4: =G4-L4 -> 0.13333333
A5: 46117 | B5: عبدالله هاشم | C5: 0.38472222 | D5: 0.75833333 | E5: =TEXT(A5,"dddd") -> الأحد | F5: =MONTH(A5) -> 4 | G5: =(D5-C5)*24 -> 8.9666667 | K5: =IF(WEEKDAY(A5)=6, "جمعة", "يوم عادي") -> يوم عادي | L5: =(MIN(Attendance!D5, TIME(18, 0, 0)) - Attendance!C5) * 24 -> 8.7666667 | M5: =G5-L5 -> 0.2
A6: 46118 | B6: عبدالله هاشم | C6: 0.38541667 | D6: 0.77847222 | E6: =TEXT(A6,"dddd") -> الاثنين | F6: =MONTH(A6) -> 4 | G6: =(D6-C6)*24 -> 9.4333333 | K6: =IF(WEEKDAY(A6)=6, "جمعة", "يوم عادي") -> يوم عادي | L6: =(MIN(Attendance!D6, TIME(18, 0, 0)) - Attendance!C6) * 24 -> 8.75 | M6: =G6-L6 -> 0.68333333
A7: 46119 | B7: عبدالله هاشم | C7: 0.3875 | D7: 0.75902778 | E7: =TEXT(A7,"dddd") -> الثلاثاء | F7: =MONTH(A7) -> 4 | G7: =(D7-C7)*24 -> 8.9166667 | K7: =IF(WEEKDAY(A7)=6, "جمعة", "يوم عادي") -> يوم عادي | L7: =(MIN(Attendance!D7, TIME(18, 0, 0)) - Attendance!C7) * 24 -> 8.7 | M7: =G7-L7 -> 0.21666667
A8: 46120 | B8: عبدالله هاشم | C8: 0.39097222 | D8: 0.75 | E8: =TEXT(A8,"dddd") -> الأربعاء | F8: =MONTH(A8) -> 4 | G8: =(D8-C8)*24 -> 8.6166667 | K8: =IF(WEEKDAY(A8)=6, "جمعة", "يوم عادي") -> يوم عادي | L8: =(MIN(Attendance!D8, TIME(18, 0, 0)) - Attendance!C8) * 24 -> 8.6166667 | M8: =G8-L8 -> 0
A9: 46121 | B9: عبدالله هاشم | C9: 0.38819444 | D9: 0.76319444 | E9: =TEXT(A9,"dddd") -> الخميس | F9: =MONTH(A9) -> 4 | G9: =(D9-C9)*24 -> 9 | K9: =IF(WEEKDAY(A9)=6, "جمعة", "يوم عادي") -> يوم عادي | L9: =(MIN(Attendance!D9, TIME(18, 0, 0)) - Attendance!C9) * 24 -> 8.6833333 | M9: =G9-L9 -> 0.31666667
A10: 46122 | B10: عبدالله هاشم | C10: 0.35416667 | D10: 0.72430556 | E10: =TEXT(A10,"dddd") -> الجمعة | F10: =MONTH(A10) -> 4 | G10: =(D10-C10)*24 -> 8.8833333 | K10: =IF(WEEKDAY(A10)=6, "جمعة", "يوم عادي") -> جمعة | L10: =(MIN(Attendance!D10, TIME(18, 0, 0)) - Attendance!C10) * 24 -> 8.8833333 | M10: =G10-L10 -> 0
A11: 46123 | B11: عبدالله هاشم | C11: 0.39930556 | D11: 0.75277778 | E11: =TEXT(A11,"dddd") -> السبت | F11: =MONTH(A11) -> 4 | G11: =(D11-C11)*24 -> 8.4833333 | K11: =IF(WEEKDAY(A11)=6, "جمعة", "يوم عادي") -> يوم عادي | L11: =(MIN(Attendance!D11, TIME(18, 0, 0)) - Attendance!C11) * 24 -> 8.4166667 | M11: =G11-L11 -> 0.066666667
A12: 46124 | B12: عبدالله هاشم | C12: 0.40902778 | D12: 0.77361111 | E12: =TEXT(A12,"dddd") -> الأحد | F12: =MONTH(A12) -> 4 | G12: =(D12-C12)*24 -> 8.75 | K12: =IF(WEEKDAY(A12)=6, "جمعة", "يوم عادي") -> يوم عادي | L12: =(MIN(Attendance!D12, TIME(18, 0, 0)) - Attendance!C12) * 24 -> 8.1833333 | M12: =G12-L12 -> 0.56666667
A13: 46125 | B13: عبدالله هاشم | C13: 0.39375 | D13: 0.88125 | E13: =TEXT(A13,"dddd") -> الاثنين | F13: =MONTH(A13) -> 4 | G13: =(D13-C13)*24 -> 11.7 | K13: =IF(WEEKDAY(A13)=6, "جمعة", "يوم عادي") -> يوم عادي | L13: =(MIN(Attendance!D13, TIME(18, 0, 0)) - Attendance!C13) * 24 -> 8.55 | M13: =G13-L13 -> 3.15
... A116: 46133 | B116: حيدر يافوز | C116: 0.39444444 | D116: 0.82847222 | E116: =TEXT(A116,"dddd") -> الثلاثاء | F116: =MONTH(A116) -> 4 | G116: =(D116-C116)*24 -> 10.416667 | K116: =IF(WEEKDAY(A116)=6, "جمعة", "يوم عادي") -> يوم عادي | L116: =(MIN(Attendance!D116, TIME(18, 0, 0)) - Attendance!C116) * 24 -> 8.5333333 | M116: =G116-L116 -> 1.8833333
E117: =TEXT(A117,"dddd") -> السبت | F117: =MONTH(A117) -> 12 | G117: =(D117-C117)*24 -> 0 | K117: =IF(WEEKDAY(A117)=6, "جمعة", "يوم عادي") -> يوم عادي | L117: =(MIN(Attendance!D117, TIME(18, 0, 0)) - Attendance!C117) * 24 -> 18 | M117: =G117-L117 -> -18
A118: 46134 | B118: حيدر يافوز | C118: 0.37361111 | D118: 0.82083333 | E118: =TEXT(A118,"dddd") -> الأربعاء | F118: =MONTH(A118) -> 4 | G118: =(D118-C118)*24 -> 10.733333 | K118: =IF(WEEKDAY(A118)=6, "جمعة", "يوم عادي") -> يوم عادي | L118: =(MIN(Attendance!D118, TIME(18, 0, 0)) - Attendance!C118) * 24 -> 9.0333333 | M118: =G118-L118 -> 1.7
A119: 46135 | B119: حيدر يافوز | C119: 0.46180556 | D119: 0.76527778 | E119: =TEXT(A119,"dddd") -> الخميس | F119: =MONTH(A119) -> 4 | G119: =(D119-C119)*24 -> 7.2833333 | K119: =IF(WEEKDAY(A119)=6, "جمعة", "يوم عادي") -> يوم عادي | L119: =(MIN(Attendance!D119, TIME(18, 0, 0)) - Attendance!C119) * 24 -> 6.9166667 | M119: =G119-L119 -> 0.36666667
A120: 46136 | B120: حيدر يافوز | C120: 0.39097222 | D120: 0.83541667 | E120: =TEXT(A120,"dddd") -> الجمعة | F120: =MONTH(A120) -> 4 | G120: =(D120-C120)*24 -> 10.666667 | K120: =IF(WEEKDAY(A120)=6, "جمعة", "يوم عادي") -> جمعة | L120: =(MIN(Attendance!D120, TIME(18, 0, 0)) - Attendance!C120) * 24 -> 8.6166667 | M120: =G120-L120 -> 2.05
A121: 46137 | B121: حيدر يافوز | C121: 0.37986111 | D121: 0.75277778 | E121: =TEXT(A121,"dddd") -> السبت | F121: =MONTH(A121) -> 4 | G121: =(D121-C121)*24 -> 8.95 | K121: =IF(WEEKDAY(A121)=6, "جمعة", "يوم عادي") -> يوم عادي | L121: =(MIN(Attendance!D121, TIME(18, 0, 0)) - Attendance!C121) * 24 -> 8.8833333 | M121: =G121-L121 -> 0.066666667
A122: 46138 | B122: حيدر يافوز | C122: 0.33333333 | D122: 0.87916667 | E122: =TEXT(A122,"dddd") -> الأحد | F122: =MONTH(A122) -> 4 | G122: =(D122-C122)*24 -> 13.1 | K122: =IF(WEEKDAY(A122)=6, "جمعة", "يوم عادي") -> يوم عادي | L122: =(MIN(Attendance!D122, TIME(18, 0, 0)) - Attendance!C122) * 24 -> 10 | M122: =G122-L122 -> 3.1
A123: 46139 | B123: حيدر يافوز | C123: 0.34166667 | D123: 0.82638889 | E123: =TEXT(A123,"dddd") -> الاثنين | F123: =MONTH(A123) -> 4 | G123: =(D123-C123)*24 -> 11.633333 | K123: =IF(WEEKDAY(A123)=6, "جمعة", "يوم عادي") -> يوم عادي | L123: =(MIN(Attendance!D123, TIME(18, 0, 0)) - Attendance!C123) * 24 -> 9.8 | M123: =G123-L123 -> 1.8333333
A124: 46140 | B124: حيدر يافوز | C124: 0.42777778 | D124: 0.85833333 | E124: =TEXT(A124,"dddd") -> الثلاثاء | F124: =MONTH(A124) -> 4 | G124: =(D124-C124)*24 -> 10.333333 | K124: =IF(WEEKDAY(A124)=6, "جمعة", "يوم عادي") -> يوم عادي | L124: =(MIN(Attendance!D124, TIME(18, 0, 0)) - Attendance!C124) * 24 -> 7.7333333 | M124: =G124-L124 -> 2.6
A125: 46141 | B125: حيدر يافوز | C125: 0.39375 | D125: 0.9625 | E125: =TEXT(A125,"dddd") -> الأربعاء | F125: =MONTH(A125) -> 4 | G125: =(D125-C125)*24 -> 13.65 | K125: =IF(WEEKDAY(A125)=6, "جمعة", "يوم عادي") -> يوم عادي | L125: =(MIN(Attendance!D125, TIME(18, 0, 0)) - Attendance!C125) * 24 -> 8.55 | M125: =G125-L125 -> 5.1
A126: 46142 | B126: حيدر يافوز | C126: 0.27847222 | D126: 0.75208333 | E126: =TEXT(A126,"dddd") -> الخميس | F126: =MONTH(A126) -> 4 | G126: =(D126-C126)*24 -> 11.366667 | K126: =IF(WEEKDAY(A126)=6, "جمعة", "يوم عادي") -> يوم عادي | L126: =(MIN(Attendance!D126, TIME(18, 0, 0)) - Attendance!C126) * 24 -> 11.316667 | M126: =G126-L126 -> 0.05
A127: 46130 | B127: حسين سالم | C127: 0.375 | D127: 0.79166667 | E127: =TEXT(A127,"dddd") -> السبت | F127: =MONTH(A127) -> 4 | G127: =((D127-C127)*24)*2 -> 20 | K127: =IF(WEEKDAY(A127)=6, "جمعة", "يوم عادي") -> يوم عادي | L127: =(MIN(Attendance!D127, TIME(18, 0, 0)) - Attendance!C127) * 24 -> 9 | M127: =G127-L127 -> 11
A128: 46131 | B128: حسين سالم | C128: 0.375 | D128: 0.79166667 | E128: =TEXT(A128,"dddd") -> الأحد | F128: =MONTH(A128) -> 4 | G128: =((D128-C128)*24)*2 -> 20 | K128: =IF(WEEKDAY(A128)=6, "جمعة", "يوم عادي") -> يوم عادي | L128: =(MIN(Attendance!D128, TIME(18, 0, 0)) - Attendance!C128) * 24 -> 9 | M128: =G128-L128 -> 11
A129: 46132 | B129: حسين سالم | C129: 0.375 | D129: 0.79166667 | E129: =TEXT(A129,"dddd") -> الاثنين | F129: =MONTH(A129) -> 4 | G129: =((D129-C129)*24)*2 -> 20 | K129: =IF(WEEKDAY(A129)=6, "جمعة", "يوم عادي") -> يوم عادي | L129: =(MIN(Attendance!D129, TIME(18, 0, 0)) - Attendance!C129) * 24 -> 9 | M129: =G129-L129 -> 11
A130: 46133 | B130: حسين سالم | C130: 0.375 | D130: 0.79166667 | E130: =TEXT(A130,"dddd") -> الثلاثاء | F130: =MONTH(A130) -> 4 | G130: =((D130-C130)*24)*2 -> 20 | K130: =IF(WEEKDAY(A130)=6, "جمعة", "يوم عادي") -> يوم عادي | L130: =(MIN(Attendance!D130, TIME(18, 0, 0)) - Attendance!C130) * 24 -> 9 | M130: =G130-L130 -> 11
A131: 46134 | B131: حسين سالم | C131: 0.375 | D131: 0.79166667 | E131: =TEXT(A131,"dddd") -> الأربعاء | F131: =MONTH(A131) -> 4 | G131: =((D131-C131)*24)*2 -> 20 | K131: =IF(WEEKDAY(A131)=6, "جمعة", "يوم عادي") -> يوم عادي | L131: =(MIN(Attendance!D131, TIME(18, 0, 0)) - Attendance!C131) * 24 -> 9 | M131: =G131-L131 -> 11
A132: 46135 | B132: حسين سالم | C132: 0.375 | D132: 0.79166667 | E132: =TEXT(A132,"dddd") -> الخميس | F132: =MONTH(A132) -> 4 | G132: =((D132-C132)*24)*2 -> 20 | K132: =IF(WEEKDAY(A132)=6, "جمعة", "يوم عادي") -> يوم عادي | L132: =(MIN(Attendance!D132, TIME(18, 0, 0)) - Attendance!C132) * 24 -> 9 | M132: =G132-L132 -> 11
A133: 46136 | B133: حسين سالم | C133: 0.375 | D133: 0.79166667 | E133: =TEXT(A133,"dddd") -> الجمعة | F133: =MONTH(A133) -> 4 | G133: =((D133-C133)*24)*2 -> 20 | K133: =IF(WEEKDAY(A133)=6, "جمعة", "يوم عادي") -> جمعة | L133: =(MIN(Attendance!D133, TIME(18, 0, 0)) - Attendance!C133) * 24 -> 9 | M133: =G133-L133 -> 11
A134: 46137 | B134: حسين سالم | C134: 0.375 | D134: 0.79166667 | E134: =TEXT(A134,"dddd") -> السبت | F134: =MONTH(A134) -> 4 | G134: =((D134-C134)*24)*2 -> 20 | K134: =IF(WEEKDAY(A134)=6, "جمعة", "يوم عادي") -> يوم عادي | L134: =(MIN(Attendance!D134, TIME(18, 0, 0)) - Attendance!C134) * 24 -> 9 | M134: =G134-L134 -> 11
A135: 46138 | B135: حسين سالم | C135: 0.375 | D135: 0.79166667 | E135: =TEXT(A135,"dddd") -> الأحد | F135: =MONTH(A135) -> 4 | G135: =((D135-C135)*24)*2 -> 20 | K135: =IF(WEEKDAY(A135)=6, "جمعة", "يوم عادي") -> يوم عادي | L135: =(MIN(Attendance!D135, TIME(18, 0, 0)) - Attendance!C135) * 24 -> 9 | M135: =G135-L135 -> 11
A136: 46139 | B136: حسين سالم | C136: 0.375 | D136: 0.79166667 | E136: =TEXT(A136,"dddd") -> الاثنين | F136: =MONTH(A136) -> 4 | G136: =((D136-C136)*24)*2 -> 20 | K136: =IF(WEEKDAY(A136)=6, "جمعة", "يوم عادي") -> يوم عادي | L136: =(MIN(Attendance!D136, TIME(18, 0, 0)) - Attendance!C136) * 24 -> 9 | M136: =G136-L136 -> 11
A137: 46140 | B137: حسين سالم | C137: 0.375 | D137: 0.79166667 | E137: =TEXT(A137,"dddd") -> الثلاثاء | F137: =MONTH(A137) -> 4 | G137: =((D137-C137)*24)*2 -> 20 | K137: =IF(WEEKDAY(A137)=6, "جمعة", "يوم عادي") -> يوم عادي | L137: =(MIN(Attendance!D137, TIME(18, 0, 0)) - Attendance!C137) * 24 -> 9 | M137: =G137-L137 -> 11
A138: 46141 | B138: حسين سالم | C138: 0.39791667 | D138: 0.86597222 | E138: =TEXT(A138,"dddd") -> الأربعاء | F138: =MONTH(A138) -> 4 | G138: =(D138-C138)*24 -> 11.233333 | K138: =IF(WEEKDAY(A138)=6, "جمعة", "يوم عادي") -> يوم عادي | L138: =(MIN(Attendance!D138, TIME(18, 0, 0)) - Attendance!C138) * 24 -> 8.45 | M138: =G138-L138 -> 2.7833333
A139: 46142 | B139: حسين سالم | C139: 0.31111111 | D139: 0.76180556 | E139: =TEXT(A139,"dddd") -> الخميس | F139: =MONTH(A139) -> 4 | G139: =(D139-C139)*24 -> 10.816667 | K139: =IF(WEEKDAY(A139)=6, "جمعة", "يوم عادي") -> يوم عادي | L139: =(MIN(Attendance!D139, TIME(18, 0, 0)) - Attendance!C139) * 24 -> 10.533333 | M139: =G139-L139 -> 0.28333333
A140: 46130 | B140: حيدر محمد | C140: 0.375 | D140: 0.79166667 | E140: =TEXT(A140,"dddd") -> السبت | F140: =MONTH(A140) -> 4 | G140: =((D140-C140)*24)*2 -> 20 | K140: =IF(WEEKDAY(A140)=6, "جمعة", "يوم عادي") -> يوم عادي | L140: =(MIN(Attendance!D140, TIME(18, 0, 0)) - Attendance!C140) * 24 -> 9 | M140: =G140-L140 -> 11
A141: 46131 | B141: حيدر محمد | C141: 0.375 | D141: 0.79166667 | E141: =TEXT(A141,"dddd") -> الأحد | F141: =MONTH(A141) -> 4 | G141: =((D141-C141)*24)*2 -> 20 | K141: =IF(WEEKDAY(A141)=6, "جمعة", "يوم عادي") -> يوم عادي | L141: =(MIN(Attendance!D141, TIME(18, 0, 0)) - Attendance!C141) * 24 -> 9 | M141: =G141-L141 -> 11
A142: 46132 | B142: حيدر محمد | C142: 0.375 | D142: 0.79166667 | E142: =TEXT(A142,"dddd") -> الاثنين | F142: =MONTH(A142) -> 4 | G142: =((D142-C142)*24)*2 -> 20 | K142: =IF(WEEKDAY(A142)=6, "جمعة", "يوم عادي") -> يوم عادي | L142: =(MIN(Attendance!D142, TIME(18, 0, 0)) - Attendance!C142) * 24 -> 9 | M142: =G142-L142 -> 11
A143: 46133 | B143: حيدر محمد | C143: 0.375 | D143: 0.79166667 | E143: =TEXT(A143,"dddd") -> الثلاثاء | F143: =MONTH(A143) -> 4 | G143: =((D143-C143)*24)*2 -> 20 | K143: =IF(WEEKDAY(A143)=6, "جمعة", "يوم عادي") -> يوم عادي | L143: =(MIN(Attendance!D143, TIME(18, 0, 0)) - Attendance!C143) * 24 -> 9 | M143: =G143-L143 -> 11
A144: 46134 | B144: حيدر محمد | C144: 0.375 | D144: 0.79166667 | E144: =TEXT(A144,"dddd") -> الأربعاء | F144: =MONTH(A144) -> 4 | G144: =((D144-C144)*24)*2 -> 20 | K144: =IF(WEEKDAY(A144)=6, "جمعة", "يوم عادي") -> يوم عادي | L144: =(MIN(Attendance!D144, TIME(18, 0, 0)) - Attendance!C144) * 24 -> 9 | M144: =G144-L144 -> 11
A145: 46135 | B145: حيدر محمد | C145: 0.375 | D145: 0.79166667 | E145: =TEXT(A145,"dddd") -> الخميس | F145: =MONTH(A145) -> 4 | G145: =((D145-C145)*24)*2 -> 20 | K145: =IF(WEEKDAY(A145)=6, "جمعة", "يوم عادي") -> يوم عادي | L145: =(MIN(Attendance!D145, TIME(18, 0, 0)) - Attendance!C145) * 24 -> 9 | M145: =G145-L145 -> 11
A146: 46136 | B146: حيدر محمد | C146: 0.375 | D146: 0.79166667 | E146: =TEXT(A146,"dddd") -> الجمعة | F146: =MONTH(A146) -> 4 | G146: =((D146-C146)*24)*2 -> 20 | K146: =IF(WEEKDAY(A146)=6, "جمعة", "يوم عادي") -> جمعة | L146: =(MIN(Attendance!D146, TIME(18, 0, 0)) - Attendance!C146) * 24 -> 9 | M146: =G146-L146 -> 11
A147: 46137 | B147: حيدر محمد | C147: 0.375 | D147: 0.79166667 | E147: =TEXT(A147,"dddd") -> السبت | F147: =MONTH(A147) -> 4 | G147: =((D147-C147)*24)*2 -> 20 | K147: =IF(WEEKDAY(A147)=6, "جمعة", "يوم عادي") -> يوم عادي | L147: =(MIN(Attendance!D147, TIME(18, 0, 0)) - Attendance!C147) * 24 -> 9 | M147: =G147-L147 -> 11
A148: 46138 | B148: حيدر محمد | C148: 0.375 | D148: 0.79166667 | E148: =TEXT(A148,"dddd") -> الأحد | F148: =MONTH(A148) -> 4 | G148: =((D148-C148)*24)*2 -> 20 | K148: =IF(WEEKDAY(A148)=6, "جمعة", "يوم عادي") -> يوم عادي | L148: =(MIN(Attendance!D148, TIME(18, 0, 0)) - Attendance!C148) * 24 -> 9 | M148: =G148-L148 -> 11
A149: 46139 | B149: حيدر محمد | C149: 0.375 | D149: 0.79166667 | E149: =TEXT(A149,"dddd") -> الاثنين | F149: =MONTH(A149) -> 4 | G149: =((D149-C149)*24)*2 -> 20 | K149: =IF(WEEKDAY(A149)=6, "جمعة", "يوم عادي") -> يوم عادي | L149: =(MIN(Attendance!D149, TIME(18, 0, 0)) - Attendance!C149) * 24 -> 9 | M149: =G149-L149 -> 11
A150: 46140 | B150: حيدر محمد | C150: 0.375 | D150: 0.79166667 | E150: =TEXT(A150,"dddd") -> الثلاثاء | F150: =MONTH(A150) -> 4 | G150: =((D150-C150)*24)*2 -> 20 | K150: =IF(WEEKDAY(A150)=6, "جمعة", "يوم عادي") -> يوم عادي | L150: =(MIN(Attendance!D150, TIME(18, 0, 0)) - Attendance!C150) * 24 -> 9 | M150: =G150-L150 -> 11
A151: 46141 | B151: حيدر محمد | C151: 0.38958333 | D151: 0.96180556 | E151: =TEXT(A151,"dddd") -> الأربعاء | F151: =MONTH(A151) -> 4 | G151: =(D151-C151)*24 -> 13.733333 | K151: =IF(WEEKDAY(A151)=6, "جمعة", "يوم عادي") -> يوم عادي | L151: =(MIN(Attendance!D151, TIME(18, 0, 0)) - Attendance!C151) * 24 -> 8.65 | M151: =G151-L151 -> 5.0833333
A152: 46142 | B152: حيدر محمد | C152: 0.26944444 | D152: 0.75208333 | E152: =TEXT(A152,"dddd") -> الخميس | F152: =MONTH(A152) -> 4 | G152: =(D152-C152)*24 -> 11.583333 | K152: =IF(WEEKDAY(A152)=6, "جمعة", "يوم عادي") -> يوم عادي | L152: =(MIN(Attendance!D152, TIME(18, 0, 0)) - Attendance!C152) * 24 -> 11.533333 | M152: =G152-L152 -> 0.05
E153: =TEXT(A153,"dddd") -> السبت | F153: =MONTH(A153) -> 12 | G153: =(D153-C153)*24 -> 0 | K153: =IF(WEEKDAY(A153)=6, "جمعة", "يوم عادي") -> يوم عادي | L153: =(MIN(Attendance!D153, TIME(18, 0, 0)) - Attendance!C153) * 24 -> 18 | M153: =G153-L153 -> -18
E154: =TEXT(A154,"dddd") -> السبت | F154: =MONTH(A154) -> 12 | G154: =(D154-C154)*24 -> 0 | K154: =IF(WEEKDAY(A154)=6, "جمعة", "يوم عادي") -> يوم عادي | L154: =(MIN(Attendance!D154, TIME(18, 0, 0)) - Attendance!C154) * 24 -> 18 | M154: =G154-L154 -> -18
E155: =TEXT(A155,"dddd") -> السبت | F155: =MONTH(A155) -> 12 | G155: =(D155-C155)*24 -> 0 | K155: =IF(WEEKDAY(A155)=6, "جمعة", "يوم عادي") -> يوم عادي | L155: =(MIN(Attendance!D155, TIME(18, 0, 0)) - Attendance!C155) * 24 -> 18 | M155: =G155-L155 -> -18
E156: =TEXT(A156,"dddd") -> السبت | F156: =MONTH(A156) -> 12 | G156: =(D156-C156)*24 -> 0 | K156: =IF(WEEKDAY(A156)=6, "جمعة", "يوم عادي") -> يوم عادي | L156: =(MIN(Attendance!D156, TIME(18, 0, 0)) - Attendance!C156) * 24 -> 18 | M156: =G156-L156 -> -18
E157: =TEXT(A157,"dddd") -> السبت | F157: =MONTH(A157) -> 12 | G157: =(D157-C157)*24 -> 0 | K157: =IF(WEEKDAY(A157)=6, "جمعة", "يوم عادي") -> يوم عادي | L157: =(MIN(Attendance!D157, TIME(18, 0, 0)) - Attendance!C157) * 24 -> 18 | M157: =G157-L157 -> -18
E158: =TEXT(A158,"dddd") -> السبت | F158: =MONTH(A158) -> 12 | G158: =(D158-C158)*24 -> 0 | K158: =IF(WEEKDAY(A158)=6, "جمعة", "يوم عادي") -> يوم عادي | L158: =(MIN(Attendance!D158, TIME(18, 0, 0)) - Attendance!C158) * 24 -> 18 | M158: =G158-L158 -> -18
E159: =TEXT(A159,"dddd") -> السبت | F159: =MONTH(A159) -> 12 | G159: =(D159-C159)*24 -> 0 | K159: =IF(WEEKDAY(A159)=6, "جمعة", "يوم عادي") -> يوم عادي | L159: =(MIN(Attendance!D159, TIME(18, 0, 0)) - Attendance!C159) * 24 -> 18 | M159: =G159-L159 -> -18
E160: =TEXT(A160,"dddd") -> السبت | F160: =MONTH(A160) -> 12 | G160: =(D160-C160)*24 -> 0 | K160: =IF(WEEKDAY(A160)=6, "جمعة", "يوم عادي") -> يوم عادي | L160: =(MIN(Attendance!D160, TIME(18, 0, 0)) - Attendance!C160) * 24 -> 18 | M160: =G160-L160 -> -18
E161: =TEXT(A161,"dddd") -> السبت | F161: =MONTH(A161) -> 12 | G161: =(D161-C161)*24 -> 0 | K161: =IF(WEEKDAY(A161)=6, "جمعة", "يوم عادي") -> يوم عادي | L161: =(MIN(Attendance!D161, TIME(18, 0, 0)) - Attendance!C161) * 24 -> 18 | M161: =G161-L161 -> -18
E162: =TEXT(A162,"dddd") -> السبت | F162: =MONTH(A162) -> 12 | G162: =(D162-C162)*24 -> 0 | K162: =IF(WEEKDAY(A162)=6, "جمعة", "يوم عادي") -> يوم عادي | L162: =(MIN(Attendance!D162, TIME(18, 0, 0)) - Attendance!C162) * 24 -> 18 | M162: =G162-L162 -> -18
E163: =TEXT(A163,"dddd") -> السبت | F163: =MONTH(A163) -> 12 | G163: =(D163-C163)*24 -> 0 | K163: =IF(WEEKDAY(A163)=6, "جمعة", "يوم عادي") -> يوم عادي | L163: =(MIN(Attendance!D163, TIME(18, 0, 0)) - Attendance!C163) * 24 -> 18 | M163: =G163-L163 -> -18
E164: =TEXT(A164,"dddd") -> السبت | F164: =MONTH(A164) -> 12 | G164: =(D164-C164)*24 -> 0 | K164: =IF(WEEKDAY(A164)=6, "جمعة", "يوم عادي") -> يوم عادي | L164: =(MIN(Attendance!D164, TIME(18, 0, 0)) - Attendance!C164) * 24 -> 18 | M164: =G164-L164 -> -18
... E410: =TEXT(A410,"dddd") -> السبت | F410: =MONTH(A410) -> 12 | G410: =(D410-C410)*24 -> 0 | K410: =IF(WEEKDAY(A410)=6, "جمعة", "يوم عادي") -> يوم عادي | L410: =(MIN(Attendance!D410, TIME(18, 0, 0)) - Attendance!C410) * 24 -> 18 | M410: =G410-L410 -> -18
L411: =(MIN(Attendance!D411, TIME(18, 0, 0)) - Attendance!C411) * 24 -> 18 | M411: =G411-L411 -> -18
L412: =(MIN(Attendance!D412, TIME(18, 0, 0)) - Attendance!C412) * 24 -> 18 | M412: =G412-L412 -> -18
L413: =(MIN(Attendance!D413, TIME(18, 0, 0)) - Attendance!C413) * 24 -> 18 | M413: =G413-L413 -> -18
L414: =(MIN(Attendance!D414, TIME(18, 0, 0)) - Attendance!C414) * 24 -> 18 | M414: =G414-L414 -> -18
L415: =(MIN(Attendance!D415, TIME(18, 0, 0)) - Attendance!C415) * 24 -> 18 | M415: =G415-L415 -> -18
L416: =(MIN(Attendance!D416, TIME(18, 0, 0)) - Attendance!C416) * 24 -> 18 | M416: =G416-L416 -> -18
L417: =(MIN(Attendance!D417, TIME(18, 0, 0)) - Attendance!C417) * 24 -> 18 | M417: =G417-L417 -> -18
L418: =(MIN(Attendance!D418, TIME(18, 0, 0)) - Attendance!C418) * 24 -> 18 | M418: =G418-L418 -> -18
L419: =(MIN(Attendance!D419, TIME(18, 0, 0)) - Attendance!C419) * 24 -> 18 | M419: =G419-L419 -> -18
L420: =(MIN(Attendance!D420, TIME(18, 0, 0)) - Attendance!C420) * 24 -> 18 | M420: =G420-L420 -> -18
L421: =(MIN(Attendance!D421, TIME(18, 0, 0)) - Attendance!C421) * 24 -> 18 | M421: =G421-L421 -> -18
L422: =(MIN(Attendance!D422, TIME(18, 0, 0)) - Attendance!C422) * 24 -> 18 | M422: =G422-L422 -> -18
... L957: =(MIN(Attendance!D957, TIME(18, 0, 0)) - Attendance!C957) * 24 -> 18 | M957: =G957-L957 -> -18

Sheet الجمعة + الغياب
A1: الاسم | B1: الشهر | C1: الإجازات | D1: الغيابات | E1: أيام الدوام | F1: الجمعات المستحقة | G1: جمعات الحضور | H1: جمعات الاستراحة | I1: أجر الجمعات النهائي
A2: حيدر المحاسب | B2: 4 | E2: =IFERROR(__xludf.DUMMYFUNCTION("COUNTUNIQUEIFS(Attendance!$A$2:$A12, Attendance!$B$2:$B12, A2, Attendance!$F$2:$F12, B2, Attendance!$K$2:$K12, ""<>جمعة"")"),26.0) -> 26 | F2: =INT((E2 + MIN(C2, 2)) / 6) -> 4 | G2: =COUNTIFS(Attendance!$B2:$B12, A2, Attendance!$F2:$F12, B2, Attendance!$K2:$K12, "جمعة") -> 0 | H2: =MAX(0, F2 - G2) -> 4 | I2: =IF(D2 = 0, G2, (G2 * 2) + H2)-D2+F2 -> 4
A3: حسين سالم | B3: 4 | E3: =IFERROR(__xludf.DUMMYFUNCTION("COUNTUNIQUEIFS(Attendance!$A$2:$A12, Attendance!$B$2:$B12, A3, Attendance!$F$2:$F12, B3, Attendance!$K$2:$K12, ""<>جمعة"")"),26.0) -> 26 | F3: =INT((E3 + MIN(C3, 2)) / 6) -> 4 | G3: =COUNTIFS(Attendance!$B3:$B12, A3, Attendance!$F3:$F12, B3, Attendance!$K3:$K12, "جمعة") -> 3 | H3: =MAX(0, F3 - G3) -> 1 | I3: =IF(D3 = 0, G3, (G3 * 2) + H3)-D3+F3 -> 7
A4: حيدر محمد | B4: 4 | E4: =IFERROR(__xludf.DUMMYFUNCTION("COUNTUNIQUEIFS(Attendance!$A$2:$A12, Attendance!$B$2:$B12, A4, Attendance!$F$2:$F12, B4, Attendance!$K$2:$K12, ""<>جمعة"")"),25.0) -> 25 | F4: =INT((E4 + MIN(C4, 2)) / 6) -> 4 | G4: =COUNTIFS(Attendance!$B4:$B12, A4, Attendance!$F4:$F12, B4, Attendance!$K4:$K12, "جمعة") -> 3 | H4: =MAX(0, F4 - G4) -> 1 | I4: =IF(D4 = 0, G4, (G4 * 2) + H4)-D4+F4 -> 7
A5: حيدر يافوز | B5: 4 | E5: =IFERROR(__xludf.DUMMYFUNCTION("COUNTUNIQUEIFS(Attendance!$A$2:$A12, Attendance!$B$2:$B12, A5, Attendance!$F$2:$F12, B5, Attendance!$K$2:$K12, ""<>جمعة"")"),26.0) -> 26 | F5: =INT((E5 + MIN(C5, 2)) / 6) -> 4 | G5: =COUNTIFS(Attendance!$B5:$B12, A5, Attendance!$F5:$F12, B5, Attendance!$K5:$K12, "جمعة") -> 3 | H5: =MAX(0, F5 - G5) -> 1 | I5: =IF(D5 = 0, G5, (G5 * 2) + H5)-D5+F5 -> 7
A6: خضر عبد الخالق | B6: 4 | D6: 2 | E6: =IFERROR(__xludf.DUMMYFUNCTION("COUNTUNIQUEIFS(Attendance!$A$2:$A12, Attendance!$B$2:$B12, A6, Attendance!$F$2:$F12, B6, Attendance!$K$2:$K12, ""<>جمعة"")"),9.0) -> 9 | F6: =INT((E6 + MIN(C6, 2)) / 6) -> 1 | G6: =COUNTIFS(Attendance!$B6:$B12, A6, Attendance!$F6:$F12, B6, Attendance!$K6:$K12, "جمعة") -> 0 | H6: =MAX(0, F6 - G6) -> 1 | I6: =IF(D6 = 0, G6, (G6 * 2) + H6)-D6+F6 -> 0
A7: عبدالله هاشم | B7: 4 | E7: =IFERROR(__xludf.DUMMYFUNCTION("COUNTUNIQUEIFS(Attendance!$A$2:$A12, Attendance!$B$2:$B12, A7, Attendance!$F$2:$F12, B7, Attendance!$K$2:$K12, ""<>جمعة"")"),25.0) -> 25 | F7: =INT((E7 + MIN(C7, 2)) / 6) -> 4 | G7: =COUNTIFS(Attendance!$B7:$B12, A7, Attendance!$F7:$F12, B7, Attendance!$K7:$K12, "جمعة") -> 2 | H7: =MAX(0, F7 - G7) -> 2 | I7: =IF(D7 = 0, G7, (G7 * 2) + H7)-D7+F7 -> 6
B8: 2 | E8: =IFERROR(__xludf.DUMMYFUNCTION("COUNTUNIQUEIFS(Attendance!$A$2:$A12, Attendance!$B$2:$B12, A8, Attendance!$F$2:$F12, B8, Attendance!$K$2:$K12, ""<>جمعة"")"),0.0) -> 0 | F8: =INT((E8 + MIN(C8, 2)) / 6) -> 0 | G8: =COUNTIFS(Attendance!$B8:$B12, A8, Attendance!$F8:$F12, B8, Attendance!$K8:$K12, "جمعة") -> 0 | H8: =MAX(0, F8 - G8) -> 0 | I8: =IF(D8 = 0, G8, (G8 * 2) + H8)-D8+F8 -> 0
B9: 2 | E9: =IFERROR(__xludf.DUMMYFUNCTION("COUNTUNIQUEIFS(Attendance!$A$2:$A12, Attendance!$B$2:$B12, A9, Attendance!$F$2:$F12, B9, Attendance!$K$2:$K12, ""<>جمعة"")"),0.0) -> 0 | F9: =INT((E9 + MIN(C9, 2)) / 6) -> 0 | G9: =COUNTIFS(Attendance!$B9:$B12, A9, Attendance!$F9:$F12, B9, Attendance!$K9:$K12, "جمعة") -> 0 | H9: =MAX(0, F9 - G9) -> 0 | I9: =IF(D9 = 0, G9, (G9 * 2) + H9)-D9+F9 -> 0
B10: 2 | E10: =IFERROR(__xludf.DUMMYFUNCTION("COUNTUNIQUEIFS(Attendance!$A$2:$A12, Attendance!$B$2:$B12, A10, Attendance!$F$2:$F12, B10, Attendance!$K$2:$K12, ""<>جمعة"")"),0.0) -> 0 | F10: =INT((E10 + MIN(C10, 2)) / 6) -> 0 | G10: =COUNTIFS(Attendance!$B10:$B12, A10, Attendance!$F10:$F12, B10, Attendance!$K10:$K12, "جمعة") -> 0 | H10: =MAX(0, F10 - G10) -> 0 | I10: =IF(D10 = 0, G10, (G10 * 2) + H10)-D10+F10 -> 0
B11: 2 | E11: =IFERROR(__xludf.DUMMYFUNCTION("COUNTUNIQUEIFS(Attendance!$A$2:$A12, Attendance!$B$2:$B12, A11, Attendance!$F$2:$F12, B11, Attendance!$K$2:$K12, ""<>جمعة"")"),0.0) -> 0 | F11: =INT((E11 + MIN(C11, 2)) / 6) -> 0 | G11: =COUNTIFS(Attendance!$B11:$B12, A11, Attendance!$F11:$F12, B11, Attendance!$K11:$K12, "جمعة") -> 0 | H11: =MAX(0, F11 - G11) -> 0 | I11: =IF(D11 = 0, G11, (G11 * 2) + H11)-D11+F11 -> 0
B12: 2 | E12: =IFERROR(__xludf.DUMMYFUNCTION("COUNTUNIQUEIFS(Attendance!$A$2:$A12, Attendance!$B$2:$B12, A12, Attendance!$F$2:$F12, B12, Attendance!$K$2:$K12, ""<>جمعة"")"),0.0) -> 0 | F12: =INT((E12 + MIN(C12, 2)) / 6) -> 0 | G12: =COUNTIFS(Attendance!$B12, A12, Attendance!$F12, B12, Attendance!$K12, "جمعة") -> 0 | H12: =MAX(0, F12 - G12) -> 0 | I12: =IF(D12 = 0, G12, (G12 * 2) + H12)-D12+F12 -> 0

Sheet Calculations
A1: سعر ساعة الموظف | B1: سعر يومية النقل والطعام | C1: مبلغ التأخير | D1: مبلغ الإضافي | E1: مبلغ النقل والطعام اليومي | F1: Calculations
A2: =VLOOKUP(F2, Employees!$A$2:$C957, 3, FALSE) -> 1481.4815 | B2: =100000 / (DAY(EOMONTH(Attendance!A29,0)) - 4) -> 3846.1538 | C2: =MAX(0, Attendance!C29 - TIME(9, 0, 0)) * 24 * A2 -> 2345.679 | D2: =MAX(0, Attendance!D29 - TIME(18, 0, 0)) * 24 * 1.5 * A2 -> 1925.9259 | E2: =IF(AND(Attendance!E29<>"Friday", Attendance!C29<>""), B2, 0) -> 3846.1538 | F2: =Attendance!B2 -> عبدالله هاشم | G2: =Attendance!A29 -> 46113 | H2: =IFERROR(__xludf.DUMMYFUNCTION("REGEXREPLACE(F2, ""\d+$"", """")"),"عبدالله هاشم") -> عبدالله هاشم
A3: =VLOOKUP(F3, Employees!$A$2:$C957, 3, FALSE) -> 1481.4815 | B3: =100000 / (DAY(EOMONTH(Attendance!A30,0)) - 4) -> 3846.1538 | C3: =MAX(0, Attendance!C30 - TIME(9, 0, 0)) * 24 * A3 -> 691.35802 | D3: =MAX(0, Attendance!D30 - TIME(18, 0, 0)) * 24 * 1.5 * A3 -> 1222.2222 | E3: =IF(AND(Attendance!E30<>"Friday", Attendance!C30<>""), B3, 0) -> 3846.1538 | F3: =Attendance!B3 -> عبدالله هاشم | G3: =Attendance!A30 -> 46114 | H3: =IFERROR(__xludf.DUMMYFUNCTION("REGEXREPLACE(F3, ""\d+$"", """")"),"عبدالله هاشم") -> عبدالله هاشم
A4: =VLOOKUP(F4, Employees!$A$2:$C957, 3, FALSE) -> 1481.4815 | B4: =100000 / (DAY(EOMONTH(Attendance!A31,0)) - 4) -> 3846.1538 | C4: =MAX(0, Attendance!C31 - TIME(9, 0, 0)) * 24 * A4 -> 666.66667 | D4: =MAX(0, Attendance!D31 - TIME(18, 0, 0)) * 24 * 1.5 * A4 -> 3555.5556 | E4: =IF(AND(Attendance!E31<>"Friday", Attendance!C31<>""), B4, 0) -> 3846.1538 | F4: =Attendance!B4 -> عبدالله هاشم | G4: =Attendance!A31 -> 46116 | H4: =IFERROR(__xludf.DUMMYFUNCTION("REGEXREPLACE(F4, ""\d+$"", """")"),"عبدالله هاشم") -> عبدالله هاشم
A5: =VLOOKUP(F5, Employees!$A$2:$C957, 3, FALSE) -> 1481.4815 | B5: =100000 / (DAY(EOMONTH(Attendance!A32,0)) - 4) -> 3846.1538 | C5: =MAX(0, Attendance!C32 - TIME(9, 0, 0)) * 24 * A5 -> 641.97531 | D5: =MAX(0, Attendance!D32 - TIME(18, 0, 0)) * 24 * 1.5 * A5 -> 0 | E5: =IF(AND(Attendance!E32<>"Friday", Attendance!C32<>""), B5, 0) -> 3846.1538 | F5: =Attendance!B5 -> عبدالله هاشم | G5: =Attendance!A32 -> 46117 | H5: =IFERROR(__xludf.DUMMYFUNCTION("REGEXREPLACE(F5, ""\d+$"", """")"),"عبدالله هاشم") -> عبدالله هاشم
A6: =VLOOKUP(F6, Employees!$A$2:$C957, 3, FALSE) -> 1481.4815 | B6: =100000 / (DAY(EOMONTH(Attendance!A33,0)) - 4) -> 3846.1538 | C6: =MAX(0, Attendance!C33 - TIME(9, 0, 0)) * 24 * A6 -> 1777.7778 | D6: =MAX(0, Attendance!D33 - TIME(18, 0, 0)) * 24 * 1.5 * A6 -> 0 | E6: =IF(AND(Attendance!E33<>"Friday", Attendance!C33<>""), B6, 0) -> 3846.1538 | F6: =Attendance!B6 -> عبدالله هاشم | G6: =Attendance!A33 -> 46118 | H6: =IFERROR(__xludf.DUMMYFUNCTION("REGEXREPLACE(F6, ""\d+$"", """")"),"عبدالله هاشم") -> عبدالله هاشم
A7: =VLOOKUP(F7, Employees!$A$2:$C957, 3, FALSE) -> 1481.4815 | B7: =100000 / (DAY(EOMONTH(Attendance!A34,0)) - 4) -> 3846.1538 | C7: =MAX(0, Attendance!C34 - TIME(9, 0, 0)) * 24 * A7 -> 1728.3951 | D7: =MAX(0, Attendance!D34 - TIME(18, 0, 0)) * 24 * 1.5 * A7 -> 481.48148 | E7: =IF(AND(Attendance!E34<>"Friday", Attendance!C34<>""), B7, 0) -> 3846.1538 | F7: =Attendance!B7 -> عبدالله هاشم | G7: =Attendance!A34 -> 46119 | H7: =IFERROR(__xludf.DUMMYFUNCTION("REGEXREPLACE(F7, ""\d+$"", """")"),"عبدالله هاشم") -> عبدالله هاشم
A8: =VLOOKUP(F8, Employees!$A$2:$C957, 3, FALSE) -> 1481.4815 | B8: =100000 / (DAY(EOMONTH(Attendance!A35,0)) - 4) -> 3846.1538 | C8: =MAX(0, Attendance!C35 - TIME(9, 0, 0)) * 24 * A8 -> 4518.5185 | D8: =MAX(0, Attendance!D35 - TIME(18, 0, 0)) * 24 * 1.5 * A8 -> 2222.2222 | E8: =IF(AND(Attendance!E35<>"Friday", Attendance!C35<>""), B8, 0) -> 3846.1538 | F8: =Attendance!B8 -> عبدالله هاشم | G8: =Attendance!A35 -> 46120 | H8: =IFERROR(__xludf.DUMMYFUNCTION("REGEXREPLACE(F8, ""\d+$"", """")"),"عبدالله هاشم") -> عبدالله هاشم
A9: =VLOOKUP(F9, Employees!$A$2:$C957, 3, FALSE) -> 1481.4815 | B9: =100000 / (DAY(EOMONTH(Attendance!A36,0)) - 4) -> 3846.1538 | C9: =MAX(0, Attendance!C36 - TIME(9, 0, 0)) * 24 * A9 -> 2444.4444 | D9: =MAX(0, Attendance!D36 - TIME(18, 0, 0)) * 24 * 1.5 * A9 -> 0 | E9: =IF(AND(Attendance!E36<>"Friday", Attendance!C36<>""), B9, 0) -> 3846.1538 | F9: =Attendance!B9 -> عبدالله هاشم | G9: =Attendance!A36 -> 46121 | H9: =IFERROR(__xludf.DUMMYFUNCTION("REGEXREPLACE(F9, ""\d+$"", """")"),"عبدالله هاشم") -> عبدالله هاشم
A10: =VLOOKUP(F10, Employees!$A$2:$C957, 3, FALSE) -> 1481.4815 | B10: =100000 / (DAY(EOMONTH(Attendance!A37,0)) - 4) -> 3846.1538 | C10: =MAX(0, Attendance!C37 - TIME(9, 0, 0)) * 24 * A10 -> 4074.0741 | D10: =MAX(0, Attendance!D37 - TIME(18, 0, 0)) * 24 * 1.5 * A10 -> 0 | E10: =IF(AND(Attendance!E37<>"Friday", Attendance!C37<>""), B10, 0) -> 3846.1538 | F10: =Attendance!B10 -> عبدالله هاشم | G10: =Attendance!A37 -> 46122 | H10: =IFERROR(__xludf.DUMMYFUNCTION("REGEXREPLACE(F10, ""\d+$"", """")"),"عبدالله هاشم") -> عبدالله هاشم
A11: =VLOOKUP(F11, Employees!$A$2:$C957, 3, FALSE) -> 1481.4815 | B11: =100000 / (DAY(EOMONTH(Attendance!A38,0)) - 4) -> 3846.1538 | C11: =MAX(0, Attendance!C38 - TIME(9, 0, 0)) * 24 * A11 -> 1629.6296 | D11: =MAX(0, Attendance!D38 - TIME(18, 0, 0)) * 24 * 1.5 * A11 -> 0 | E11: =IF(AND(Attendance!E38<>"Friday", Attendance!C38<>""), B11, 0) -> 3846.1538 | F11: =Attendance!B11 -> عبدالله هاشم | G11: =Attendance!A38 -> 46123 | H11: =IFERROR(__xludf.DUMMYFUNCTION("REGEXREPLACE(F11, ""\d+$"", """")"),"عبدالله هاشم") -> عبدالله هاشم
A12: =VLOOKUP(F12, Employees!$A$2:$C957, 3, FALSE) -> 1481.4815 | B12: =100000 / (DAY(EOMONTH(Attendance!A39,0)) - 4) -> 3846.1538 | C12: =MAX(0, Attendance!C39 - TIME(9, 0, 0)) * 24 * A12 -> 1925.9259 | D12: =MAX(0, Attendance!D39 - TIME(18, 0, 0)) * 24 * 1.5 * A12 -> 0 | E12: =IF(AND(Attendance!E39<>"Friday", Attendance!C39<>""), B12, 0) -> 3846.1538 | F12: =Attendance!B12 -> عبدالله هاشم | G12: =Attendance!A39 -> 46124 | H12: =IFERROR(__xludf.DUMMYFUNCTION("REGEXREPLACE(F12, ""\d+$"", """")"),"عبدالله هاشم") -> عبدالله هاشم
A13: =VLOOKUP(F13, Employees!$A$2:$C957, 3, FALSE) -> 1481.4815 | B13: =100000 / (DAY(EOMONTH(Attendance!A40,0)) - 4) -> 3846.1538 | C13: =MAX(0, Attendance!C40 - TIME(9, 0, 0)) * 24 * A13 -> 1950.6173 | D13: =MAX(0, Attendance!D40 - TIME(18, 0, 0)) * 24 * 1.5 * A13 -> 7074.0741 | E13: =IF(AND(Attendance!E40<>"Friday", Attendance!C40<>""), B13, 0) -> 3846.1538 | F13: =Attendance!B13 -> عبدالله هاشم | G13: =Attendance!A40 -> 46125 | H13: =IFERROR(__xludf.DUMMYFUNCTION("REGEXREPLACE(F13, ""\d+$"", """")"),"عبدالله هاشم") -> عبدالله هاشم
A14: =VLOOKUP(F14, Employees!$A$2:$C957, 3, FALSE) -> 1481.4815 | B14: =100000 / (DAY(EOMONTH(Attendance!A41,0)) - 4) -> 3846.1538 | C14: =MAX(0, Attendance!C41 - TIME(9, 0, 0)) * 24 * A14 -> 2296.2963 | D14: =MAX(0, Attendance!D41 - TIME(18, 0, 0)) * 24 * 1.5 * A14 -> 0 | E14: =IF(AND(Attendance!E41<>"Friday", Attendance!C41<>""), B14, 0) -> 3846.1538 | F14: =Attendance!B14 -> عبدالله هاشم | G14: =Attendance!A41 -> 46126 | H14: =IFERROR(__xludf.DUMMYFUNCTION("REGEXREPLACE(F14, ""\d+$"", """")"),"عبدالله هاشم") -> عبدالله هاشم
A15: =VLOOKUP(F15, Employees!$A$2:$C957, 3, FALSE) -> 1481.4815 | B15: =100000 / (DAY(EOMONTH(Attendance!A42,0)) - 4) -> 3846.1538 | C15: =MAX(0, Attendance!C42 - TIME(9, 0, 0)) * 24 * A15 -> 4790.1235 | D15: =MAX(0, Attendance!D42 - TIME(18, 0, 0)) * 24 * 1.5 * A15 -> 0 | E15: =IF(AND(Attendance!E42<>"Friday", Attendance!C42<>""), B15, 0) -> 3846.1538 | F15: =Attendance!B15 -> عبدالله هاشم | G15: =Attendance!A42 -> 46127 | H15: =IFERROR(__xludf.DUMMYFUNCTION("REGEXREPLACE(F15, ""\d+$"", """")"),"عبدالله هاشم") -> عبدالله هاشم
A16: =VLOOKUP(F16, Employees!$A$2:$C957, 3, FALSE) -> 1481.4815 | B16: =100000 / (DAY(EOMONTH(Attendance!A43,0)) - 4) -> 3846.1538 | C16: =MAX(0, Attendance!C43 - TIME(9, 0, 0)) * 24 * A16 -> 1629.6296 | D16: =MAX(0, Attendance!D43 - TIME(18, 0, 0)) * 24 * 1.5 * A16 -> 0 | E16: =IF(AND(Attendance!E43<>"Friday", Attendance!C43<>""), B16, 0) -> 3846.1538 | F16: =Attendance!B16 -> عبدالله هاشم | G16: =Attendance!A43 -> 46128 | H16: =IFERROR(__xludf.DUMMYFUNCTION("REGEXREPLACE(F16, ""\d+$"", """")"),"عبدالله هاشم") -> عبدالله هاشم
A17: =VLOOKUP(F17, Employees!$A$2:$C957, 3, FALSE) -> 1481.4815 | B17: =100000 / (DAY(EOMONTH(Attendance!A44,0)) - 4) -> 3846.1538 | C17: =MAX(0, Attendance!C44 - TIME(9, 0, 0)) * 24 * A17 -> 19061.728 | D17: =MAX(0, Attendance!D44 - TIME(18, 0, 0)) * 24 * 1.5 * A17 -> 8666.6667 | E17: =IF(AND(Attendance!E44<>"Friday", Attendance!C44<>""), B17, 0) -> 3846.1538 | F17: =Attendance!B17 -> عبدالله هاشم | G17: =Attendance!A44 -> 46128 | H17: =IFERROR(__xludf.DUMMYFUNCTION("REGEXREPLACE(F17, ""\d+$"", """")"),"عبدالله هاشم") -> عبدالله هاشم
A18: =VLOOKUP(F18, Employees!$A$2:$C957, 3, FALSE) -> 1481.4815 | B18: =100000 / (DAY(EOMONTH(Attendance!A45,0)) - 4) -> 3846.1538 | C18: =MAX(0, Attendance!C45 - TIME(9, 0, 0)) * 24 * A18 -> 1432.0988 | D18: =MAX(0, Attendance!D45 - TIME(18, 0, 0)) * 24 * 1.5 * A18 -> 74.074074 | E18: =IF(AND(Attendance!E45<>"Friday", Attendance!C45<>""), B18, 0) -> 3846.1538 | F18: =Attendance!B18 -> عبدالله هاشم | G18: =Attendance!A45 -> 46129 | H18: =IFERROR(__xludf.DUMMYFUNCTION("REGEXREPLACE(F18, ""\d+$"", """")"),"عبدالله هاشم") -> عبدالله هاشم
A19: =VLOOKUP(F19, Employees!$A$2:$C957, 3, FALSE) -> 1481.4815 | B19: =100000 / (DAY(EOMONTH(Attendance!A46,0)) - 4) -> 3846.1538 | C19: =MAX(0, Attendance!C46 - TIME(9, 0, 0)) * 24 * A19 -> 0 | D19: =MAX(0, Attendance!D46 - TIME(18, 0, 0)) * 24 * 1.5 * A19 -> 0 | E19: =IF(AND(Attendance!E46<>"Friday", Attendance!C46<>""), B19, 0) -> 3846.1538 | F19: =Attendance!B19 -> عبدالله هاشم | G19: =Attendance!A46 -> 46113 | H19: =IFERROR(__xludf.DUMMYFUNCTION("REGEXREPLACE(F19, ""\d+$"", """")"),"عبدالله هاشم") -> عبدالله هاشم
A20: =VLOOKUP(F20, Employees!$A$2:$C957, 3, FALSE) -> 1481.4815 | B20: =100000 / (DAY(EOMONTH(Attendance!A47,0)) - 4) -> 3846.1538 | C20: =MAX(0, Attendance!C47 - TIME(9, 0, 0)) * 24 * A20 -> 0 | D20: =MAX(0, Attendance!D47 - TIME(18, 0, 0)) * 24 * 1.5 * A20 -> 0 | E20: =IF(AND(Attendance!E47<>"Friday", Attendance!C47<>""), B20, 0) -> 3846.1538 | F20: =Attendance!B20 -> عبدالله هاشم | G20: =Attendance!A47 -> 46114 | H20: =IFERROR(__xludf.DUMMYFUNCTION("REGEXREPLACE(F20, ""\d+$"", """")"),"عبدالله هاشم") -> عبدالله هاشم
A21: =VLOOKUP(F21, Employees!$A$2:$C957, 3, FALSE) -> 1481.4815 | B21: =100000 / (DAY(EOMONTH(Attendance!A48,0)) - 4) -> 3846.1538 | C21: =MAX(0, Attendance!C48 - TIME(9, 0, 0)) * 24 * A21 -> 0 | D21: =MAX(0, Attendance!D48 - TIME(18, 0, 0)) * 24 * 1.5 * A21 -> 0 | E21: =IF(AND(Attendance!E48<>"Friday", Attendance!C48<>""), B21, 0) -> 3846.1538 | F21: =Attendance!B21 -> عبدالله هاشم | G21: =Attendance!A48 -> 46116 | H21: =IFERROR(__xludf.DUMMYFUNCTION("REGEXREPLACE(F21, ""\d+$"", """")"),"عبدالله هاشم") -> عبدالله هاشم
A22: =VLOOKUP(F22, Employees!$A$2:$C957, 3, FALSE) -> 1481.4815 | B22: =100000 / (DAY(EOMONTH(Attendance!A49,0)) - 4) -> 3846.1538 | C22: =MAX(0, Attendance!C49 - TIME(9, 0, 0)) * 24 * A22 -> 0 | D22: =MAX(0, Attendance!D49 - TIME(18, 0, 0)) * 24 * 1.5 * A22 -> 0 | E22: =IF(AND(Attendance!E49<>"Friday", Attendance!C49<>""), B22, 0) -> 3846.1538 | F22: =Attendance!B22 -> عبدالله هاشم | G22: =Attendance!A49 -> 46117 | H22: =IFERROR(__xludf.DUMMYFUNCTION("REGEXREPLACE(F22, ""\d+$"", """")"),"عبدالله هاشم") -> عبدالله هاشم
A23: =VLOOKUP(F23, Employees!$A$2:$C957, 3, FALSE) -> 1481.4815 | B23: =100000 / (DAY(EOMONTH(Attendance!A50,0)) - 4) -> 3846.1538 | C23: =MAX(0, Attendance!C50 - TIME(9, 0, 0)) * 24 * A23 -> 0 | D23: =MAX(0, Attendance!D50 - TIME(18, 0, 0)) * 24 * 1.5 * A23 -> 0 | E23: =IF(AND(Attendance!E50<>"Friday", Attendance!C50<>""), B23, 0) -> 3846.1538 | F23: =Attendance!B23 -> عبدالله هاشم | G23: =Attendance!A50 -> 46118 | H23: =IFERROR(__xludf.DUMMYFUNCTION("REGEXREPLACE(F23, ""\d+$"", """")"),"عبدالله هاشم") -> عبدالله هاشم
A24: =VLOOKUP(F24, Employees!$A$2:$C957, 3, FALSE) -> 1481.4815 | B24: =100000 / (DAY(EOMONTH(Attendance!A51,0)) - 4) -> 3846.1538 | C24: =MAX(0, Attendance!C51 - TIME(9, 0, 0)) * 24 * A24 -> 0 | D24: =MAX(0, Attendance!D51 - TIME(18, 0, 0)) * 24 * 1.5 * A24 -> 0 | E24: =IF(AND(Attendance!E51<>"Friday", Attendance!C51<>""), B24, 0) -> 3846.1538 | F24: =Attendance!B24 -> عبدالله هاشم | G24: =Attendance!A51 -> 46119 | H24: =IFERROR(__xludf.DUMMYFUNCTION("REGEXREPLACE(F24, ""\d+$"", """")"),"عبدالله هاشم") -> عبدالله هاشم
A25: =VLOOKUP(F25, Employees!$A$2:$C957, 3, FALSE) -> 1481.4815 | B25: =100000 / (DAY(EOMONTH(Attendance!A52,0)) - 4) -> 3846.1538 | C25: =MAX(0, Attendance!C52 - TIME(9, 0, 0)) * 24 * A25 -> 0 | D25: =MAX(0, Attendance!D52 - TIME(18, 0, 0)) * 24 * 1.5 * A25 -> 0 | E25: =IF(AND(Attendance!E52<>"Friday", Attendance!C52<>""), B25, 0) -> 3846.1538 | F25: =Attendance!B25 -> عبدالله هاشم | G25: =Attendance!A52 -> 46120 | H25: =IFERROR(__xludf.DUMMYFUNCTION("REGEXREPLACE(F25, ""\d+$"", """")"),"عبدالله هاشم") -> عبدالله هاشم
A26: =VLOOKUP(F26, Employees!$A$2:$C957, 3, FALSE) -> 1481.4815 | B26: =100000 / (DAY(EOMONTH(Attendance!A53,0)) - 4) -> 3846.1538 | C26: =MAX(0, Attendance!C53 - TIME(9, 0, 0)) * 24 * A26 -> 0 | D26: =MAX(0, Attendance!D53 - TIME(18, 0, 0)) * 24 * 1.5 * A26 -> 0 | E26: =IF(AND(Attendance!E53<>"Friday", Attendance!C53<>""), B26, 0) -> 3846.1538 | F26: =Attendance!B26 -> عبدالله هاشم | G26: =Attendance!A53 -> 46121 | H26: =IFERROR(__xludf.DUMMYFUNCTION("REGEXREPLACE(F26, ""\d+$"", """")"),"عبدالله هاشم") -> عبدالله هاشم
A27: =VLOOKUP(F27, Employees!$A$2:$C957, 3, FALSE) -> 1481.4815 | B27: =100000 / (DAY(EOMONTH(Attendance!A54,0)) - 4) -> 3846.1538 | C27: =MAX(0, Attendance!C54 - TIME(9, 0, 0)) * 24 * A27 -> 0 | D27: =MAX(0, Attendance!D54 - TIME(18, 0, 0)) * 24 * 1.5 * A27 -> 0 | E27: =IF(AND(Attendance!E54<>"Friday", Attendance!C54<>""), B27, 0) -> 3846.1538 | F27: =Attendance!B27 -> عبدالله هاشم | G27: =Attendance!A54 -> 46123 | H27: =IFERROR(__xludf.DUMMYFUNCTION("REGEXREPLACE(F27, ""\d+$"", """")"),"عبدالله هاشم") -> عبدالله هاشم
A28: =VLOOKUP(F28, Employees!$A$2:$C957, 3, FALSE) -> 1481.4815 | B28: =100000 / (DAY(EOMONTH(Attendance!A55,0)) - 4) -> 3846.1538 | C28: =MAX(0, Attendance!C55 - TIME(9, 0, 0)) * 24 * A28 -> 0 | D28: =MAX(0, Attendance!D55 - TIME(18, 0, 0)) * 24 * 1.5 * A28 -> 0 | E28: =IF(AND(Attendance!E55<>"Friday", Attendance!C55<>""), B28, 0) -> 3846.1538 | F28: =Attendance!B28 -> عبدالله هاشم | G28: =Attendance!A55 -> 46124 | H28: =IFERROR(__xludf.DUMMYFUNCTION("REGEXREPLACE(F28, ""\d+$"", """")"),"عبدالله هاشم") -> عبدالله هاشم
A29: =VLOOKUP(F29, Employees!$A$2:$C957, 3, FALSE) -> 2777.7778 | B29: =100000 / (DAY(EOMONTH(Attendance!A56,0)) - 4) -> 3846.1538 | C29: =MAX(0, Attendance!C56 - TIME(9, 0, 0)) * 24 * A29 -> 0 | D29: =MAX(0, Attendance!D56 - TIME(18, 0, 0)) * 24 * 1.5 * A29 -> 0 | E29: =IF(AND(Attendance!E56<>"Friday", Attendance!C56<>""), B29, 0) -> 3846.1538 | F29: =Attendance!B29 -> حسين سالم | G29: =Attendance!A56 -> 46125 | H29: =IFERROR(__xludf.DUMMYFUNCTION("REGEXREPLACE(F29, ""\d+$"", """")"),"حسين سالم") -> حسين سالم
A30: =VLOOKUP(F30, Employees!$A$2:$C957, 3, FALSE) -> 2777.7778 | B30: =100000 / (DAY(EOMONTH(Attendance!A57,0)) - 4) -> 3846.1538 | C30: =MAX(0, Attendance!C57 - TIME(9, 0, 0)) * 24 * A30 -> 0 | D30: =MAX(0, Attendance!D57 - TIME(18, 0, 0)) * 24 * 1.5 * A30 -> 0 | E30: =IF(AND(Attendance!E57<>"Friday", Attendance!C57<>""), B30, 0) -> 3846.1538 | F30: =Attendance!B30 -> حسين سالم | G30: =Attendance!A57 -> 46126 | H30: =IFERROR(__xludf.DUMMYFUNCTION("REGEXREPLACE(F30, ""\d+$"", """")"),"حسين سالم") -> حسين سالم
A31: =VLOOKUP(F31, Employees!$A$2:$C957, 3, FALSE) -> 2777.7778 | B31: =100000 / (DAY(EOMONTH(Attendance!A58,0)) - 4) -> 3846.1538 | C31: =MAX(0, Attendance!C58 - TIME(9, 0, 0)) * 24 * A31 -> 0 | D31: =MAX(0, Attendance!D58 - TIME(18, 0, 0)) * 24 * 1.5 * A31 -> 0 | E31: =IF(AND(Attendance!E58<>"Friday", Attendance!C58<>""), B31, 0) -> 3846.1538 | F31: =Attendance!B31 -> حسين سالم | G31: =Attendance!A58 -> 46127 | H31: =IFERROR(__xludf.DUMMYFUNCTION("REGEXREPLACE(F31, ""\d+$"", """")"),"حسين سالم") -> حسين سالم
A32: =VLOOKUP(F32, Employees!$A$2:$C957, 3, FALSE) -> 2777.7778 | B32: =100000 / (DAY(EOMONTH(Attendance!A59,0)) - 4) -> 3846.1538 | C32: =MAX(0, Attendance!C59 - TIME(9, 0, 0)) * 24 * A32 -> 0 | D32: =MAX(0, Attendance!D59 - TIME(18, 0, 0)) * 24 * 1.5 * A32 -> 0 | E32: =IF(AND(Attendance!E59<>"Friday", Attendance!C59<>""), B32, 0) -> 3846.1538 | F32: =Attendance!B32 -> حسين سالم | G32: =Attendance!A59 -> 46128 | H32: =IFERROR(__xludf.DUMMYFUNCTION("REGEXREPLACE(F32, ""\d+$"", """")"),"حسين سالم") -> حسين سالم
A33: =VLOOKUP(F33, Employees!$A$2:$C957, 3, FALSE) -> 2777.7778 | B33: =100000 / (DAY(EOMONTH(Attendance!A60,0)) - 4) -> 3846.1538 | C33: =MAX(0, Attendance!C60 - TIME(9, 0, 0)) * 24 * A33 -> 0 | D33: =MAX(0, Attendance!D60 - TIME(18, 0, 0)) * 24 * 1.5 * A33 -> 0 | E33: =IF(AND(Attendance!E60<>"Friday", Attendance!C60<>""), B33, 0) -> 3846.1538 | F33: =Attendance!B33 -> حسين سالم | G33: =Attendance!A60 -> 46130 | H33: =IFERROR(__xludf.DUMMYFUNCTION("REGEXREPLACE(F33, ""\d+$"", """")"),"حسين سالم") -> حسين سالم
A34: =VLOOKUP(F34, Employees!$A$2:$C957, 3, FALSE) -> 2777.7778 | B34: =100000 / (DAY(EOMONTH(Attendance!A61,0)) - 4) -> 3846.1538 | C34: =MAX(0, Attendance!C61 - TIME(9, 0, 0)) * 24 * A34 -> 0 | D34: =MAX(0, Attendance!D61 - TIME(18, 0, 0)) * 24 * 1.5 * A34 -> 0 | E34: =IF(AND(Attendance!E61<>"Friday", Attendance!C61<>""), B34, 0) -> 3846.1538 | F34: =Attendance!B34 -> حسين سالم | G34: =Attendance!A61 -> 46131 | H34: =IFERROR(__xludf.DUMMYFUNCTION("REGEXREPLACE(F34, ""\d+$"", """")"),"حسين سالم") -> حسين سالم
A35: =VLOOKUP(F35, Employees!$A$2:$C957, 3, FALSE) -> 2777.7778 | B35: =100000 / (DAY(EOMONTH(Attendance!A62,0)) - 4) -> 3846.1538 | C35: =MAX(0, Attendance!C62 - TIME(9, 0, 0)) * 24 * A35 -> 0 | D35: =MAX(0, Attendance!D62 - TIME(18, 0, 0)) * 24 * 1.5 * A35 -> 0 | E35: =IF(AND(Attendance!E62<>"Friday", Attendance!C62<>""), B35, 0) -> 3846.1538 | F35: =Attendance!B35 -> حسين سالم | G35: =Attendance!A62 -> 46132 | H35: =IFERROR(__xludf.DUMMYFUNCTION("REGEXREPLACE(F35, ""\d+$"", """")"),"حسين سالم") -> حسين سالم
A36: =VLOOKUP(F36, Employees!$A$2:$C957, 3, FALSE) -> 2777.7778 | B36: =100000 / (DAY(EOMONTH(Attendance!A63,0)) - 4) -> 3846.1538 | C36: =MAX(0, Attendance!C63 - TIME(9, 0, 0)) * 24 * A36 -> 0 | D36: =MAX(0, Attendance!D63 - TIME(18, 0, 0)) * 24 * 1.5 * A36 -> 0 | E36: =IF(AND(Attendance!E63<>"Friday", Attendance!C63<>""), B36, 0) -> 3846.1538 | F36: =Attendance!B36 -> حسين سالم | G36: =Attendance!A63 -> 46133 | H36: =IFERROR(__xludf.DUMMYFUNCTION("REGEXREPLACE(F36, ""\d+$"", """")"),"حسين سالم") -> حسين سالم
A37: =VLOOKUP(F37, Employees!$A$2:$C957, 3, FALSE) -> 2777.7778 | B37: =100000 / (DAY(EOMONTH(Attendance!A64,0)) - 4) -> 3846.1538 | C37: =MAX(0, Attendance!C64 - TIME(9, 0, 0)) * 24 * A37 -> 0 | D37: =MAX(0, Attendance!D64 - TIME(18, 0, 0)) * 24 * 1.5 * A37 -> 0 | E37: =IF(AND(Attendance!E64<>"Friday", Attendance!C64<>""), B37, 0) -> 3846.1538 | F37: =Attendance!B37 -> حسين سالم | G37: =Attendance!A64 -> 46134 | H37: =IFERROR(__xludf.DUMMYFUNCTION("REGEXREPLACE(F37, ""\d+$"", """")"),"حسين سالم") -> حسين سالم
A38: =VLOOKUP(F38, Employees!$A$2:$C957, 3, FALSE) -> 2777.7778 | B38: =100000 / (DAY(EOMONTH(Attendance!A65,0)) - 4) -> 3846.1538 | C38: =MAX(0, Attendance!C65 - TIME(9, 0, 0)) * 24 * A38 -> 0 | D38: =MAX(0, Attendance!D65 - TIME(18, 0, 0)) * 24 * 1.5 * A38 -> 0 | E38: =IF(AND(Attendance!E65<>"Friday", Attendance!C65<>""), B38, 0) -> 3846.1538 | F38: =Attendance!B38 -> حسين سالم | G38: =Attendance!A65 -> 46135 | H38: =IFERROR(__xludf.DUMMYFUNCTION("REGEXREPLACE(F38, ""\d+$"", """")"),"حسين سالم") -> حسين سالم
A39: =VLOOKUP(F39, Employees!$A$2:$C957, 3, FALSE) -> 2777.7778 | B39: =100000 / (DAY(EOMONTH(Attendance!A66,0)) - 4) -> 3846.1538 | C39: =MAX(0, Attendance!C66 - TIME(9, 0, 0)) * 24 * A39 -> 0 | D39: =MAX(0, Attendance!D66 - TIME(18, 0, 0)) * 24 * 1.5 * A39 -> 0 | E39: =IF(AND(Attendance!E66<>"Friday", Attendance!C66<>""), B39, 0) -> 3846.1538 | F39: =Attendance!B39 -> حسين سالم | G39: =Attendance!A66 -> 46137 | H39: =IFERROR(__xludf.DUMMYFUNCTION("REGEXREPLACE(F39, ""\d+$"", """")"),"حسين سالم") -> حسين سالم
A40: =VLOOKUP(F40, Employees!$A$2:$C957, 3, FALSE) -> 2777.7778 | B40: =100000 / (DAY(EOMONTH(Attendance!A67,0)) - 4) -> 3846.1538 | C40: =MAX(0, Attendance!C67 - TIME(9, 0, 0)) * 24 * A40 -> 0 | D40: =MAX(0, Attendance!D67 - TIME(18, 0, 0)) * 24 * 1.5 * A40 -> 0 | E40: =IF(AND(Attendance!E67<>"Friday", Attendance!C67<>""), B40, 0) -> 3846.1538 | F40: =Attendance!B40 -> حسين سالم | G40: =Attendance!A67 -> 46138 | H40: =IFERROR(__xludf.DUMMYFUNCTION("REGEXREPLACE(F40, ""\d+$"", """")"),"حسين سالم") -> حسين سالم
A41: =VLOOKUP(F41, Employees!$A$2:$C957, 3, FALSE) -> 2777.7778 | B41: =100000 / (DAY(EOMONTH(Attendance!A68,0)) - 4) -> 3846.1538 | C41: =MAX(0, Attendance!C68 - TIME(9, 0, 0)) * 24 * A41 -> 0 | D41: =MAX(0, Attendance!D68 - TIME(18, 0, 0)) * 24 * 1.5 * A41 -> 0 | E41: =IF(AND(Attendance!E68<>"Friday", Attendance!C68<>""), B41, 0) -> 3846.1538 | F41: =Attendance!B41 -> حسين سالم | G41: =Attendance!A68 -> 46139 | H41: =IFERROR(__xludf.DUMMYFUNCTION("REGEXREPLACE(F41, ""\d+$"", """")"),"حسين سالم") -> حسين سالم
A42: =VLOOKUP(F42, Employees!$A$2:$C957, 3, FALSE) -> 2777.7778 | B42: =100000 / (DAY(EOMONTH(Attendance!A69,0)) - 4) -> 3846.1538 | C42: =MAX(0, Attendance!C69 - TIME(9, 0, 0)) * 24 * A42 -> 0 | D42: =MAX(0, Attendance!D69 - TIME(18, 0, 0)) * 24 * 1.5 * A42 -> 0 | E42: =IF(AND(Attendance!E69<>"Friday", Attendance!C69<>""), B42, 0) -> 3846.1538 | F42: =Attendance!B42 -> حسين سالم | G42: =Attendance!A69 -> 46140 | H42: =IFERROR(__xludf.DUMMYFUNCTION("REGEXREPLACE(F42, ""\d+$"", """")"),"حسين سالم") -> حسين سالم
A43: =VLOOKUP(F43, Employees!$A$2:$C957, 3, FALSE) -> 2777.7778 | B43: =100000 / (DAY(EOMONTH(Attendance!A70,0)) - 4) -> 3846.1538 | C43: =MAX(0, Attendance!C70 - TIME(9, 0, 0)) * 24 * A43 -> 0 | D43: =MAX(0, Attendance!D70 - TIME(18, 0, 0)) * 24 * 1.5 * A43 -> 0 | E43: =IF(AND(Attendance!E70<>"Friday", Attendance!C70<>""), B43, 0) -> 3846.1538 | F43: =Attendance!B43 -> حسين سالم | G43: =Attendance!A70 -> 46141 | H43: =IFERROR(__xludf.DUMMYFUNCTION("REGEXREPLACE(F43, ""\d+$"", """")"),"حسين سالم") -> حسين سالم
A44: =VLOOKUP(F44, Employees!$A$2:$C957, 3, FALSE) -> 2777.7778 | B44: =100000 / (DAY(EOMONTH(Attendance!A71,0)) - 4) -> 3846.1538 | C44: =MAX(0, Attendance!C71 - TIME(9, 0, 0)) * 24 * A44 -> 0 | D44: =MAX(0, Attendance!D71 - TIME(18, 0, 0)) * 24 * 1.5 * A44 -> 0 | E44: =IF(AND(Attendance!E71<>"Friday", Attendance!C71<>""), B44, 0) -> 3846.1538 | F44: =Attendance!B44 -> حسين سالم | G44: =Attendance!A71 -> 46142 | H44: =IFERROR(__xludf.DUMMYFUNCTION("REGEXREPLACE(F44, ""\d+$"", """")"),"حسين سالم") -> حسين سالم
A45: =VLOOKUP(F45, Employees!$A$2:$C957, 3, FALSE) -> 2777.7778 | B45: =100000 / (DAY(EOMONTH(Attendance!A72,0)) - 4) -> 3846.1538 | C45: =MAX(0, Attendance!C72 - TIME(9, 0, 0)) * 24 * A45 -> 509.25926 | D45: =MAX(0, Attendance!D72 - TIME(18, 0, 0)) * 24 * 1.5 * A45 -> 0 | E45: =IF(AND(Attendance!E72<>"Friday", Attendance!C72<>""), B45, 0) -> 3846.1538 | F45: =Attendance!B45 -> حسين سالم | G45: =Attendance!A72 -> 46114 | H45: =IFERROR(__xludf.DUMMYFUNCTION("REGEXREPLACE(F45, ""\d+$"", """")"),"حسين سالم") -> حسين سالم
A46: =VLOOKUP(F46, Employees!$A$2:$C957, 3, FALSE) -> 925.92593 | B46: =100000 / (DAY(EOMONTH(Attendance!A73,0)) - 4) -> 3846.1538 | C46: =MAX(0, Attendance!C73 - TIME(9, 0, 0)) * 24 * A46 -> 756.17284 | D46: =MAX(0, Attendance!D73 - TIME(18, 0, 0)) * 24 * 1.5 * A46 -> 740.74074 | E46: =IF(AND(Attendance!E73<>"Friday", Attendance!C73<>""), B46, 0) -> 3846.1538 | F46: =Attendance!B46 -> حيدر المحاسب | G46: =Attendance!A73 -> 46116 | H46: =IFERROR(__xludf.DUMMYFUNCTION("REGEXREPLACE(F46, ""\d+$"", """")"),"حيدر المحاسب") -> حيدر المحاسب
A47: =VLOOKUP(F47, Employees!$A$2:$C957, 3, FALSE) -> 925.92593 | B47: =100000 / (DAY(EOMONTH(Attendance!A74,0)) - 4) -> 3846.1538 | C47: =MAX(0, Attendance!C74 - TIME(9, 0, 0)) * 24 * A47 -> 200.61728 | D47: =MAX(0, Attendance!D74 - TIME(18, 0, 0)) * 24 * 1.5 * A47 -> 92.592593 | E47: =IF(AND(Attendance!E74<>"Friday", Attendance!C74<>""), B47, 0) -> 3846.1538 | F47: =Attendance!B47 -> حيدر المحاسب | G47: =Attendance!A74 -> 46117 | H47: =IFERROR(__xludf.DUMMYFUNCTION("REGEXREPLACE(F47, ""\d+$"", """")"),"حيدر المحاسب") -> حيدر المحاسب
A48: =VLOOKUP(F48, Employees!$A$2:$C957, 3, FALSE) -> 925.92593 | B48: =100000 / (DAY(EOMONTH(Attendance!A75,0)) - 4) -> 3846.1538 | C48: =MAX(0, Attendance!C75 - TIME(9, 0, 0)) * 24 * A48 -> 679.01235 | D48: =MAX(0, Attendance!D75 - TIME(18, 0, 0)) * 24 * 1.5 * A48 -> 2245.3704 | E48: =IF(AND(Attendance!E75<>"Friday", Attendance!C75<>""), B48, 0) -> 3846.1538 | F48: =Attendance!B48 -> حيدر المحاسب | G48: =Attendance!A75 -> 46118 | H48: =IFERROR(__xludf.DUMMYFUNCTION("REGEXREPLACE(F48, ""\d+$"", """")"),"حيدر المحاسب") -> حيدر المحاسب
A49: =VLOOKUP(F49, Employees!$A$2:$C957, 3, FALSE) -> 925.92593 | B49: =100000 / (DAY(EOMONTH(Attendance!A76,0)) - 4) -> 3846.1538 | C49: =MAX(0, Attendance!C76 - TIME(9, 0, 0)) * 24 * A49 -> 262.34568 | D49: =MAX(0, Attendance!D76 - TIME(18, 0, 0)) * 24 * 1.5 * A49 -> 92.592593 | E49: =IF(AND(Attendance!E76<>"Friday", Attendance!C76<>""), B49, 0) -> 3846.1538 | F49: =Attendance!B49 -> حيدر المحاسب | G49: =Attendance!A76 -> 46119 | H49: =IFERROR(__xludf.DUMMYFUNCTION("REGEXREPLACE(F49, ""\d+$"", """")"),"حيدر المحاسب") -> حيدر المحاسب
A50: =VLOOKUP(F50, Employees!$A$2:$C957, 3, FALSE) -> 925.92593 | B50: =100000 / (DAY(EOMONTH(Attendance!A77,0)) - 4) -> 3846.1538 | C50: =MAX(0, Attendance!C77 - TIME(9, 0, 0)) * 24 * A50 -> 324.07407 | D50: =MAX(0, Attendance!D77 - TIME(18, 0, 0)) * 24 * 1.5 * A50 -> 0 | E50: =IF(AND(Attendance!E77<>"Friday", Attendance!C77<>""), B50, 0) -> 3846.1538 | F50: =Attendance!B50 -> حيدر المحاسب | G50: =Attendance!A77 -> 46120 | H50: =IFERROR(__xludf.DUMMYFUNCTION("REGEXREPLACE(F50, ""\d+$"", """")"),"حيدر المحاسب") -> حيدر المحاسب
A51: =VLOOKUP(F51, Employees!$A$2:$C957, 3, FALSE) -> 925.92593 | B51: =100000 / (DAY(EOMONTH(Attendance!A78,0)) - 4) -> 3846.1538 | C51: =MAX(0, Attendance!C78 - TIME(9, 0, 0)) * 24 * A51 -> 2006.1728 | D51: =MAX(0, Attendance!D78 - TIME(18, 0, 0)) * 24 * 1.5 * A51 -> 0 | E51: =IF(AND(Attendance!E78<>"Friday", Attendance!C78<>""), B51, 0) -> 3846.1538 | F51: =Attendance!B51 -> حيدر المحاسب | G51: =Attendance!A78 -> 46121 | H51: =IFERROR(__xludf.DUMMYFUNCTION("REGEXREPLACE(F51, ""\d+$"", """")"),"حيدر المحاسب") -> حيدر المحاسب
A52: =VLOOKUP(F52, Employees!$A$2:$C957, 3, FALSE) -> 925.92593 | B52: =100000 / (DAY(EOMONTH(Attendance!A79,0)) - 4) -> 3846.1538 | C52: =MAX(0, Attendance!C79 - TIME(9, 0, 0)) * 24 * A52 -> 0 | D52: =MAX(0, Attendance!D79 - TIME(18, 0, 0)) * 24 * 1.5 * A52 -> 0 | E52: =IF(AND(Attendance!E79<>"Friday", Attendance!C79<>""), B52, 0) -> 3846.1538 | F52: =Attendance!B52 -> حيدر المحاسب | G52: =Attendance!A79 -> 46122 | H52: =IFERROR(__xludf.DUMMYFUNCTION("REGEXREPLACE(F52, ""\d+$"", """")"),"حيدر المحاسب") -> حيدر المحاسب
A53: =VLOOKUP(F53, Employees!$A$2:$C957, 3, FALSE) -> 925.92593 | B53: =100000 / (DAY(EOMONTH(Attendance!A80,0)) - 4) -> 3846.1538 | C53: =MAX(0, Attendance!C80 - TIME(9, 0, 0)) * 24 * A53 -> 540.12346 | D53: =MAX(0, Attendance!D80 - TIME(18, 0, 0)) * 24 * 1.5 * A53 -> 0 | E53: =IF(AND(Attendance!E80<>"Friday", Attendance!C80<>""), B53, 0) -> 3846.1538 | F53: =Attendance!B53 -> حيدر المحاسب | G53: =Attendance!A80 -> 46123 | H53: =IFERROR(__xludf.DUMMYFUNCTION("REGEXREPLACE(F53, ""\d+$"", """")"),"حيدر المحاسب") -> حيدر المحاسب
A54: =VLOOKUP(F54, Employees!$A$2:$C957, 3, FALSE) -> 925.92593 | B54: =100000 / (DAY(EOMONTH(Attendance!A81,0)) - 4) -> 3846.1538 | C54: =MAX(0, Attendance!C81 - TIME(9, 0, 0)) * 24 * A54 -> 540.12346 | D54: =MAX(0, Attendance!D81 - TIME(18, 0, 0)) * 24 * 1.5 * A54 -> 23.148148 | E54: =IF(AND(Attendance!E81<>"Friday", Attendance!C81<>""), B54, 0) -> 3846.1538 | F54: =Attendance!B54 -> حيدر المحاسب | G54: =Attendance!A81 -> 46124 | H54: =IFERROR(__xludf.DUMMYFUNCTION("REGEXREPLACE(F54, ""\d+$"", """")"),"حيدر المحاسب") -> حيدر المحاسب
A55: =VLOOKUP(F55, Employees!$A$2:$C957, 3, FALSE) -> 925.92593 | B55: =100000 / (DAY(EOMONTH(Attendance!A82,0)) - 4) -> 3846.1538 | C55: =MAX(0, Attendance!C82 - TIME(9, 0, 0)) * 24 * A55 -> 756.17284 | D55: =MAX(0, Attendance!D82 - TIME(18, 0, 0)) * 24 * 1.5 * A55 -> 995.37037 | E55: =IF(AND(Attendance!E82<>"Friday", Attendance!C82<>""), B55, 0) -> 3846.1538 | F55: =Attendance!B55 -> حيدر المحاسب | G55: =Attendance!A82 -> 46125 | H55: =IFERROR(__xludf.DUMMYFUNCTION("REGEXREPLACE(F55, ""\d+$"", """")"),"حيدر المحاسب") -> حيدر المحاسب
A56: =VLOOKUP(F56, Employees!$A$2:$C957, 3, FALSE) -> 925.92593 | B56: =100000 / (DAY(EOMONTH(Attendance!A83,0)) - 4) -> 3846.1538 | C56: =MAX(0, Attendance!C83 - TIME(9, 0, 0)) * 24 * A56 -> 416.66667 | D56: =MAX(0, Attendance!D83 - TIME(18, 0, 0)) * 24 * 1.5 * A56 -> 4328.7037 | E56: =IF(AND(Attendance!E83<>"Friday", Attendance!C83<>""), B56, 0) -> 3846.1538 | F56: =Attendance!B56 -> حيدر المحاسب | G56: =Attendance!A83 -> 46126 | H56: =IFERROR(__xludf.DUMMYFUNCTION("REGEXREPLACE(F56, ""\d+$"", """")"),"حيدر المحاسب") -> حيدر المحاسب
A57: =VLOOKUP(F57, Employees!$A$2:$C957, 3, FALSE) -> 925.92593 | B57: =100000 / (DAY(EOMONTH(Attendance!A84,0)) - 4) -> 3846.1538 | C57: =MAX(0, Attendance!C84 - TIME(9, 0, 0)) * 24 * A57 -> 524.69136 | D57: =MAX(0, Attendance!D84 - TIME(18, 0, 0)) * 24 * 1.5 * A57 -> 0 | E57: =IF(AND(Attendance!E84<>"Friday", Attendance!C84<>""), B57, 0) -> 3846.1538 | F57: =Attendance!B57 -> حيدر المحاسب | G57: =Attendance!A84 -> 46127 | H57: =IFERROR(__xludf.DUMMYFUNCTION("REGEXREPLACE(F57, ""\d+$"", """")"),"حيدر المحاسب") -> حيدر المحاسب
A58: =VLOOKUP(F58, Employees!$A$2:$C957, 3, FALSE) -> 925.92593 | B58: =100000 / (DAY(EOMONTH(Attendance!A85,0)) - 4) -> 3846.1538 | C58: =MAX(0, Attendance!C85 - TIME(9, 0, 0)) * 24 * A58 -> 1574.0741 | D58: =MAX(0, Attendance!D85 - TIME(18, 0, 0)) * 24 * 1.5 * A58 -> 5393.5185 | E58: =IF(AND(Attendance!E85<>"Friday", Attendance!C85<>""), B58, 0) -> 3846.1538 | F58: =Attendance!B58 -> حيدر المحاسب | G58: =Attendance!A85 -> 46128 | H58: =IFERROR(__xludf.DUMMYFUNCTION("REGEXREPLACE(F58, ""\d+$"", """")"),"حيدر المحاسب") -> حيدر المحاسب
A59: =VLOOKUP(F59, Employees!$A$2:$C957, 3, FALSE) -> 925.92593 | B59: =100000 / (DAY(EOMONTH(Attendance!A86,0)) - 4) -> 3846.1538 | C59: =MAX(0, Attendance!C86 - TIME(9, 0, 0)) * 24 * A59 -> 1512.3457 | D59: =MAX(0, Attendance!D86 - TIME(18, 0, 0)) * 24 * 1.5 * A59 -> 532.40741 | E59: =IF(AND(Attendance!E86<>"Friday", Attendance!C86<>""), B59, 0) -> 3846.1538 | F59: =Attendance!B59 -> حيدر المحاسب | G59: =Attendance!A86 -> 46129 | H59: =IFERROR(__xludf.DUMMYFUNCTION("REGEXREPLACE(F59, ""\d+$"", """")"),"حيدر المحاسب") -> حيدر المحاسب
A60: =VLOOKUP(F60, Employees!$A$2:$C957, 3, FALSE) -> 925.92593 | B60: =100000 / (DAY(EOMONTH(Attendance!A87,0)) - 4) -> 3846.1538 | C60: =MAX(0, Attendance!C87 - TIME(9, 0, 0)) * 24 * A60 -> 324.07407 | D60: =MAX(0, Attendance!D87 - TIME(18, 0, 0)) * 24 * 1.5 * A60 -> 7060.1852 | E60: =IF(AND(Attendance!E87<>"Friday", Attendance!C87<>""), B60, 0) -> 3846.1538 | F60: =Attendance!B60 -> حيدر المحاسب | G60: =Attendance!A87 -> 46141 | H60: =IFERROR(__xludf.DUMMYFUNCTION("REGEXREPLACE(F60, ""\d+$"", """")"),"حيدر المحاسب") -> حيدر المحاسب
A61: =VLOOKUP(F61, Employees!$A$2:$C957, 3, FALSE) -> 925.92593 | B61: =100000 / (DAY(EOMONTH(Attendance!A97,0)) - 4) -> 3846.1538 | C61: =MAX(0, Attendance!C97 - TIME(9, 0, 0)) * 24 * A61 -> 246.91358 | D61: =MAX(0, Attendance!D97 - TIME(18, 0, 0)) * 24 * 1.5 * A61 -> 138.88889 | E61: =IF(AND(Attendance!E97<>"Friday", Attendance!C97<>""), B61, 0) -> 3846.1538 | F61: =Attendance!B61 -> حيدر المحاسب | G61: =Attendance!A97 -> 46113 | H61: =IFERROR(__xludf.DUMMYFUNCTION("REGEXREPLACE(F61, ""\d+$"", """")"),"حيدر المحاسب") -> حيدر المحاسب
A62: =VLOOKUP(F62, Employees!$A$2:$C957, 3, FALSE) -> 925.92593 | B62: =100000 / (DAY(EOMONTH(Attendance!A98,0)) - 4) -> 3846.1538 | C62: =MAX(0, Attendance!C98 - TIME(9, 0, 0)) * 24 * A62 -> 231.48148 | D62: =MAX(0, Attendance!D98 - TIME(18, 0, 0)) * 24 * 1.5 * A62 -> 138.88889 | E62: =IF(AND(Attendance!E98<>"Friday", Attendance!C98<>""), B62, 0) -> 3846.1538 | F62: =Attendance!B62 -> حيدر المحاسب | G62: =Attendance!A98 -> 46114 | H62: =IFERROR(__xludf.DUMMYFUNCTION("REGEXREPLACE(F62, ""\d+$"", """")"),"حيدر المحاسب") -> حيدر المحاسب
A63: =VLOOKUP(F63, Employees!$A$2:$C957, 3, FALSE) -> 925.92593 | B63: =100000 / (DAY(EOMONTH(Attendance!A99,0)) - 4) -> 3846.1538 | C63: =MAX(0, Attendance!C99 - TIME(9, 0, 0)) * 24 * A63 -> 123.45679 | D63: =MAX(0, Attendance!D99 - TIME(18, 0, 0)) * 24 * 1.5 * A63 -> 162.03704 | E63: =IF(AND(Attendance!E99<>"Friday", Attendance!C99<>""), B63, 0) -> 3846.1538 | F63: =Attendance!B63 -> حيدر المحاسب | G63: =Attendance!A99 -> 46116 | H63: =IFERROR(__xludf.DUMMYFUNCTION("REGEXREPLACE(F63, ""\d+$"", """")"),"حيدر المحاسب") -> حيدر المحاسب
A64: =VLOOKUP(F64, Employees!$A$2:$C957, 3, FALSE) -> 925.92593 | B64: =100000 / (DAY(EOMONTH(Attendance!A100,0)) - 4) -> 3846.1538 | C64: =MAX(0, Attendance!C100 - TIME(9, 0, 0)) * 24 * A64 -> 277.77778 | D64: =MAX(0, Attendance!D100 - TIME(18, 0, 0)) * 24 * 1.5 * A64 -> 92.592593 | E64: =IF(AND(Attendance!E100<>"Friday", Attendance!C100<>""), B64, 0) -> 3846.1538 | F64: =Attendance!B64 -> حيدر المحاسب | G64: =Attendance!A100 -> 46117 | H64: =IFERROR(__xludf.DUMMYFUNCTION("REGEXREPLACE(F64, ""\d+$"", """")"),"حيدر المحاسب") -> حيدر المحاسب
A65: =VLOOKUP(F65, Employees!$A$2:$C957, 3, FALSE) -> 925.92593 | B65: =100000 / (DAY(EOMONTH(Attendance!A101,0)) - 4) -> 3846.1538 | C65: =MAX(0, Attendance!C101 - TIME(9, 0, 0)) * 24 * A65 -> 416.66667 | D65: =MAX(0, Attendance!D101 - TIME(18, 0, 0)) * 24 * 1.5 * A65 -> 763.88889 | E65: =IF(AND(Attendance!E101<>"Friday", Attendance!C101<>""), B65, 0) -> 3846.1538 | F65: =Attendance!B65 -> حيدر المحاسب | G65: =Attendance!A101 -> 46118 | H65: =IFERROR(__xludf.DUMMYFUNCTION("REGEXREPLACE(F65, ""\d+$"", """")"),"حيدر المحاسب") -> حيدر المحاسب
A66: =VLOOKUP(F66, Employees!$A$2:$C957, 3, FALSE) -> 925.92593 | B66: =100000 / (DAY(EOMONTH(Attendance!A102,0)) - 4) -> 3846.1538 | C66: =MAX(0, Attendance!C102 - TIME(9, 0, 0)) * 24 * A66 -> 123.45679 | D66: =MAX(0, Attendance!D102 - TIME(18, 0, 0)) * 24 * 1.5 * A66 -> 277.77778 | E66: =IF(AND(Attendance!E102<>"Friday", Attendance!C102<>""), B66, 0) -> 3846.1538 | F66: =Attendance!B66 -> حيدر المحاسب | G66: =Attendance!A102 -> 46119 | H66: =IFERROR(__xludf.DUMMYFUNCTION("REGEXREPLACE(F66, ""\d+$"", """")"),"حيدر المحاسب") -> حيدر المحاسب
A67: =VLOOKUP(F67, Employees!$A$2:$C957, 3, FALSE) -> 925.92593 | B67: =100000 / (DAY(EOMONTH(Attendance!A103,0)) - 4) -> 3846.1538 | C67: =MAX(0, Attendance!C103 - TIME(9, 0, 0)) * 24 * A67 -> 324.07407 | D67: =MAX(0, Attendance!D103 - TIME(18, 0, 0)) * 24 * 1.5 * A67 -> 162.03704 | E67: =IF(AND(Attendance!E103<>"Friday", Attendance!C103<>""), B67, 0) -> 3846.1538 | F67: =Attendance!B67 -> حيدر المحاسب | G67: =Attendance!A103 -> 46120 | H67: =IFERROR(__xludf.DUMMYFUNCTION("REGEXREPLACE(F67, ""\d+$"", """")"),"حيدر المحاسب") -> حيدر المحاسب
A68: =VLOOKUP(F68, Employees!$A$2:$C957, 3, FALSE) -> 925.92593 | B68: =100000 / (DAY(EOMONTH(Attendance!A104,0)) - 4) -> 3846.1538 | C68: =MAX(0, Attendance!C104 - TIME(9, 0, 0)) * 24 * A68 -> 787.03704 | D68: =MAX(0, Attendance!D104 - TIME(18, 0, 0)) * 24 * 1.5 * A68 -> 555.55556 | E68: =IF(AND(Attendance!E104<>"Friday", Attendance!C104<>""), B68, 0) -> 3846.1538 | F68: =Attendance!B68 -> حيدر المحاسب | G68: =Attendance!A104 -> 46121 | H68: =IFERROR(__xludf.DUMMYFUNCTION("REGEXREPLACE(F68, ""\d+$"", """")"),"حيدر المحاسب") -> حيدر المحاسب
A69: =VLOOKUP(F69, Employees!$A$2:$C957, 3, FALSE) -> 925.92593 | B69: =100000 / (DAY(EOMONTH(Attendance!A105,0)) - 4) -> 3846.1538 | C69: =MAX(0, Attendance!C105 - TIME(9, 0, 0)) * 24 * A69 -> 0 | D69: =MAX(0, Attendance!D105 - TIME(18, 0, 0)) * 24 * 1.5 * A69 -> 23.148148 | E69: =IF(AND(Attendance!E105<>"Friday", Attendance!C105<>""), B69, 0) -> 3846.1538 | F69: =Attendance!B69 -> حيدر المحاسب | G69: =Attendance!A105 -> 46122 | H69: =IFERROR(__xludf.DUMMYFUNCTION("REGEXREPLACE(F69, ""\d+$"", """")"),"حيدر المحاسب") -> حيدر المحاسب
A70: =VLOOKUP(F70, Employees!$A$2:$C957, 3, FALSE) -> 925.92593 | B70: =100000 / (DAY(EOMONTH(Attendance!A106,0)) - 4) -> 3846.1538 | C70: =MAX(0, Attendance!C106 - TIME(9, 0, 0)) * 24 * A70 -> 648.14815 | D70: =MAX(0, Attendance!D106 - TIME(18, 0, 0)) * 24 * 1.5 * A70 -> 0 | E70: =IF(AND(Attendance!E106<>"Friday", Attendance!C106<>""), B70, 0) -> 3846.1538 | F70: =Attendance!B70 -> حيدر المحاسب | G70: =Attendance!A106 -> 46123 | H70: =IFERROR(__xludf.DUMMYFUNCTION("REGEXREPLACE(F70, ""\d+$"", """")"),"حيدر المحاسب") -> حيدر المحاسب
A71: =VLOOKUP(F71, Employees!$A$2:$C957, 3, FALSE) -> 925.92593 | B71: =100000 / (DAY(EOMONTH(Attendance!A107,0)) - 4) -> 3846.1538 | C71: =MAX(0, Attendance!C107 - TIME(9, 0, 0)) * 24 * A71 -> 925.92593 | D71: =MAX(0, Attendance!D107 - TIME(18, 0, 0)) * 24 * 1.5 * A71 -> 4259.2593 | E71: =IF(AND(Attendance!E107<>"Friday", Attendance!C107<>""), B71, 0) -> 3846.1538 | F71: =Attendance!B71 -> حيدر المحاسب | G71: =Attendance!A107 -> 46124 | H71: =IFERROR(__xludf.DUMMYFUNCTION("REGEXREPLACE(F71, ""\d+$"", """")"),"حيدر المحاسب") -> حيدر المحاسب
A72: =VLOOKUP(F72, Employees!$A$2:$C957, 3, FALSE) -> 1481.4815 | B72: =100000 / (DAY(EOMONTH(Attendance!A108,0)) - 4) -> 3846.1538 | C72: =MAX(0, Attendance!C108 - TIME(9, 0, 0)) * 24 * A72 -> 1234.5679 | D72: =MAX(0, Attendance!D108 - TIME(18, 0, 0)) * 24 * 1.5 * A72 -> 9333.3333 | E72: =IF(AND(Attendance!E108<>"Friday", Attendance!C108<>""), B72, 0) -> 3846.1538 | F72: =Attendance!B72 -> حيدر محمد | G72: =Attendance!A108 -> 46125 | H72: =IFERROR(__xludf.DUMMYFUNCTION("REGEXREPLACE(F72, ""\d+$"", """")"),"حيدر محمد") -> حيدر محمد
A73: =VLOOKUP(F73, Employees!$A$2:$C957, 3, FALSE) -> 1481.4815 | B73: =100000 / (DAY(EOMONTH(Attendance!A109,0)) - 4) -> 3846.1538 | C73: =MAX(0, Attendance!C109 - TIME(9, 0, 0)) * 24 * A73 -> 493.82716 | D73: =MAX(0, Attendance!D109 - TIME(18, 0, 0)) * 24 * 1.5 * A73 -> 1703.7037 | E73: =IF(AND(Attendance!E109<>"Friday", Attendance!C109<>""), B73, 0) -> 3846.1538 | F73: =Attendance!B73 -> حيدر محمد | G73: =Attendance!A109 -> 46126 | H73: =IFERROR(__xludf.DUMMYFUNCTION("REGEXREPLACE(F73, ""\d+$"", """")"),"حيدر محمد") -> حيدر محمد
A74: =VLOOKUP(F74, Employees!$A$2:$C957, 3, FALSE) -> 1481.4815 | B74: =100000 / (DAY(EOMONTH(Attendance!A110,0)) - 4) -> 3846.1538 | C74: =MAX(0, Attendance!C110 - TIME(9, 0, 0)) * 24 * A74 -> 839.50617 | D74: =MAX(0, Attendance!D110 - TIME(18, 0, 0)) * 24 * 1.5 * A74 -> 6814.8148 | E74: =IF(AND(Attendance!E110<>"Friday", Attendance!C110<>""), B74, 0) -> 3846.1538 | F74: =Attendance!B74 -> حيدر محمد | G74: =Attendance!A110 -> 46127 | H74: =IFERROR(__xludf.DUMMYFUNCTION("REGEXREPLACE(F74, ""\d+$"", """")"),"حيدر محمد") -> حيدر محمد
A75: =VLOOKUP(F75, Employees!$A$2:$C957, 3, FALSE) -> 1481.4815 | B75: =100000 / (DAY(EOMONTH(Attendance!A111,0)) - 4) -> 3846.1538 | C75: =MAX(0, Attendance!C111 - TIME(9, 0, 0)) * 24 * A75 -> 543.20988 | D75: =MAX(0, Attendance!D111 - TIME(18, 0, 0)) * 24 * 1.5 * A75 -> 8666.6667 | E75: =IF(AND(Attendance!E111<>"Friday", Attendance!C111<>""), B75, 0) -> 3846.1538 | F75: =Attendance!B75 -> حيدر محمد | G75: =Attendance!A111 -> 46128 | H75: =IFERROR(__xludf.DUMMYFUNCTION("REGEXREPLACE(F75, ""\d+$"", """")"),"حيدر محمد") -> حيدر محمد
A76: =VLOOKUP(F76, Employees!$A$2:$C957, 3, FALSE) -> 1481.4815 | B76: =100000 / (DAY(EOMONTH(Attendance!A112,0)) - 4) -> 3846.1538 | C76: =MAX(0, Attendance!C112 - TIME(9, 0, 0)) * 24 * A76 -> 1407.4074 | D76: =MAX(0, Attendance!D112 - TIME(18, 0, 0)) * 24 * 1.5 * A76 -> 2555.5556 | E76: =IF(AND(Attendance!E112<>"Friday", Attendance!C112<>""), B76, 0) -> 3846.1538 | F76: =Attendance!B76 -> حيدر محمد | G76: =Attendance!A112 -> 46129 | H76: =IFERROR(__xludf.DUMMYFUNCTION("REGEXREPLACE(F76, ""\d+$"", """")"),"حيدر محمد") -> حيدر محمد
A77: =VLOOKUP(F77, Employees!$A$2:$C957, 3, FALSE) -> 1481.4815 | B77: =100000 / (DAY(EOMONTH(Attendance!A113,0)) - 4) -> 3846.1538 | C77: =MAX(0, Attendance!C113 - TIME(9, 0, 0)) * 24 * A77 -> 5555.5556 | D77: =MAX(0, Attendance!D113 - TIME(18, 0, 0)) * 24 * 1.5 * A77 -> 3888.8889 | E77: =IF(AND(Attendance!E113<>"Friday", Attendance!C113<>""), B77, 0) -> 3846.1538 | F77: =Attendance!B77 -> حيدر محمد | G77: =Attendance!A113 -> 46130 | H77: =IFERROR(__xludf.DUMMYFUNCTION("REGEXREPLACE(F77, ""\d+$"", """")"),"حيدر محمد") -> حيدر محمد
A78: =VLOOKUP(F78, Employees!$A$2:$C957, 3, FALSE) -> 1481.4815 | B78: =100000 / (DAY(EOMONTH(Attendance!A114,0)) - 4) -> 3846.1538 | C78: =MAX(0, Attendance!C114 - TIME(9, 0, 0)) * 24 * A78 -> 1407.4074 | D78: =MAX(0, Attendance!D114 - TIME(18, 0, 0)) * 24 * 1.5 * A78 -> 1851.8519 | E78: =IF(AND(Attendance!E114<>"Friday", Attendance!C114<>""), B78, 0) -> 3846.1538 | F78: =Attendance!B78 -> حيدر محمد | G78: =Attendance!A114 -> 46131 | H78: =IFERROR(__xludf.DUMMYFUNCTION("REGEXREPLACE(F78, ""\d+$"", """")"),"حيدر محمد") -> حيدر محمد
A79: =VLOOKUP(F79, Employees!$A$2:$C957, 3, FALSE) -> 1481.4815 | B79: =100000 / (DAY(EOMONTH(Attendance!A115,0)) - 4) -> 3846.1538 | C79: =MAX(0, Attendance!C115 - TIME(9, 0, 0)) * 24 * A79 -> 0 | D79: =MAX(0, Attendance!D115 - TIME(18, 0, 0)) * 24 * 1.5 * A79 -> 814.81481 | E79: =IF(AND(Attendance!E115<>"Friday", Attendance!C115<>""), B79, 0) -> 3846.1538 | F79: =Attendance!B79 -> حيدر محمد | G79: =Attendance!A115 -> 46132 | H79: =IFERROR(__xludf.DUMMYFUNCTION("REGEXREPLACE(F79, ""\d+$"", """")"),"حيدر محمد") -> حيدر محمد
A80: =VLOOKUP(F80, Employees!$A$2:$C957, 3, FALSE) -> 1481.4815 | B80: =100000 / (DAY(EOMONTH(Attendance!A116,0)) - 4) -> 3846.1538 | C80: =MAX(0, Attendance!C116 - TIME(9, 0, 0)) * 24 * A80 -> 691.35802 | D80: =MAX(0, Attendance!D116 - TIME(18, 0, 0)) * 24 * 1.5 * A80 -> 4185.1852 | E80: =IF(AND(Attendance!E116<>"Friday", Attendance!C116<>""), B80, 0) -> 3846.1538 | F80: =Attendance!B80 -> حيدر محمد | G80: =Attendance!A116 -> 46133 | H80: =IFERROR(__xludf.DUMMYFUNCTION("REGEXREPLACE(F80, ""\d+$"", """")"),"حيدر محمد") -> حيدر محمد
A81: =VLOOKUP(F81, Employees!$A$2:$C957, 3, FALSE) -> 1481.4815 | B81: =100000 / (DAY(EOMONTH(Attendance!A117,0)) - 4) -> 3703.7037 | C81: =MAX(0, Attendance!C117 - TIME(9, 0, 0)) * 24 * A81 -> 0 | D81: =MAX(0, Attendance!D117 - TIME(18, 0, 0)) * 24 * 1.5 * A81 -> 0 | E81: =IF(AND(Attendance!E117<>"Friday", Attendance!C117<>""), B81, 0) -> 0 | F81: =Attendance!B81 -> حيدر محمد | G81: =Attendance!A117 | H81: =IFERROR(__xludf.DUMMYFUNCTION("REGEXREPLACE(F81, ""\d+$"", """")"),"حيدر محمد") -> حيدر محمد
A82: =VLOOKUP(F82, Employees!$A$2:$C957, 3, FALSE) -> 1481.4815 | B82: =100000 / (DAY(EOMONTH(Attendance!A118,0)) - 4) -> 3846.1538 | C82: =MAX(0, Attendance!C118 - TIME(9, 0, 0)) * 24 * A82 -> 0 | D82: =MAX(0, Attendance!D118 - TIME(18, 0, 0)) * 24 * 1.5 * A82 -> 3777.7778 | E82: =IF(AND(Attendance!E118<>"Friday", Attendance!C118<>""), B82, 0) -> 3846.1538 | F82: =Attendance!B82 -> حيدر محمد | G82: =Attendance!A118 -> 46134 | H82: =IFERROR(__xludf.DUMMYFUNCTION("REGEXREPLACE(F82, ""\d+$"", """")"),"حيدر محمد") -> حيدر محمد
A83: =VLOOKUP(F83, Employees!$A$2:$C957, 3, FALSE) -> 1481.4815 | B83: =100000 / (DAY(EOMONTH(Attendance!A119,0)) - 4) -> 3846.1538 | C83: =MAX(0, Attendance!C119 - TIME(9, 0, 0)) * 24 * A83 -> 3086.4198 | D83: =MAX(0, Attendance!D119 - TIME(18, 0, 0)) * 24 * 1.5 * A83 -> 814.81481 | E83: =IF(AND(Attendance!E119<>"Friday", Attendance!C119<>""), B83, 0) -> 3846.1538 | F83: =Attendance!B83 -> حيدر محمد | G83: =Attendance!A119 -> 46135 | H83: =IFERROR(__xludf.DUMMYFUNCTION("REGEXREPLACE(F83, ""\d+$"", """")"),"حيدر محمد") -> حيدر محمد
A84: =VLOOKUP(F84, Employees!$A$2:$C957, 3, FALSE) -> 1481.4815 | B84: =100000 / (DAY(EOMONTH(Attendance!A120,0)) - 4) -> 3846.1538 | C84: =MAX(0, Attendance!C120 - TIME(9, 0, 0)) * 24 * A84 -> 567.90123 | D84: =MAX(0, Attendance!D120 - TIME(18, 0, 0)) * 24 * 1.5 * A84 -> 4555.5556 | E84: =IF(AND(Attendance!E120<>"Friday", Attendance!C120<>""), B84, 0) -> 3846.1538 | F84: =Attendance!B84 -> حيدر محمد | G84: =Attendance!A120 -> 46136 | H84: =IFERROR(__xludf.DUMMYFUNCTION("REGEXREPLACE(F84, ""\d+$"", """")"),"حيدر محمد") -> حيدر محمد
A85: =VLOOKUP(F85, Employees!$A$2:$C957, 3, FALSE) -> 1481.4815 | B85: =100000 / (DAY(EOMONTH(Attendance!A121,0)) - 4) -> 3846.1538 | C85: =MAX(0, Attendance!C121 - TIME(9, 0, 0)) * 24 * A85 -> 172.83951 | D85: =MAX(0, Attendance!D121 - TIME(18, 0, 0)) * 24 * 1.5 * A85 -> 148.14815 | E85: =IF(AND(Attendance!E121<>"Friday", Attendance!C121<>""), B85, 0) -> 3846.1538 | F85: =Attendance!B85 -> حيدر محمد | G85: =Attendance!A121 -> 46137 | H85: =IFERROR(__xludf.DUMMYFUNCTION("REGEXREPLACE(F85, ""\d+$"", """")"),"حيدر محمد") -> حيدر محمد
A86: =VLOOKUP(F86, Employees!$A$2:$C957, 3, FALSE) -> 1481.4815 | B86: =100000 / (DAY(EOMONTH(Attendance!A122,0)) - 4) -> 3846.1538 | C86: =MAX(0, Attendance!C122 - TIME(9, 0, 0)) * 24 * A86 -> 0 | D86: =MAX(0, Attendance!D122 - TIME(18, 0, 0)) * 24 * 1.5 * A86 -> 6888.8889 | E86: =IF(AND(Attendance!E122<>"Friday", Attendance!C122<>""), B86, 0) -> 3846.1538 | F86: =Attendance!B86 -> حيدر محمد | G86: =Attendance!A122 -> 46138 | H86: =IFERROR(__xludf.DUMMYFUNCTION("REGEXREPLACE(F86, ""\d+$"", """")"),"حيدر محمد") -> حيدر محمد
A87: =VLOOKUP(F87, Employees!$A$2:$C957, 3, FALSE) -> 1481.4815 | B87: =100000 / (DAY(EOMONTH(Attendance!A123,0)) - 4) -> 3846.1538 | C87: =MAX(0, Attendance!C123 - TIME(9, 0, 0)) * 24 * A87 -> 0 | D87: =MAX(0, Attendance!D123 - TIME(18, 0, 0)) * 24 * 1.5 * A87 -> 4074.0741 | E87: =IF(AND(Attendance!E123<>"Friday", Attendance!C123<>""), B87, 0) -> 3846.1538 | F87: =Attendance!B87 -> حيدر محمد | G87: =Attendance!A123 -> 46139 | H87: =IFERROR(__xludf.DUMMYFUNCTION("REGEXREPLACE(F87, ""\d+$"", """")"),"حيدر محمد") -> حيدر محمد
A88: =VLOOKUP(F88, Employees!$A$2:$C957, 3, FALSE) -> 2037.037 | B88: =100000 / (DAY(EOMONTH(Attendance!A124,0)) - 4) -> 3846.1538 | C88: =MAX(0, Attendance!C124 - TIME(9, 0, 0)) * 24 * A88 -> 2580.2469 | D88: =MAX(0, Attendance!D124 - TIME(18, 0, 0)) * 24 * 1.5 * A88 -> 7944.4444 | E88: =IF(AND(Attendance!E124<>"Friday", Attendance!C124<>""), B88, 0) -> 3846.1538 | F88: =Attendance!B88 -> خضر عبد الخالق | G88: =Attendance!A124 -> 46140 | H88: =IFERROR(__xludf.DUMMYFUNCTION("REGEXREPLACE(F88, ""\d+$"", """")"),"خضر عبد الخالق") -> خضر عبد الخالق
A89: =VLOOKUP(F89, Employees!$A$2:$C957, 3, FALSE) -> 2037.037 | B89: =100000 / (DAY(EOMONTH(Attendance!A88,0)) - 4) -> 3846.1538 | C89: =MAX(0, Attendance!C88 - TIME(9, 0, 0)) * 24 * A89 -> 0 | D89: =MAX(0, Attendance!D88 - TIME(18, 0, 0)) * 24 * 1.5 * A89 -> 356.48148 | E89: =IF(AND(Attendance!E88<>"Friday", Attendance!C88<>""), B89, 0) -> 3846.1538 | F89: =Attendance!B89 -> خضر عبد الخالق | G89: =Attendance!A88 -> 46113 | H89: =IFERROR(__xludf.DUMMYFUNCTION("REGEXREPLACE(F89, ""\d+$"", """")"),"خضر عبد الخالق") -> خضر عبد الخالق
A90: =VLOOKUP(F90, Employees!$A$2:$C957, 3, FALSE) -> 2037.037 | B90: =100000 / (DAY(EOMONTH(Attendance!A89,0)) - 4) -> 3846.1538 | C90: =MAX(0, Attendance!C89 - TIME(9, 0, 0)) * 24 * A90 -> 1256.1728 | D90: =MAX(0, Attendance!D89 - TIME(18, 0, 0)) * 24 * 1.5 * A90 -> 0 | E90: =IF(AND(Attendance!E89<>"Friday", Attendance!C89<>""), B90, 0) -> 3846.1538 | F90: =Attendance!B90 -> خضر عبد الخالق | G90: =Attendance!A89 -> 46114 | H90: =IFERROR(__xludf.DUMMYFUNCTION("REGEXREPLACE(F90, ""\d+$"", """")"),"خضر عبد الخالق") -> خضر عبد الخالق
A91: =VLOOKUP(F91, Employees!$A$2:$C957, 3, FALSE) -> 2037.037 | B91: =100000 / (DAY(EOMONTH(Attendance!A90,0)) - 4) -> 3846.1538 | C91: =MAX(0, Attendance!C90 - TIME(9, 0, 0)) * 24 * A91 -> 305.55556 | D91: =MAX(0, Attendance!D90 - TIME(18, 0, 0)) * 24 * 1.5 * A91 -> 0 | E91: =IF(AND(Attendance!E90<>"Friday", Attendance!C90<>""), B91, 0) -> 3846.1538 | F91: =Attendance!B91 -> خضر عبد الخالق | G91: =Attendance!A90 -> 46116 | H91: =IFERROR(__xludf.DUMMYFUNCTION("REGEXREPLACE(F91, ""\d+$"", """")"),"خضر عبد الخالق") -> خضر عبد الخالق
A92: =VLOOKUP(F92, Employees!$A$2:$C957, 3, FALSE) -> 2037.037 | B92: =100000 / (DAY(EOMONTH(Attendance!A91,0)) - 4) -> 3846.1538 | C92: =MAX(0, Attendance!C91 - TIME(9, 0, 0)) * 24 * A92 -> 848.76543 | D92: =MAX(0, Attendance!D91 - TIME(18, 0, 0)) * 24 * 1.5 * A92 -> 662.03704 | E92: =IF(AND(Attendance!E91<>"Friday", Attendance!C91<>""), B92, 0) -> 3846.1538 | F92: =Attendance!B92 -> خضر عبد الخالق | G92: =Attendance!A91 -> 46117 | H92: =IFERROR(__xludf.DUMMYFUNCTION("REGEXREPLACE(F92, ""\d+$"", """")"),"خضر عبد الخالق") -> خضر عبد الخالق
A93: =VLOOKUP(F93, Employees!$A$2:$C957, 3, FALSE) -> 2037.037 | B93: =100000 / (DAY(EOMONTH(Attendance!A92,0)) - 4) -> 3846.1538 | C93: =MAX(0, Attendance!C92 - TIME(9, 0, 0)) * 24 * A93 -> 1154.321 | D93: =MAX(0, Attendance!D92 - TIME(18, 0, 0)) * 24 * 1.5 * A93 -> 916.66667 | E93: =IF(AND(Attendance!E92<>"Friday", Attendance!C92<>""), B93, 0) -> 3846.1538 | F93: =Attendance!B93 -> خضر عبد الخالق | G93: =Attendance!A92 -> 46118 | H93: =IFERROR(__xludf.DUMMYFUNCTION("REGEXREPLACE(F93, ""\d+$"", """")"),"خضر عبد الخالق") -> خضر عبد الخالق
A94: =VLOOKUP(F94, Employees!$A$2:$C957, 3, FALSE) -> 2037.037 | B94: =100000 / (DAY(EOMONTH(Attendance!A93,0)) - 4) -> 3846.1538 | C94: =MAX(0, Attendance!C93 - TIME(9, 0, 0)) * 24 * A94 -> 339.50617 | D94: =MAX(0, Attendance!D93 - TIME(18, 0, 0)) * 24 * 1.5 * A94 -> 712.96296 | E94: =IF(AND(Attendance!E93<>"Friday", Attendance!C93<>""), B94, 0) -> 3846.1538 | F94: =Attendance!B94 -> خضر عبد الخالق | G94: =Attendance!A93 -> 46119 | H94: =IFERROR(__xludf.DUMMYFUNCTION("REGEXREPLACE(F94, ""\d+$"", """")"),"خضر عبد الخالق") -> خضر عبد الخالق
A95: =VLOOKUP(F95, Employees!$A$2:$C957, 3, FALSE) -> 2037.037 | B95: =100000 / (DAY(EOMONTH(Attendance!A94,0)) - 4) -> 3846.1538 | C95: =MAX(0, Attendance!C94 - TIME(9, 0, 0)) * 24 * A95 -> 746.91358 | D95: =MAX(0, Attendance!D94 - TIME(18, 0, 0)) * 24 * 1.5 * A95 -> 0 | E95: =IF(AND(Attendance!E94<>"Friday", Attendance!C94<>""), B95, 0) -> 3846.1538 | F95: =Attendance!B95 -> خضر عبد الخالق | G95: =Attendance!A94 -> 46120 | H95: =IFERROR(__xludf.DUMMYFUNCTION("REGEXREPLACE(F95, ""\d+$"", """")"),"خضر عبد الخالق") -> خضر عبد الخالق
A96: =VLOOKUP(F96, Employees!$A$2:$C957, 3, FALSE) -> 2037.037 | B96: =100000 / (DAY(EOMONTH(Attendance!A95,0)) - 4) -> 3846.1538 | C96: =MAX(0, Attendance!C95 - TIME(9, 0, 0)) * 24 * A96 -> 2274.6914 | D96: =MAX(0, Attendance!D95 - TIME(18, 0, 0)) * 24 * 1.5 * A96 -> 0 | E96: =IF(AND(Attendance!E95<>"Friday", Attendance!C95<>""), B96, 0) -> 3846.1538 | F96: =Attendance!B96 -> خضر عبد الخالق | G96: =Attendance!A95 -> 46121 | H96: =IFERROR(__xludf.DUMMYFUNCTION("REGEXREPLACE(F96, ""\d+$"", """")"),"خضر عبد الخالق") -> خضر عبد الخالق
A97: =VLOOKUP(F97, Employees!$A$2:$C957, 3, FALSE) -> 1666.6667 | B97: =100000 / (DAY(EOMONTH(Attendance!A96,0)) - 4) -> 3846.1538 | C97: =MAX(0, Attendance!C96 - TIME(9, 0, 0)) * 24 * A97 -> 3388.8889 | D97: =MAX(0, Attendance!D96 - TIME(18, 0, 0)) * 24 * 1.5 * A97 -> 0 | E97: =IF(AND(Attendance!E96<>"Friday", Attendance!C96<>""), B97, 0) -> 3846.1538 | F97: =Attendance!B97 -> حيدر يافوز | G97: =Attendance!A96 -> 46123 | H97: =IFERROR(__xludf.DUMMYFUNCTION("REGEXREPLACE(F97, ""\d+$"", """")"),"حيدر يافوز") -> حيدر يافوز
A98: =VLOOKUP(F98, Employees!$A$2:$C957, 3, FALSE) -> 1666.6667 | B98: =100000 / (DAY(EOMONTH(Attendance!A2,0)) - 4) -> 3846.1538 | C98: =MAX(0, Attendance!C2 - TIME(9, 0, 0)) * 24 * A98 -> 638.88889 | D98: =MAX(0, Attendance!D2 - TIME(18, 0, 0)) * 24 * 1.5 * A98 -> 125 | E98: =IF(AND(Attendance!E2<>"Friday", Attendance!C2<>""), B98, 0) -> 3846.1538 | F98: =Attendance!B98 -> حيدر يافوز | G98: =Attendance!A2 -> 46113 | H98: =IFERROR(__xludf.DUMMYFUNCTION("REGEXREPLACE(F98, ""\d+$"", """")"),"حيدر يافوز") -> حيدر يافوز
A99: =VLOOKUP(F99, Employees!$A$2:$C957, 3, FALSE) -> 1666.6667 | B99: =100000 / (DAY(EOMONTH(Attendance!A3,0)) - 4) -> 3846.1538 | C99: =MAX(0, Attendance!C3 - TIME(9, 0, 0)) * 24 * A99 -> 305.55556 | D99: =MAX(0, Attendance!D3 - TIME(18, 0, 0)) * 24 * 1.5 * A99 -> 291.66667 | E99: =IF(AND(Attendance!E3<>"Friday", Attendance!C3<>""), B99, 0) -> 3846.1538 | F99: =Attendance!B99 -> حيدر يافوز | G99: =Attendance!A3 -> 46114 | H99: =IFERROR(__xludf.DUMMYFUNCTION("REGEXREPLACE(F99, ""\d+$"", """")"),"حيدر يافوز") -> حيدر يافوز
A100: =VLOOKUP(F100, Employees!$A$2:$C957, 3, FALSE) -> 1666.6667 | B100: =100000 / (DAY(EOMONTH(Attendance!A4,0)) - 4) -> 3846.1538 | C100: =MAX(0, Attendance!C4 - TIME(9, 0, 0)) * 24 * A100 -> 861.11111 | D100: =MAX(0, Attendance!D4 - TIME(18, 0, 0)) * 24 * 1.5 * A100 -> 333.33333 | E100: =IF(AND(Attendance!E4<>"Friday", Attendance!C4<>""), B100, 0) -> 3846.1538 | F100: =Attendance!B100 -> حيدر يافوز | G100: =Attendance!A4 -> 46116 | H100: =IFERROR(__xludf.DUMMYFUNCTION("REGEXREPLACE(F100, ""\d+$"", """")"),"حيدر يافوز") -> حيدر يافوز
...

Sheet Employees
A1: Name | B1: Salary | C1: سعر الساعة | D1: Advance
A2: حيدر المحاسب | B2: 250000 | C2: =$B2/(Dashboard!$W$10+Dashboard!$W$12)/9 -> 925.92593
A3: حسين سالم | B3: 750000 | C3: =$B3/(Dashboard!$W$10+Dashboard!$W$12)/9 -> 2777.7778
A4: حيدر يافوز | B4: 450000 | C4: =$B4/(Dashboard!$W$10+Dashboard!$W$12)/9 -> 1666.6667
A5: خضر عبد الخالق | B5: 550000 | C5: =$B5/(Dashboard!$W$10+Dashboard!$W$12)/9 -> 2037.037
A6: حيدر محمد | B6: 400000 | C6: =$B6/(Dashboard!$W$10+Dashboard!$W$12)/9 -> 1481.4815
A7: عبدالله هاشم | B7: 400000 | C7: =$B7/(Dashboard!$W$10+Dashboard!$W$12)/9 -> 1481.4815
A8: علي الباكستاني | B8: 400000 | C8: =$B8/(Dashboard!$W$10+Dashboard!$W$12)/9 -> 1481.4815
A9: يوسف احمد | B9: 400000 | C9: =$B9/(Dashboard!$W$10+Dashboard!$W$12)/9 -> 1481.4815
A10: محمد فؤاد سالم | B10: 400000 | C10: =$B10/(Dashboard!$W$10+Dashboard!$W$12)/9 -> 1481.4815
A11: سجاد الحداد | B11: 650000 | C11: =$B11/(Dashboard!$W$10+Dashboard!$W$12)/9 -> 2407.4074
A12: سجاد رعد | B12: 650000 | C12: =$B12/(Dashboard!$W$10+Dashboard!$W$12)/9 -> 2407.4074
A13: عبدالله الاسمر | B13: 650000 | C13: =$B13/(Dashboard!$W$10+Dashboard!$W$12)/9 -> 2407.4074
... A20: احمد امين | B20: 650000 | C20: =$B20/(Dashboard!$W$10+Dashboard!$W$12)/9 -> 2407.4074

Sheet Payslip
A1: 🧾 Salary Slip
B2: 3
A3: Employee | B3: حيدر يافوز
A4: Salary | B4: {=IFERROR(XLOOKUP(B3, Employees!A:A, Employees!B:B), 0)} -> 450000
A5: Delay | B5: =IF(OR(B2="", B3=""), 0, SUMIFS(Calculations!C:C, Calculations!F:F, B3 & B2)) -> 0
A6: Overtime | B6: =IF(OR(B2="", B3=""), 0, SUMIFS(Calculations!D:D, Calculations!F:F, B3 & B2)) -> 0
A7: Transport & Food | B7: =IF(OR(B2="", B3=""), 0, SUMIFS(Calculations!E:E, Calculations!F:F, B3 & B2)) -> 0
A8: Advance | B8: =IF(OR(B2="", B3=""), 0, SUMIFS(#REF!, Attendance!B:B, B3, Attendance!F:F, B2)) -> #N/A
A9: Net Salary | B9: =B4 - B5 + B6 + B7 - B8 -> #N/A

Sheet Data
A1: الاسم | B1: الـتأريخ | C1: الراتب الاسمي | D1: السلفة | E1: الديون | F1: الاضافي | G1: الغرامات | H1: النقل و الطعام | I1: مبلغ ايام الجمعة | J1: مجموع مبلغ التأخير | K1: الراتب الكلي | L1: صافي الراتب | M1: المستلم | N1: راتب الشهر السابق
A2: خضر عبد الخالق | B2: 46113 | C2: 550000 | D2: 0 | E2: 633000 | F2: 2648.1481 | G2: 150000 | H2: 34615.385 | I2: 0 | J2: 11067.901 | K2: 173812.92 | L2: =K2-D2-G2-M2-E2+N2 -> -459187.08 | M2: 250000 | N2: 400000
